LOCATION,INDICATOR,SUBJECT,Subject,MEASURE,FREQUENCY,TIME_PERIOD,OBS_VALUE
AUS,NEET,15_29_WOMEN,15-29 year-old women,PC_AGE,A,1997,20.134134
AUS,NEET,15_29_MEN,15-29 year-old men,PC_AGE,A,1997,12.018188
AUS,NEET,15_29,15-29 year-olds,PC_AGE,A,1997,16.034595
BEL,NEET,15_29,15-29 year-olds,PC_AGE,A,1997,15.246123
BEL,NEET,15_29_WOMEN,15-29 year-old women,PC_AGE,A,1997,19.248022
BEL,NEET,15_29_MEN,15-29 year-old men,PC_AGE,A,1997,11.374912
CAN,NEET,15_29_MEN,15-29 year-old men,PC_AGE,A,1997,14.126516
CAN,NEET,15_29,15-29 year-olds,PC_AGE,A,1997,15.791224
CAN,NEET,15_29_WOMEN,15-29 year-old women,PC_AGE,A,1997,17.504215
CHE,NEET,15_29_MEN,15-29 year-old men,PC_AGE,A,1997,7.7768726
CHE,NEET,15_29_WOMEN,15-29 year-old women,PC_AGE,A,1997,12.71619
CHE,NEET,15_29,15-29 year-olds,PC_AGE,A,1997,10.2391
CZE,NEET,15_29,15-29 year-olds,PC_AGE,A,1997,15.538901
CZE,NEET,15_29_MEN,15-29 year-old men,PC_AGE,A,1997,5.5303106
CZE,NEET,15_29_WOMEN,15-29 year-old women,PC_AGE,A,1997,26.002886
DEU,NEET,15_29,15-29 year-olds,PC_AGE,A,1997,14.311419
DEU,NEET,15_29_WOMEN,15-29 year-old women,PC_AGE,A,1997,18.113207
DEU,NEET,15_29_MEN,15-29 year-old men,PC_AGE,A,1997,10.771675
DNK,NEET,15_29,15-29 year-olds,PC_AGE,A,1997,5.89746
DNK,NEET,15_29_MEN,15-29 year-old men,PC_AGE,A,1997,3.6201091
DNK,NEET,15_29_WOMEN,15-29 year-old women,PC_AGE,A,1997,8.3572369
ESP,NEET,15_29_WOMEN,15-29 year-old women,PC_AGE,A,1997,27.250252
ESP,NEET,15_29,15-29 year-olds,PC_AGE,A,1997,23.224657
ESP,NEET,15_29_MEN,15-29 year-old men,PC_AGE,A,1997,19.228466
FRA,NEET,15_29_MEN,15-29 year-old men,PC_AGE,A,1997,13.910201
FRA,NEET,15_29_WOMEN,15-29 year-old women,PC_AGE,A,1997,21.587418
FRA,NEET,15_29,15-29 year-olds,PC_AGE,A,1997,17.738672
GRC,NEET,15_29,15-29 year-olds,PC_AGE,A,1997,21.778004
GRC,NEET,15_29_MEN,15-29 year-old men,PC_AGE,A,1997,12.739367
GRC,NEET,15_29_WOMEN,15-29 year-old women,PC_AGE,A,1997,30.015375
HUN,NEET,15_29,15-29 year-olds,PC_AGE,A,1997,23.721262
HUN,NEET,15_29_MEN,15-29 year-old men,PC_AGE,A,1997,17.012569
HUN,NEET,15_29_WOMEN,15-29 year-old women,PC_AGE,A,1997,30.281176
LUX,NEET,15_29,15-29 year-olds,PC_AGE,A,1997,11.179894
LUX,NEET,15_29_MEN,15-29 year-old men,PC_AGE,A,1997,5.4343534
LUX,NEET,15_29_WOMEN,15-29 year-old women,PC_AGE,A,1997,17.092356
MEX,NEET,15_29_WOMEN,15-29 year-old women,PC_AGE,A,1997,42.648815
MEX,NEET,15_29,15-29 year-olds,PC_AGE,A,1997,25.43222
MEX,NEET,15_29_MEN,15-29 year-old men,PC_AGE,A,1997,6.5658636
NLD,NEET,15_29,15-29 year-olds,PC_AGE,A,1997,7.8616352
NLD,NEET,15_29_MEN,15-29 year-old men,PC_AGE,A,1997,4.8237476
NLD,NEET,15_29_WOMEN,15-29 year-old women,PC_AGE,A,1997,11.004478
NOR,NEET,15_29_WOMEN,15-29 year-old women,PC_AGE,A,1997,12.271647
NOR,NEET,15_29,15-29 year-olds,PC_AGE,A,1997,8.8461227
NOR,NEET,15_29_MEN,15-29 year-old men,PC_AGE,A,1997,5.5626225
POL,NEET,15_29_WOMEN,15-29 year-old women,PC_AGE,A,1997,24.622356
POL,NEET,15_29_MEN,15-29 year-old men,PC_AGE,A,1997,12.999495
POL,NEET,15_29,15-29 year-olds,PC_AGE,A,1997,18.824123
PRT,NEET,15_29_MEN,15-29 year-old men,PC_AGE,A,1997,10.376249
PRT,NEET,15_29_WOMEN,15-29 year-old women,PC_AGE,A,1997,15.467625
PRT,NEET,15_29,15-29 year-olds,PC_AGE,A,1997,12.875874
SVK,NEET,15_29_WOMEN,15-29 year-old women,PC_AGE,A,1997,28.072933
SVK,NEET,15_29,15-29 year-olds,PC_AGE,A,1997,22.587065
SVK,NEET,15_29_MEN,15-29 year-old men,PC_AGE,A,1997,17.380278
SWE,NEET,15_29_WOMEN,15-29 year-old women,PC_AGE,A,1997,11.89334
SWE,NEET,15_29_MEN,15-29 year-old men,PC_AGE,A,1997,12.148489
SWE,NEET,15_29,15-29 year-olds,PC_AGE,A,1997,12.023903
TUR,NEET,15_29_MEN,15-29 year-old men,PC_AGE,A,1997,15.70008
TUR,NEET,15_29,15-29 year-olds,PC_AGE,A,1997,37.962936
TUR,NEET,15_29_WOMEN,15-29 year-old women,PC_AGE,A,1997,58.907612
USA,NEET,15_29_MEN,15-29 year-old men,PC_AGE,A,1997,8.4360886
USA,NEET,15_29,15-29 year-olds,PC_AGE,A,1997,12.569969
USA,NEET,15_29_WOMEN,15-29 year-old women,PC_AGE,A,1997,16.705244
AUS,NEET,15_29_MEN,15-29 year-old men,PC_AGE,A,1998,10.918011
AUS,NEET,15_29,15-29 year-olds,PC_AGE,A,1998,14.880802
AUS,NEET,15_29_WOMEN,15-29 year-old women,PC_AGE,A,1998,18.932219
BEL,NEET,15_29_WOMEN,15-29 year-old women,PC_AGE,A,1998,18.986061
BEL,NEET,15_29,15-29 year-olds,PC_AGE,A,1998,15.449347
BEL,NEET,15_29_MEN,15-29 year-old men,PC_AGE,A,1998,12.02137
CAN,NEET,15_29_WOMEN,15-29 year-old women,PC_AGE,A,1998,16.565247
CAN,NEET,15_29,15-29 year-olds,PC_AGE,A,1998,15.126329
CAN,NEET,15_29_MEN,15-29 year-old men,PC_AGE,A,1998,13.734467
CHE,NEET,15_29_WOMEN,15-29 year-old women,PC_AGE,A,1998,12.549465
CHE,NEET,15_29_MEN,15-29 year-old men,PC_AGE,A,1998,6.446888
CHE,NEET,15_29,15-29 year-olds,PC_AGE,A,1998,9.5068359
CZE,NEET,15_29,15-29 year-olds,PC_AGE,A,1998,16.299702
CZE,NEET,15_29_MEN,15-29 year-old men,PC_AGE,A,1998,7.1365032
CZE,NEET,15_29_WOMEN,15-29 year-old women,PC_AGE,A,1998,25.875223
DNK,NEET,15_29_MEN,15-29 year-old men,PC_AGE,A,1998,3.7795827
DNK,NEET,15_29_WOMEN,15-29 year-old women,PC_AGE,A,1998,7.5704131
DNK,NEET,15_29,15-29 year-olds,PC_AGE,A,1998,5.6797938
ESP,NEET,15_29_WOMEN,15-29 year-old women,PC_AGE,A,1998,25.113581
ESP,NEET,15_29,15-29 year-olds,PC_AGE,A,1998,20.992861
ESP,NEET,15_29_MEN,15-29 year-old men,PC_AGE,A,1998,16.922493
FRA,NEET,15_29_MEN,15-29 year-old men,PC_AGE,A,1998,13.316681
FRA,NEET,15_29_WOMEN,15-29 year-old women,PC_AGE,A,1998,20.72896
FRA,NEET,15_29,15-29 year-olds,PC_AGE,A,1998,17.012865
GRC,NEET,15_29,15-29 year-olds,PC_AGE,A,1998,23.410681
GRC,NEET,15_29_MEN,15-29 year-old men,PC_AGE,A,1998,14.324217
GRC,NEET,15_29_WOMEN,15-29 year-old women,PC_AGE,A,1998,32.740967
HUN,NEET,15_29,15-29 year-olds,PC_AGE,A,1998,24.232397
HUN,NEET,15_29_MEN,15-29 year-old men,PC_AGE,A,1998,18.42322
HUN,NEET,15_29_WOMEN,15-29 year-old women,PC_AGE,A,1998,29.98028
ITA,NEET,15_29_MEN,15-29 year-old men,PC_AGE,A,1998,21.061138
ITA,NEET,15_29,15-29 year-olds,PC_AGE,A,1998,25.690182
ITA,NEET,15_29_WOMEN,15-29 year-old women,PC_AGE,A,1998,30.456491
LUX,NEET,15_29,15-29 year-olds,PC_AGE,A,1998,10.454355
LUX,NEET,15_29_WOMEN,15-29 year-old women,PC_AGE,A,1998,16.738451
LUX,NEET,15_29_MEN,15-29 year-old men,PC_AGE,A,1998,4.3667145
MEX,NEET,15_29,15-29 year-olds,PC_AGE,A,1998,25.230703
MEX,NEET,15_29_MEN,15-29 year-old men,PC_AGE,A,1998,6.4825187
MEX,NEET,15_29_WOMEN,15-29 year-old women,PC_AGE,A,1998,42.722866
NLD,NEET,15_29,15-29 year-olds,PC_AGE,A,1998,7.3967338
NLD,NEET,15_29_MEN,15-29 year-old men,PC_AGE,A,1998,4.6835442
NLD,NEET,15_29_WOMEN,15-29 year-old women,PC_AGE,A,1998,10.174984
NOR,NEET,15_29_MEN,15-29 year-old men,PC_AGE,A,1998,4.5707917
NOR,NEET,15_29_WOMEN,15-29 year-old women,PC_AGE,A,1998,9.171216
NOR,NEET,15_29,15-29 year-olds,PC_AGE,A,1998,6.8273287
POL,NEET,15_29_MEN,15-29 year-old men,PC_AGE,A,1998,12.161497
POL,NEET,15_29,15-29 year-olds,PC_AGE,A,1998,17.580387
POL,NEET,15_29_WOMEN,15-29 year-old women,PC_AGE,A,1998,23.008631
PRT,NEET,15_29_MEN,15-29 year-old men,PC_AGE,A,1998,9.0940504
PRT,NEET,15_29,15-29 year-olds,PC_AGE,A,1998,12.117728
PRT,NEET,15_29_WOMEN,15-29 year-old women,PC_AGE,A,1998,15.159234
SVK,NEET,15_29,15-29 year-olds,PC_AGE,A,1998,23.755053
SVK,NEET,15_29_WOMEN,15-29 year-old women,PC_AGE,A,1998,27.89253
SVK,NEET,15_29_MEN,15-29 year-old men,PC_AGE,A,1998,19.76326
SWE,NEET,15_29_MEN,15-29 year-old men,PC_AGE,A,1998,9.5136166
SWE,NEET,15_29,15-29 year-olds,PC_AGE,A,1998,9.3701649
SWE,NEET,15_29_WOMEN,15-29 year-old women,PC_AGE,A,1998,9.2193718
TUR,NEET,15_29_WOMEN,15-29 year-old women,PC_AGE,A,1998,56.674847
TUR,NEET,15_29_MEN,15-29 year-old men,PC_AGE,A,1998,14.177693
TUR,NEET,15_29,15-29 year-olds,PC_AGE,A,1998,35.147999
USA,NEET,15_29_MEN,15-29 year-old men,PC_AGE,A,1998,8.2753201
USA,NEET,15_29,15-29 year-olds,PC_AGE,A,1998,12.225907
USA,NEET,15_29_WOMEN,15-29 year-old women,PC_AGE,A,1998,16.183405
AUS,NEET,15_29_WOMEN,15-29 year-old women,PC_AGE,A,1999,17.662148
AUS,NEET,15_29_MEN,15-29 year-old men,PC_AGE,A,1999,9.6799431
AUS,NEET,15_29,15-29 year-olds,PC_AGE,A,1999,13.637552
BEL,NEET,15_29_WOMEN,15-29 year-old women,PC_AGE,A,1999,16.959541
BEL,NEET,15_29_MEN,15-29 year-old men,PC_AGE,A,1999,11.756596
BEL,NEET,15_29,15-29 year-olds,PC_AGE,A,1999,14.318655
CAN,NEET,15_29_MEN,15-29 year-old men,PC_AGE,A,1999,12.77289
CAN,NEET,15_29_WOMEN,15-29 year-old women,PC_AGE,A,1999,15.397574
CAN,NEET,15_29,15-29 year-olds,PC_AGE,A,1999,14.063276
CHE,NEET,15_29_WOMEN,15-29 year-old women,PC_AGE,A,1999,11.052215
CHE,NEET,15_29,15-29 year-olds,PC_AGE,A,1999,8.7461214
CHE,NEET,15_29_MEN,15-29 year-old men,PC_AGE,A,1999,6.4011602
CZE,NEET,15_29_MEN,15-29 year-old men,PC_AGE,A,1999,10.576289
CZE,NEET,15_29_WOMEN,15-29 year-old women,PC_AGE,A,1999,27.821451
CZE,NEET,15_29,15-29 year-olds,PC_AGE,A,1999,19.010744
DEU,NEET,15_29_WOMEN,15-29 year-old women,PC_AGE,A,1999,16.456827
DEU,NEET,15_29,15-29 year-olds,PC_AGE,A,1999,13.219603
DEU,NEET,15_29_MEN,15-29 year-old men,PC_AGE,A,1999,10.141648
DNK,NEET,15_29,15-29 year-olds,PC_AGE,A,1999,6.5008025
DNK,NEET,15_29_MEN,15-29 year-old men,PC_AGE,A,1999,4.8759913
DNK,NEET,15_29_WOMEN,15-29 year-old women,PC_AGE,A,1999,8.0519896
ESP,NEET,15_29_WOMEN,15-29 year-old women,PC_AGE,A,1999,24.119013
ESP,NEET,15_29,15-29 year-olds,PC_AGE,A,1999,19.29122
ESP,NEET,15_29_MEN,15-29 year-old men,PC_AGE,A,1999,14.528832
FRA,NEET,15_29_WOMEN,15-29 year-old women,PC_AGE,A,1999,20.701374
FRA,NEET,15_29_MEN,15-29 year-old men,PC_AGE,A,1999,13.615029
FRA,NEET,15_29,15-29 year-olds,PC_AGE,A,1999,17.148434
GRC,NEET,15_29_MEN,15-29 year-old men,PC_AGE,A,1999,13.37464
GRC,NEET,15_29_WOMEN,15-29 year-old women,PC_AGE,A,1999,30.315493
GRC,NEET,15_29,15-29 year-olds,PC_AGE,A,1999,21.763514
HUN,NEET,15_29,15-29 year-olds,PC_AGE,A,1999,22.21525
HUN,NEET,15_29_MEN,15-29 year-old men,PC_AGE,A,1999,16.564442
HUN,NEET,15_29_WOMEN,15-29 year-old women,PC_AGE,A,1999,27.804031
IRL,NEET,15_29_MEN,15-29 year-old men,PC_AGE,A,1999,7.5536113
IRL,NEET,15_29_WOMEN,15-29 year-old women,PC_AGE,A,1999,12.405175
IRL,NEET,15_29,15-29 year-olds,PC_AGE,A,1999,9.9441118
ITA,NEET,15_29_WOMEN,15-29 year-old women,PC_AGE,A,1999,30.459007
ITA,NEET,15_29_MEN,15-29 year-old men,PC_AGE,A,1999,20.363594
ITA,NEET,15_29,15-29 year-olds,PC_AGE,A,1999,25.341173
LUX,NEET,15_29_MEN,15-29 year-old men,PC_AGE,A,1999,4.9447351
LUX,NEET,15_29_WOMEN,15-29 year-old women,PC_AGE,A,1999,15.97445
LUX,NEET,15_29,15-29 year-olds,PC_AGE,A,1999,10.365949
MEX,NEET,15_29_WOMEN,15-29 year-old women,PC_AGE,A,1999,41.616558
MEX,NEET,15_29_MEN,15-29 year-old men,PC_AGE,A,1999,5.3289638
MEX,NEET,15_29,15-29 year-olds,PC_AGE,A,1999,24.094904
NLD,NEET,15_29_WOMEN,15-29 year-old women,PC_AGE,A,1999,9.4827585
NLD,NEET,15_29,15-29 year-olds,PC_AGE,A,1999,6.8211489
NLD,NEET,15_29_MEN,15-29 year-old men,PC_AGE,A,1999,4.2416453
NOR,NEET,15_29,15-29 year-olds,PC_AGE,A,1999,6.1217275
NOR,NEET,15_29_MEN,15-29 year-old men,PC_AGE,A,1999,4.2475591
NOR,NEET,15_29_WOMEN,15-29 year-old women,PC_AGE,A,1999,8.0670013
OAVG,NEET,15_29,15-29 year-olds,PC_AGE,A,1999,15.905884
OAVG,NEET,15_29_MEN,15-29 year-old men,PC_AGE,A,1999,10.927711
OAVG,NEET,15_29_WOMEN,15-29 year-old women,PC_AGE,A,1999,20.944423
POL,NEET,15_29_WOMEN,15-29 year-old women,PC_AGE,A,1999,24.159922
POL,NEET,15_29_MEN,15-29 year-old men,PC_AGE,A,1999,15.723425
POL,NEET,15_29,15-29 year-olds,PC_AGE,A,1999,19.94841
PRT,NEET,15_29_MEN,15-29 year-old men,PC_AGE,A,1999,7.7993765
PRT,NEET,15_29_WOMEN,15-29 year-old women,PC_AGE,A,1999,14.802776
PRT,NEET,15_29,15-29 year-olds,PC_AGE,A,1999,11.284226
SVK,NEET,15_29_WOMEN,15-29 year-old women,PC_AGE,A,1999,29.973761
SVK,NEET,15_29,15-29 year-olds,PC_AGE,A,1999,26.714611
SVK,NEET,15_29_MEN,15-29 year-old men,PC_AGE,A,1999,23.577477
SWE,NEET,15_29_WOMEN,15-29 year-old women,PC_AGE,A,1999,8.4434528
SWE,NEET,15_29_MEN,15-29 year-old men,PC_AGE,A,1999,7.8219872
SWE,NEET,15_29,15-29 year-olds,PC_AGE,A,1999,8.1244774
TUR,NEET,15_29,15-29 year-olds,PC_AGE,A,1999,35.223904
TUR,NEET,15_29_WOMEN,15-29 year-old women,PC_AGE,A,1999,55.810802
TUR,NEET,15_29_MEN,15-29 year-old men,PC_AGE,A,1999,15.747316
USA,NEET,15_29_MEN,15-29 year-old men,PC_AGE,A,1999,9.7002001
USA,NEET,15_29,15-29 year-olds,PC_AGE,A,1999,11.935515
USA,NEET,15_29_WOMEN,15-29 year-old women,PC_AGE,A,1999,14.184398
AUS,NEET,15_29_WOMEN,15-29 year-old women,PC_AGE,A,2000,17.609812
AUS,NEET,15_29_MEN,15-29 year-old men,PC_AGE,A,2000,8.8783627
AUS,NEET,15_29,15-29 year-olds,PC_AGE,A,2000,13.19296
BEL,NEET,15_29_WOMEN,15-29 year-old women,PC_AGE,A,2000,15.275442
BEL,NEET,15_29,15-29 year-olds,PC_AGE,A,2000,12.918994
BEL,NEET,15_29_MEN,15-29 year-old men,PC_AGE,A,2000,10.62948
CAN,NEET,15_29_MEN,15-29 year-old men,PC_AGE,A,2000,12.265372
CAN,NEET,15_29_WOMEN,15-29 year-old women,PC_AGE,A,2000,15.201343
CAN,NEET,15_29,15-29 year-olds,PC_AGE,A,2000,13.706755
CHE,NEET,15_29,15-29 year-olds,PC_AGE,A,2000,8.3455429
CHE,NEET,15_29_MEN,15-29 year-old men,PC_AGE,A,2000,5.5953064
CHE,NEET,15_29_WOMEN,15-29 year-old women,PC_AGE,A,2000,11.154338
CZE,NEET,15_29_MEN,15-29 year-old men,PC_AGE,A,2000,10.559449
CZE,NEET,15_29_WOMEN,15-29 year-old women,PC_AGE,A,2000,26.888567
CZE,NEET,15_29,15-29 year-olds,PC_AGE,A,2000,18.549856
DEU,NEET,15_29_MEN,15-29 year-old men,PC_AGE,A,2000,10.1096
DEU,NEET,15_29_WOMEN,15-29 year-old women,PC_AGE,A,2000,16.679474
DEU,NEET,15_29,15-29 year-olds,PC_AGE,A,2000,13.309676
DNK,NEET,15_29_MEN,15-29 year-old men,PC_AGE,A,2000,4.0088949
DNK,NEET,15_29_WOMEN,15-29 year-old women,PC_AGE,A,2000,7.5884356
DNK,NEET,15_29,15-29 year-olds,PC_AGE,A,2000,5.8439384
ESP,NEET,15_29,15-29 year-olds,PC_AGE,A,2000,15.645872
ESP,NEET,15_29_MEN,15-29 year-old men,PC_AGE,A,2000,11.193555
ESP,NEET,15_29_WOMEN,15-29 year-old women,PC_AGE,A,2000,20.185946
FRA,NEET,15_29,15-29 year-olds,PC_AGE,A,2000,14.991988
FRA,NEET,15_29_MEN,15-29 year-old men,PC_AGE,A,2000,11.501799
FRA,NEET,15_29_WOMEN,15-29 year-old women,PC_AGE,A,2000,18.521683
GBR,NEET,15_29,15-29 year-olds,PC_AGE,A,2000,13.321187
GBR,NEET,15_29_MEN,15-29 year-old men,PC_AGE,A,2000,9.483613
GBR,NEET,15_29_WOMEN,15-29 year-old women,PC_AGE,A,2000,17.279844
GRC,NEET,15_29,15-29 year-olds,PC_AGE,A,2000,21.521215
GRC,NEET,15_29_MEN,15-29 year-old men,PC_AGE,A,2000,13.703424
GRC,NEET,15_29_WOMEN,15-29 year-old women,PC_AGE,A,2000,29.618683
HUN,NEET,15_29_WOMEN,15-29 year-old women,PC_AGE,A,2000,25.647896
HUN,NEET,15_29_MEN,15-29 year-old men,PC_AGE,A,2000,14.656507
HUN,NEET,15_29,15-29 year-olds,PC_AGE,A,2000,20.213612
IRL,NEET,15_29,15-29 year-olds,PC_AGE,A,2000,8.9690275
IRL,NEET,15_29_MEN,15-29 year-old men,PC_AGE,A,2000,6.5152712
IRL,NEET,15_29_WOMEN,15-29 year-old women,PC_AGE,A,2000,11.499207
ITA,NEET,15_29_WOMEN,15-29 year-old women,PC_AGE,A,2000,27.754436
ITA,NEET,15_29_MEN,15-29 year-old men,PC_AGE,A,2000,18.95405
ITA,NEET,15_29,15-29 year-olds,PC_AGE,A,2000,23.294792
LUX,NEET,15_29,15-29 year-olds,PC_AGE,A,2000,8.1047812
LUX,NEET,15_29_MEN,15-29 year-old men,PC_AGE,A,2000,3.355212
LUX,NEET,15_29_WOMEN,15-29 year-old women,PC_AGE,A,2000,12.981985
MEX,NEET,15_29_WOMEN,15-29 year-old women,PC_AGE,A,2000,41.664909
MEX,NEET,15_29,15-29 year-olds,PC_AGE,A,2000,24.628597
MEX,NEET,15_29_MEN,15-29 year-old men,PC_AGE,A,2000,6.1532769
NOR,NEET,15_29_WOMEN,15-29 year-old women,PC_AGE,A,2000,7.9108162
NOR,NEET,15_29,15-29 year-olds,PC_AGE,A,2000,6.952095
NOR,NEET,15_29_MEN,15-29 year-old men,PC_AGE,A,2000,6.0296407
OAVG,NEET,15_29_MEN,15-29 year-old men,PC_AGE,A,2000,10.912126
OAVG,NEET,15_29_WOMEN,15-29 year-old women,PC_AGE,A,2000,20.820888
OAVG,NEET,15_29,15-29 year-olds,PC_AGE,A,2000,15.824174
POL,NEET,15_29_WOMEN,15-29 year-old women,PC_AGE,A,2000,26.671459
POL,NEET,15_29_MEN,15-29 year-old men,PC_AGE,A,2000,17.505365
POL,NEET,15_29,15-29 year-olds,PC_AGE,A,2000,22.077456
PRT,NEET,15_29_MEN,15-29 year-old men,PC_AGE,A,2000,7.1126299
PRT,NEET,15_29,15-29 year-olds,PC_AGE,A,2000,10.52566
PRT,NEET,15_29_WOMEN,15-29 year-old women,PC_AGE,A,2000,13.961621
SVK,NEET,15_29_WOMEN,15-29 year-old women,PC_AGE,A,2000,32.721203
SVK,NEET,15_29_MEN,15-29 year-old men,PC_AGE,A,2000,28.174372
SVK,NEET,15_29,15-29 year-olds,PC_AGE,A,2000,30.405958
SWE,NEET,15_29_WOMEN,15-29 year-old women,PC_AGE,A,2000,8.1696215
SWE,NEET,15_29_MEN,15-29 year-old men,PC_AGE,A,2000,7.6429272
SWE,NEET,15_29,15-29 year-olds,PC_AGE,A,2000,7.8992057
TUR,NEET,15_29,15-29 year-olds,PC_AGE,A,2000,37.831131
TUR,NEET,15_29_WOMEN,15-29 year-old women,PC_AGE,A,2000,59.664528
TUR,NEET,15_29_MEN,15-29 year-old men,PC_AGE,A,2000,17.737257
USA,NEET,15_29,15-29 year-olds,PC_AGE,A,2000,11.705699
USA,NEET,15_29_WOMEN,15-29 year-old women,PC_AGE,A,2000,14.229184
USA,NEET,15_29_MEN,15-29 year-old men,PC_AGE,A,2000,9.2135258
AUS,NEET,15_29_MEN,15-29 year-old men,PC_AGE,A,2001,9.5916271
AUS,NEET,15_29,15-29 year-olds,PC_AGE,A,2001,12.979
AUS,NEET,15_29_WOMEN,15-29 year-old women,PC_AGE,A,2001,16.440781
BEL,NEET,15_29,15-29 year-olds,PC_AGE,A,2001,11.738148
BEL,NEET,15_29_WOMEN,15-29 year-old women,PC_AGE,A,2001,14.725006
BEL,NEET,15_29_MEN,15-29 year-old men,PC_AGE,A,2001,8.8329525
CAN,NEET,15_29,15-29 year-olds,PC_AGE,A,2001,13.080444
CAN,NEET,15_29_WOMEN,15-29 year-old women,PC_AGE,A,2001,14.047936
CAN,NEET,15_29_MEN,15-29 year-old men,PC_AGE,A,2001,12.146529
CHE,NEET,15_29,15-29 year-olds,PC_AGE,A,2001,8.8594475
CHE,NEET,15_29_MEN,15-29 year-old men,PC_AGE,A,2001,6.7256889
CHE,NEET,15_29_WOMEN,15-29 year-old women,PC_AGE,A,2001,11.050865
CZE,NEET,15_29_MEN,15-29 year-old men,PC_AGE,A,2001,9.2576752
CZE,NEET,15_29,15-29 year-olds,PC_AGE,A,2001,17.424421
CZE,NEET,15_29_WOMEN,15-29 year-old women,PC_AGE,A,2001,25.940847
DEU,NEET,15_29_MEN,15-29 year-old men,PC_AGE,A,2001,10.237585
DEU,NEET,15_29,15-29 year-olds,PC_AGE,A,2001,13.089443
DEU,NEET,15_29_WOMEN,15-29 year-old women,PC_AGE,A,2001,16.132944
DNK,NEET,15_29_MEN,15-29 year-old men,PC_AGE,A,2001,4.3002629
DNK,NEET,15_29_WOMEN,15-29 year-old women,PC_AGE,A,2001,8.146594
DNK,NEET,15_29,15-29 year-olds,PC_AGE,A,2001,6.1843839
ESP,NEET,15_29,15-29 year-olds,PC_AGE,A,2001,14.66973
ESP,NEET,15_29_MEN,15-29 year-old men,PC_AGE,A,2001,10.425369
ESP,NEET,15_29_WOMEN,15-29 year-old women,PC_AGE,A,2001,19.057592
FRA,NEET,15_29,15-29 year-olds,PC_AGE,A,2001,14.479424
FRA,NEET,15_29_MEN,15-29 year-old men,PC_AGE,A,2001,10.580112
FRA,NEET,15_29_WOMEN,15-29 year-old women,PC_AGE,A,2001,18.431473
GBR,NEET,15_29_WOMEN,15-29 year-old women,PC_AGE,A,2001,16.822542
GBR,NEET,15_29_MEN,15-29 year-old men,PC_AGE,A,2001,9.4398766
GBR,NEET,15_29,15-29 year-olds,PC_AGE,A,2001,13.058864
GRC,NEET,15_29_MEN,15-29 year-old men,PC_AGE,A,2001,12.595877
GRC,NEET,15_29,15-29 year-olds,PC_AGE,A,2001,19.79446
GRC,NEET,15_29_WOMEN,15-29 year-old women,PC_AGE,A,2001,27.210611
HUN,NEET,15_29_MEN,15-29 year-old men,PC_AGE,A,2001,13.563259
HUN,NEET,15_29_WOMEN,15-29 year-old women,PC_AGE,A,2001,24.045898
HUN,NEET,15_29,15-29 year-olds,PC_AGE,A,2001,18.859238
IRL,NEET,15_29,15-29 year-olds,PC_AGE,A,2001,8.9506502
IRL,NEET,15_29_MEN,15-29 year-old men,PC_AGE,A,2001,6.2348876
IRL,NEET,15_29_WOMEN,15-29 year-old women,PC_AGE,A,2001,11.746109
ITA,NEET,15_29_MEN,15-29 year-old men,PC_AGE,A,2001,17.971107
ITA,NEET,15_29,15-29 year-olds,PC_AGE,A,2001,22.157219
ITA,NEET,15_29_WOMEN,15-29 year-old women,PC_AGE,A,2001,26.452375
LUX,NEET,15_29,15-29 year-olds,PC_AGE,A,2001,8.1836967
LUX,NEET,15_29_MEN,15-29 year-old men,PC_AGE,A,2001,4.7892971
LUX,NEET,15_29_WOMEN,15-29 year-old women,PC_AGE,A,2001,11.590197
MEX,NEET,15_29,15-29 year-olds,PC_AGE,A,2001,24.593536
MEX,NEET,15_29_MEN,15-29 year-old men,PC_AGE,A,2001,6.0007749
MEX,NEET,15_29_WOMEN,15-29 year-old women,PC_AGE,A,2001,41.713097
NLD,NEET,15_29,15-29 year-olds,PC_AGE,A,2001,6.7274003
NLD,NEET,15_29_MEN,15-29 year-old men,PC_AGE,A,2001,3.4098816
NLD,NEET,15_29_WOMEN,15-29 year-old women,PC_AGE,A,2001,10.091743
NOR,NEET,15_29_WOMEN,15-29 year-old women,PC_AGE,A,2001,8.6362476
NOR,NEET,15_29_MEN,15-29 year-old men,PC_AGE,A,2001,6.3813739
NOR,NEET,15_29,15-29 year-olds,PC_AGE,A,2001,7.4886303
OAVG,NEET,15_29_WOMEN,15-29 year-old women,PC_AGE,A,2001,19.773594
OAVG,NEET,15_29_MEN,15-29 year-old men,PC_AGE,A,2001,10.525305
OAVG,NEET,15_29,15-29 year-olds,PC_AGE,A,2001,15.108612
POL,NEET,15_29_MEN,15-29 year-old men,PC_AGE,A,2001,17.041388
POL,NEET,15_29,15-29 year-olds,PC_AGE,A,2001,20.697313
POL,NEET,15_29_WOMEN,15-29 year-old women,PC_AGE,A,2001,24.37611
PRT,NEET,15_29_MEN,15-29 year-old men,PC_AGE,A,2001,6.7911663
PRT,NEET,15_29_WOMEN,15-29 year-old women,PC_AGE,A,2001,13.100821
PRT,NEET,15_29,15-29 year-olds,PC_AGE,A,2001,9.9320593
SVK,NEET,15_29_WOMEN,15-29 year-old women,PC_AGE,A,2001,33.093094
SVK,NEET,15_29,15-29 year-olds,PC_AGE,A,2001,31.39106
SVK,NEET,15_29_MEN,15-29 year-old men,PC_AGE,A,2001,29.747753
SWE,NEET,15_29_WOMEN,15-29 year-old women,PC_AGE,A,2001,7.7414765
SWE,NEET,15_29_MEN,15-29 year-old men,PC_AGE,A,2001,6.9520454
SWE,NEET,15_29,15-29 year-olds,PC_AGE,A,2001,7.3366227
TUR,NEET,15_29_WOMEN,15-29 year-old women,PC_AGE,A,2001,60.017971
TUR,NEET,15_29_MEN,15-29 year-old men,PC_AGE,A,2001,19.439852
TUR,NEET,15_29,15-29 year-olds,PC_AGE,A,2001,38.885899
USA,NEET,15_29_MEN,15-29 year-old men,PC_AGE,A,2001,10.150969
USA,NEET,15_29,15-29 year-olds,PC_AGE,A,2001,12.045592
USA,NEET,15_29_WOMEN,15-29 year-old women,PC_AGE,A,2001,13.953934
AUS,NEET,15_29_MEN,15-29 year-old men,PC_AGE,A,2002,9.1697693
AUS,NEET,15_29,15-29 year-olds,PC_AGE,A,2002,12.743526
AUS,NEET,15_29_WOMEN,15-29 year-old women,PC_AGE,A,2002,16.405304
BEL,NEET,15_29_WOMEN,15-29 year-old women,PC_AGE,A,2002,16.572124
BEL,NEET,15_29,15-29 year-olds,PC_AGE,A,2002,13.997588
BEL,NEET,15_29_MEN,15-29 year-old men,PC_AGE,A,2002,11.494465
CAN,NEET,15_29_WOMEN,15-29 year-old women,PC_AGE,A,2002,14.01715
CAN,NEET,15_29,15-29 year-olds,PC_AGE,A,2002,13.51176
CAN,NEET,15_29_MEN,15-29 year-old men,PC_AGE,A,2002,13.022662
CHE,NEET,15_29_WOMEN,15-29 year-old women,PC_AGE,A,2002,11.193977
CHE,NEET,15_29,15-29 year-olds,PC_AGE,A,2002,9.5061941
CHE,NEET,15_29_MEN,15-29 year-old men,PC_AGE,A,2002,7.8346839
CZE,NEET,15_29,15-29 year-olds,PC_AGE,A,2002,16.904242
CZE,NEET,15_29_MEN,15-29 year-old men,PC_AGE,A,2002,8.7705412
CZE,NEET,15_29_WOMEN,15-29 year-old women,PC_AGE,A,2002,25.381876
DEU,NEET,15_29_MEN,15-29 year-old men,PC_AGE,A,2002,10.020025
DEU,NEET,15_29_WOMEN,15-29 year-old women,PC_AGE,A,2002,15.331042
DEU,NEET,15_29,15-29 year-olds,PC_AGE,A,2002,12.621109
DNK,NEET,15_29_MEN,15-29 year-old men,PC_AGE,A,2002,4.2314634
DNK,NEET,15_29_WOMEN,15-29 year-old women,PC_AGE,A,2002,6.9111061
DNK,NEET,15_29,15-29 year-olds,PC_AGE,A,2002,5.5828538
ESP,NEET,15_29_WOMEN,15-29 year-old women,PC_AGE,A,2002,19.03133
ESP,NEET,15_29,15-29 year-olds,PC_AGE,A,2002,14.975956
ESP,NEET,15_29_MEN,15-29 year-old men,PC_AGE,A,2002,11.100866
FRA,NEET,15_29_MEN,15-29 year-old men,PC_AGE,A,2002,11.868127
FRA,NEET,15_29_WOMEN,15-29 year-old women,PC_AGE,A,2002,17.649111
FRA,NEET,15_29,15-29 year-olds,PC_AGE,A,2002,14.736425
GBR,NEET,15_29_WOMEN,15-29 year-old women,PC_AGE,A,2002,18.231985
GBR,NEET,15_29_MEN,15-29 year-old men,PC_AGE,A,2002,9.3292542
GBR,NEET,15_29,15-29 year-olds,PC_AGE,A,2002,13.313821
GRC,NEET,15_29,15-29 year-olds,PC_AGE,A,2002,20.13822
GRC,NEET,15_29_MEN,15-29 year-old men,PC_AGE,A,2002,12.894217
GRC,NEET,15_29_WOMEN,15-29 year-old women,PC_AGE,A,2002,27.576178
HUN,NEET,15_29_WOMEN,15-29 year-old women,PC_AGE,A,2002,24.462223
HUN,NEET,15_29,15-29 year-olds,PC_AGE,A,2002,19.493202
HUN,NEET,15_29_MEN,15-29 year-old men,PC_AGE,A,2002,14.341274
IRL,NEET,15_29,15-29 year-olds,PC_AGE,A,2002,10.294398
IRL,NEET,15_29_MEN,15-29 year-old men,PC_AGE,A,2002,8.2620049
IRL,NEET,15_29_WOMEN,15-29 year-old women,PC_AGE,A,2002,12.367224
ISR,NEET,15_29_WOMEN,15-29 year-old women,PC_AGE,A,2002,30.859018
ISR,NEET,15_29_MEN,15-29 year-old men,PC_AGE,A,2002,32.033997
ISR,NEET,15_29,15-29 year-olds,PC_AGE,A,2002,31.457703
ITA,NEET,15_29_MEN,15-29 year-old men,PC_AGE,A,2002,16.307465
ITA,NEET,15_29_WOMEN,15-29 year-old women,PC_AGE,A,2002,25.146374
ITA,NEET,15_29,15-29 year-olds,PC_AGE,A,2002,20.669525
LUX,NEET,15_29,15-29 year-olds,PC_AGE,A,2002,7.4769335
LUX,NEET,15_29_WOMEN,15-29 year-old women,PC_AGE,A,2002,11.510119
LUX,NEET,15_29_MEN,15-29 year-old men,PC_AGE,A,2002,3.4582384
LVA,NEET,15_29,15-29 year-olds,PC_AGE,A,2002,17.464884
LVA,NEET,15_29_WOMEN,15-29 year-old women,PC_AGE,A,2002,21.470533
LVA,NEET,15_29_MEN,15-29 year-old men,PC_AGE,A,2002,13.518171
MEX,NEET,15_29_MEN,15-29 year-old men,PC_AGE,A,2002,6.3542137
MEX,NEET,15_29,15-29 year-olds,PC_AGE,A,2002,24.238504
MEX,NEET,15_29_WOMEN,15-29 year-old women,PC_AGE,A,2002,40.622021
NLD,NEET,15_29_WOMEN,15-29 year-old women,PC_AGE,A,2002,9.907341
NLD,NEET,15_29,15-29 year-olds,PC_AGE,A,2002,7.0675106
NLD,NEET,15_29_MEN,15-29 year-old men,PC_AGE,A,2002,4.3025675
NOR,NEET,15_29_WOMEN,15-29 year-old women,PC_AGE,A,2002,9.0904484
NOR,NEET,15_29_MEN,15-29 year-old men,PC_AGE,A,2002,6.9363966
NOR,NEET,15_29,15-29 year-olds,PC_AGE,A,2002,8.0097742
OAVG,NEET,15_29_WOMEN,15-29 year-old women,PC_AGE,A,2002,20.110323
OAVG,NEET,15_29_MEN,15-29 year-old men,PC_AGE,A,2002,11.792219
OAVG,NEET,15_29,15-29 year-olds,PC_AGE,A,2002,15.9083
POL,NEET,15_29_MEN,15-29 year-old men,PC_AGE,A,2002,18.399361
POL,NEET,15_29_WOMEN,15-29 year-old women,PC_AGE,A,2002,23.596991
POL,NEET,15_29,15-29 year-olds,PC_AGE,A,2002,20.992304
PRT,NEET,15_29_MEN,15-29 year-old men,PC_AGE,A,2002,8.0364008
PRT,NEET,15_29,15-29 year-olds,PC_AGE,A,2002,10.655678
PRT,NEET,15_29_WOMEN,15-29 year-old women,PC_AGE,A,2002,13.301205
SVK,NEET,15_29,15-29 year-olds,PC_AGE,A,2002,26.808008
SVK,NEET,15_29_WOMEN,15-29 year-old women,PC_AGE,A,2002,29.754555
SVK,NEET,15_29_MEN,15-29 year-old men,PC_AGE,A,2002,23.970417
SWE,NEET,15_29_MEN,15-29 year-old men,PC_AGE,A,2002,7.7310276
SWE,NEET,15_29_WOMEN,15-29 year-old women,PC_AGE,A,2002,8.1715345
SWE,NEET,15_29,15-29 year-olds,PC_AGE,A,2002,7.9464817
TUR,NEET,15_29_WOMEN,15-29 year-old women,PC_AGE,A,2002,59.248169
TUR,NEET,15_29_MEN,15-29 year-old men,PC_AGE,A,2002,21.518599
TUR,NEET,15_29,15-29 year-olds,PC_AGE,A,2002,39.63892
USA,NEET,15_29_MEN,15-29 year-old men,PC_AGE,A,2002,11.69148
USA,NEET,15_29,15-29 year-olds,PC_AGE,A,2002,13.370283
USA,NEET,15_29_WOMEN,15-29 year-old women,PC_AGE,A,2002,15.059447
AUS,NEET,15_29,15-29 year-olds,PC_AGE,A,2003,12.591039
AUS,NEET,15_29_MEN,15-29 year-old men,PC_AGE,A,2003,9.3010416
AUS,NEET,15_29_WOMEN,15-29 year-old women,PC_AGE,A,2003,15.944478
BEL,NEET,15_29_WOMEN,15-29 year-old women,PC_AGE,A,2003,16.21771
BEL,NEET,15_29_MEN,15-29 year-old men,PC_AGE,A,2003,12.562121
BEL,NEET,15_29,15-29 year-olds,PC_AGE,A,2003,14.364562
CAN,NEET,15_29_WOMEN,15-29 year-old women,PC_AGE,A,2003,13.527678
CAN,NEET,15_29,15-29 year-olds,PC_AGE,A,2003,12.872084
CAN,NEET,15_29_MEN,15-29 year-old men,PC_AGE,A,2003,12.239089
CHE,NEET,15_29,15-29 year-olds,PC_AGE,A,2003,11.43031
CHE,NEET,15_29_MEN,15-29 year-old men,PC_AGE,A,2003,9.3219137
CHE,NEET,15_29_WOMEN,15-29 year-old women,PC_AGE,A,2003,13.548904
CZE,NEET,15_29_WOMEN,15-29 year-old women,PC_AGE,A,2003,25.046257
CZE,NEET,15_29,15-29 year-olds,PC_AGE,A,2003,16.877514
CZE,NEET,15_29_MEN,15-29 year-old men,PC_AGE,A,2003,9.0435705
DEU,NEET,15_29,15-29 year-olds,PC_AGE,A,2003,12.862095
DEU,NEET,15_29_MEN,15-29 year-old men,PC_AGE,A,2003,10.819757
DEU,NEET,15_29_WOMEN,15-29 year-old women,PC_AGE,A,2003,14.991373
DNK,NEET,15_29_MEN,15-29 year-old men,PC_AGE,A,2003,6.7076464
DNK,NEET,15_29_WOMEN,15-29 year-old women,PC_AGE,A,2003,11.133918
DNK,NEET,15_29,15-29 year-olds,PC_AGE,A,2003,8.8914499
ESP,NEET,15_29,15-29 year-olds,PC_AGE,A,2003,15.021785
ESP,NEET,15_29_MEN,15-29 year-old men,PC_AGE,A,2003,11.317286
ESP,NEET,15_29_WOMEN,15-29 year-old women,PC_AGE,A,2003,18.930531
EST,NEET,15_29_MEN,15-29 year-old men,PC_AGE,A,2003,13.361067
EST,NEET,15_29,15-29 year-olds,PC_AGE,A,2003,15.123198
EST,NEET,15_29_WOMEN,15-29 year-old women,PC_AGE,A,2003,16.927654
FIN,NEET,15_29_MEN,15-29 year-old men,PC_AGE,A,2003,10.661741
FIN,NEET,15_29,15-29 year-olds,PC_AGE,A,2003,11.6391
FIN,NEET,15_29_WOMEN,15-29 year-old women,PC_AGE,A,2003,12.613408
FRA,NEET,15_29,15-29 year-olds,PC_AGE,A,2003,14.11736
FRA,NEET,15_29_MEN,15-29 year-old men,PC_AGE,A,2003,11.735409
FRA,NEET,15_29_WOMEN,15-29 year-old women,PC_AGE,A,2003,16.483028
GBR,NEET,15_29_MEN,15-29 year-old men,PC_AGE,A,2003,10.126361
GBR,NEET,15_29,15-29 year-olds,PC_AGE,A,2003,13.649643
GBR,NEET,15_29_WOMEN,15-29 year-old women,PC_AGE,A,2003,17.300253
GRC,NEET,15_29_WOMEN,15-29 year-old women,PC_AGE,A,2003,25.952805
GRC,NEET,15_29,15-29 year-olds,PC_AGE,A,2003,19.378819
GRC,NEET,15_29_MEN,15-29 year-old men,PC_AGE,A,2003,12.996272
HUN,NEET,15_29_MEN,15-29 year-old men,PC_AGE,A,2003,14.036093
HUN,NEET,15_29_WOMEN,15-29 year-old women,PC_AGE,A,2003,23.573856
HUN,NEET,15_29,15-29 year-olds,PC_AGE,A,2003,18.831015
IRL,NEET,15_29_MEN,15-29 year-old men,PC_AGE,A,2003,8.5054674
IRL,NEET,15_29_WOMEN,15-29 year-old women,PC_AGE,A,2003,13.107777
IRL,NEET,15_29,15-29 year-olds,PC_AGE,A,2003,10.790169
ISL,NEET,15_29_WOMEN,15-29 year-old women,PC_AGE,A,2003,7.2452922
ISL,NEET,15_29_MEN,15-29 year-old men,PC_AGE,A,2003,6.0674062
ISL,NEET,15_29,15-29 year-olds,PC_AGE,A,2003,6.6455321
ISR,NEET,15_29,15-29 year-olds,PC_AGE,A,2003,32.275288
ISR,NEET,15_29_MEN,15-29 year-old men,PC_AGE,A,2003,32.840336
ISR,NEET,15_29_WOMEN,15-29 year-old women,PC_AGE,A,2003,31.698006
LUX,NEET,15_29,15-29 year-olds,PC_AGE,A,2003,7.02807
LUX,NEET,15_29_MEN,15-29 year-old men,PC_AGE,A,2003,3.8031571
LUX,NEET,15_29_WOMEN,15-29 year-old women,PC_AGE,A,2003,10.263186
LVA,NEET,15_29_MEN,15-29 year-old men,PC_AGE,A,2003,12.903695
LVA,NEET,15_29,15-29 year-olds,PC_AGE,A,2003,16.935297
LVA,NEET,15_29_WOMEN,15-29 year-old women,PC_AGE,A,2003,21.006128
MEX,NEET,15_29,15-29 year-olds,PC_AGE,A,2003,24.757845
MEX,NEET,15_29_MEN,15-29 year-old men,PC_AGE,A,2003,6.8946619
MEX,NEET,15_29_WOMEN,15-29 year-old women,PC_AGE,A,2003,41.589062
NLD,NEET,15_29,15-29 year-olds,PC_AGE,A,2003,7.7114429
NLD,NEET,15_29_MEN,15-29 year-old men,PC_AGE,A,2003,5.5322127
NLD,NEET,15_29_WOMEN,15-29 year-old women,PC_AGE,A,2003,9.9567099
NOR,NEET,15_29,15-29 year-olds,PC_AGE,A,2003,8.7400818
NOR,NEET,15_29_MEN,15-29 year-old men,PC_AGE,A,2003,8.2366629
NOR,NEET,15_29_WOMEN,15-29 year-old women,PC_AGE,A,2003,9.261939
OAVG,NEET,15_29_MEN,15-29 year-old men,PC_AGE,A,2003,11.777273
OAVG,NEET,15_29_WOMEN,15-29 year-old women,PC_AGE,A,2003,18.700648
OAVG,NEET,15_29,15-29 year-olds,PC_AGE,A,2003,15.223758
POL,NEET,15_29_MEN,15-29 year-old men,PC_AGE,A,2003,18.733122
POL,NEET,15_29,15-29 year-olds,PC_AGE,A,2003,20.533424
POL,NEET,15_29_WOMEN,15-29 year-old women,PC_AGE,A,2003,22.372866
PRT,NEET,15_29_WOMEN,15-29 year-old women,PC_AGE,A,2003,13.929883
PRT,NEET,15_29,15-29 year-olds,PC_AGE,A,2003,12.056698
PRT,NEET,15_29_MEN,15-29 year-old men,PC_AGE,A,2003,10.206388
SVK,NEET,15_29,15-29 year-olds,PC_AGE,A,2003,23.864279
SVK,NEET,15_29_MEN,15-29 year-old men,PC_AGE,A,2003,21.97398
SVK,NEET,15_29_WOMEN,15-29 year-old women,PC_AGE,A,2003,25.824156
SVN,NEET,15_29_MEN,15-29 year-old men,PC_AGE,A,2003,9.3807373
SVN,NEET,15_29_WOMEN,15-29 year-old women,PC_AGE,A,2003,10.72827
SVN,NEET,15_29,15-29 year-olds,PC_AGE,A,2003,10.036363
SWE,NEET,15_29_MEN,15-29 year-old men,PC_AGE,A,2003,8.0293989
SWE,NEET,15_29,15-29 year-olds,PC_AGE,A,2003,8.4056606
SWE,NEET,15_29_WOMEN,15-29 year-old women,PC_AGE,A,2003,8.7997704
TUR,NEET,15_29,15-29 year-olds,PC_AGE,A,2003,41.139103
TUR,NEET,15_29_MEN,15-29 year-old men,PC_AGE,A,2003,23.058594
TUR,NEET,15_29_WOMEN,15-29 year-old women,PC_AGE,A,2003,59.632214
USA,NEET,15_29,15-29 year-olds,PC_AGE,A,2003,12.919765
USA,NEET,15_29_WOMEN,15-29 year-old women,PC_AGE,A,2003,14.711692
USA,NEET,15_29_MEN,15-29 year-old men,PC_AGE,A,2003,11.145718
AUS,NEET,15_29_MEN,15-29 year-old men,PC_AGE,A,2004,8.6940012
AUS,NEET,15_29,15-29 year-olds,PC_AGE,A,2004,12.322674
AUS,NEET,15_29_WOMEN,15-29 year-old women,PC_AGE,A,2004,15.998647
AUT,NEET,15_29_WOMEN,15-29 year-old women,PC_AGE,A,2004,13.679596
AUT,NEET,15_29,15-29 year-olds,PC_AGE,A,2004,12.389748
AUT,NEET,15_29_MEN,15-29 year-old men,PC_AGE,A,2004,11.075742
BEL,NEET,15_29_WOMEN,15-29 year-old women,PC_AGE,A,2004,16.09104
BEL,NEET,15_29,15-29 year-olds,PC_AGE,A,2004,13.9872
BEL,NEET,15_29_MEN,15-29 year-old men,PC_AGE,A,2004,11.936418
CAN,NEET,15_29_WOMEN,15-29 year-old women,PC_AGE,A,2004,12.836305
CAN,NEET,15_29,15-29 year-olds,PC_AGE,A,2004,12.98391
CAN,NEET,15_29_MEN,15-29 year-old men,PC_AGE,A,2004,13.126567
CHE,NEET,15_29_MEN,15-29 year-old men,PC_AGE,A,2004,8.1603022
CHE,NEET,15_29,15-29 year-olds,PC_AGE,A,2004,10.187387
CHE,NEET,15_29_WOMEN,15-29 year-old women,PC_AGE,A,2004,12.266409
CZE,NEET,15_29_MEN,15-29 year-old men,PC_AGE,A,2004,9.9111099
CZE,NEET,15_29_WOMEN,15-29 year-old women,PC_AGE,A,2004,24.75696
CZE,NEET,15_29,15-29 year-olds,PC_AGE,A,2004,17.177551
DEU,NEET,15_29,15-29 year-olds,PC_AGE,A,2004,13.454344
DEU,NEET,15_29_MEN,15-29 year-old men,PC_AGE,A,2004,11.628409
DEU,NEET,15_29_WOMEN,15-29 year-old women,PC_AGE,A,2004,15.33543
DNK,NEET,15_29_MEN,15-29 year-old men,PC_AGE,A,2004,6.2752366
DNK,NEET,15_29_WOMEN,15-29 year-old women,PC_AGE,A,2004,10.979314
DNK,NEET,15_29,15-29 year-olds,PC_AGE,A,2004,8.6064711
ESP,NEET,15_29,15-29 year-olds,PC_AGE,A,2004,14.651994
ESP,NEET,15_29_MEN,15-29 year-old men,PC_AGE,A,2004,11.305593
ESP,NEET,15_29_WOMEN,15-29 year-old women,PC_AGE,A,2004,18.173191
EST,NEET,15_29_MEN,15-29 year-old men,PC_AGE,A,2004,13.032331
EST,NEET,15_29,15-29 year-olds,PC_AGE,A,2004,15.337422
EST,NEET,15_29_WOMEN,15-29 year-old women,PC_AGE,A,2004,17.667542
FIN,NEET,15_29_MEN,15-29 year-old men,PC_AGE,A,2004,10.845627
FIN,NEET,15_29,15-29 year-olds,PC_AGE,A,2004,12.363494
FIN,NEET,15_29_WOMEN,15-29 year-old women,PC_AGE,A,2004,13.896487
FRA,NEET,15_29,15-29 year-olds,PC_AGE,A,2004,14.599412
FRA,NEET,15_29_MEN,15-29 year-old men,PC_AGE,A,2004,12.195975
FRA,NEET,15_29_WOMEN,15-29 year-old women,PC_AGE,A,2004,16.992153
GBR,NEET,15_29_MEN,15-29 year-old men,PC_AGE,A,2004,9.7983456
GBR,NEET,15_29_WOMEN,15-29 year-old women,PC_AGE,A,2004,17.041134
GBR,NEET,15_29,15-29 year-olds,PC_AGE,A,2004,13.463719
GRC,NEET,15_29_MEN,15-29 year-old men,PC_AGE,A,2004,13.369488
GRC,NEET,15_29_WOMEN,15-29 year-old women,PC_AGE,A,2004,27.509474
GRC,NEET,15_29,15-29 year-olds,PC_AGE,A,2004,20.396984
HUN,NEET,15_29,15-29 year-olds,PC_AGE,A,2004,17.076838
HUN,NEET,15_29_MEN,15-29 year-old men,PC_AGE,A,2004,12.02412
HUN,NEET,15_29_WOMEN,15-29 year-old women,PC_AGE,A,2004,22.20974
IRL,NEET,15_29,15-29 year-olds,PC_AGE,A,2004,10.71519
IRL,NEET,15_29_MEN,15-29 year-old men,PC_AGE,A,2004,7.9980159
IRL,NEET,15_29_WOMEN,15-29 year-old women,PC_AGE,A,2004,13.476957
ISL,NEET,15_29_MEN,15-29 year-old men,PC_AGE,A,2004,5.4332137
ISL,NEET,15_29_WOMEN,15-29 year-old women,PC_AGE,A,2004,8.5455446
ISL,NEET,15_29,15-29 year-olds,PC_AGE,A,2004,6.9581852
ISR,NEET,15_29_MEN,15-29 year-old men,PC_AGE,A,2004,30.58663
ISR,NEET,15_29_WOMEN,15-29 year-old women,PC_AGE,A,2004,30.480978
ISR,NEET,15_29,15-29 year-olds,PC_AGE,A,2004,30.534721
ITA,NEET,15_29,15-29 year-olds,PC_AGE,A,2004,20.533606
ITA,NEET,15_29_WOMEN,15-29 year-old women,PC_AGE,A,2004,24.093891
ITA,NEET,15_29_MEN,15-29 year-old men,PC_AGE,A,2004,17.064009
LUX,NEET,15_29_WOMEN,15-29 year-old women,PC_AGE,A,2004,11.674881
LUX,NEET,15_29,15-29 year-olds,PC_AGE,A,2004,8.7442093
LUX,NEET,15_29_MEN,15-29 year-old men,PC_AGE,A,2004,5.8737731
LVA,NEET,15_29_WOMEN,15-29 year-old women,PC_AGE,A,2004,21.007116
LVA,NEET,15_29_MEN,15-29 year-old men,PC_AGE,A,2004,14.93859
LVA,NEET,15_29,15-29 year-olds,PC_AGE,A,2004,17.945957
MEX,NEET,15_29_WOMEN,15-29 year-old women,PC_AGE,A,2004,40.43446
MEX,NEET,15_29,15-29 year-olds,PC_AGE,A,2004,24.243135
MEX,NEET,15_29_MEN,15-29 year-old men,PC_AGE,A,2004,6.8419938
NLD,NEET,15_29_MEN,15-29 year-old men,PC_AGE,A,2004,5.7827926
NLD,NEET,15_29,15-29 year-olds,PC_AGE,A,2004,7.5357141
NLD,NEET,15_29_WOMEN,15-29 year-old women,PC_AGE,A,2004,9.3342981
NOR,NEET,15_29_MEN,15-29 year-old men,PC_AGE,A,2004,7.8282576
NOR,NEET,15_29_WOMEN,15-29 year-old women,PC_AGE,A,2004,9.4349403
NOR,NEET,15_29,15-29 year-olds,PC_AGE,A,2004,8.6164799
NZL,NEET,15_29_MEN,15-29 year-old men,PC_AGE,A,2004,7.1135759
NZL,NEET,15_29,15-29 year-olds,PC_AGE,A,2004,12.731203
NZL,NEET,15_29_WOMEN,15-29 year-old women,PC_AGE,A,2004,18.305815
OAVG,NEET,15_29_MEN,15-29 year-old men,PC_AGE,A,2004,11.643217
OAVG,NEET,15_29_WOMEN,15-29 year-old women,PC_AGE,A,2004,18.772754
OAVG,NEET,15_29,15-29 year-olds,PC_AGE,A,2004,15.193491
POL,NEET,15_29_WOMEN,15-29 year-old women,PC_AGE,A,2004,22.198128
POL,NEET,15_29_MEN,15-29 year-old men,PC_AGE,A,2004,18.524912
POL,NEET,15_29,15-29 year-olds,PC_AGE,A,2004,20.341841
PRT,NEET,15_29_MEN,15-29 year-old men,PC_AGE,A,2004,10.671086
PRT,NEET,15_29_WOMEN,15-29 year-old women,PC_AGE,A,2004,14.763851
PRT,NEET,15_29,15-29 year-olds,PC_AGE,A,2004,12.696774
SVK,NEET,15_29_WOMEN,15-29 year-old women,PC_AGE,A,2004,25.383101
SVK,NEET,15_29_MEN,15-29 year-old men,PC_AGE,A,2004,18.279947
SVK,NEET,15_29,15-29 year-olds,PC_AGE,A,2004,21.789726
SVN,NEET,15_29_WOMEN,15-29 year-old women,PC_AGE,A,2004,10.439106
SVN,NEET,15_29,15-29 year-olds,PC_AGE,A,2004,9.2399216
SVN,NEET,15_29_MEN,15-29 year-old men,PC_AGE,A,2004,8.1103563
SWE,NEET,15_29_WOMEN,15-29 year-old women,PC_AGE,A,2004,9.4906797
SWE,NEET,15_29_MEN,15-29 year-old men,PC_AGE,A,2004,9.5791883
SWE,NEET,15_29,15-29 year-olds,PC_AGE,A,2004,9.5359077
TUR,NEET,15_29_WOMEN,15-29 year-old women,PC_AGE,A,2004,61.173817
TUR,NEET,15_29_MEN,15-29 year-old men,PC_AGE,A,2004,23.361948
TUR,NEET,15_29,15-29 year-olds,PC_AGE,A,2004,41.908875
USA,NEET,15_29_MEN,15-29 year-old men,PC_AGE,A,2004,11.215392
USA,NEET,15_29,15-29 year-olds,PC_AGE,A,2004,13.121114
USA,NEET,15_29_WOMEN,15-29 year-old women,PC_AGE,A,2004,15.057158
AUS,NEET,15_29,15-29 year-olds,PC_AGE,A,2005,11.442005
AUS,NEET,15_29_MEN,15-29 year-old men,PC_AGE,A,2005,8.0487175
AUS,NEET,15_29_WOMEN,15-29 year-old women,PC_AGE,A,2005,14.906169
AUT,NEET,15_29_WOMEN,15-29 year-old women,PC_AGE,A,2005,11.998315
AUT,NEET,15_29_MEN,15-29 year-old men,PC_AGE,A,2005,10.881737
AUT,NEET,15_29,15-29 year-olds,PC_AGE,A,2005,11.440991
BEL,NEET,15_29_WOMEN,15-29 year-old women,PC_AGE,A,2005,16.028833
BEL,NEET,15_29_MEN,15-29 year-old men,PC_AGE,A,2005,12.391514
BEL,NEET,15_29,15-29 year-olds,PC_AGE,A,2005,14.18948
CAN,NEET,15_29_WOMEN,15-29 year-old women,PC_AGE,A,2005,13.12
CAN,NEET,15_29_MEN,15-29 year-old men,PC_AGE,A,2005,11.569479
CAN,NEET,15_29,15-29 year-olds,PC_AGE,A,2005,12.332651
CHE,NEET,15_29,15-29 year-olds,PC_AGE,A,2005,10.43501
CHE,NEET,15_29_MEN,15-29 year-old men,PC_AGE,A,2005,8.9575729
CHE,NEET,15_29_WOMEN,15-29 year-old women,PC_AGE,A,2005,11.962661
CZE,NEET,15_29_WOMEN,15-29 year-old women,PC_AGE,A,2005,23.198246
CZE,NEET,15_29,15-29 year-olds,PC_AGE,A,2005,15.895577
CZE,NEET,15_29_MEN,15-29 year-old men,PC_AGE,A,2005,8.902916
DEU,NEET,15_29,15-29 year-olds,PC_AGE,A,2005,14.703324
DEU,NEET,15_29_MEN,15-29 year-old men,PC_AGE,A,2005,12.35042
DEU,NEET,15_29_WOMEN,15-29 year-old women,PC_AGE,A,2005,17.105743
DNK,NEET,15_29_MEN,15-29 year-old men,PC_AGE,A,2005,7.1182733
DNK,NEET,15_29_WOMEN,15-29 year-old women,PC_AGE,A,2005,9.3640499
DNK,NEET,15_29,15-29 year-olds,PC_AGE,A,2005,8.2216225
ESP,NEET,15_29,15-29 year-olds,PC_AGE,A,2005,17.13669
ESP,NEET,15_29_MEN,15-29 year-old men,PC_AGE,A,2005,13.586231
ESP,NEET,15_29_WOMEN,15-29 year-old women,PC_AGE,A,2005,20.895594
EST,NEET,15_29_MEN,15-29 year-old men,PC_AGE,A,2005,10.105884
EST,NEET,15_29,15-29 year-olds,PC_AGE,A,2005,14.763182
EST,NEET,15_29_WOMEN,15-29 year-old women,PC_AGE,A,2005,19.469559
FIN,NEET,15_29_MEN,15-29 year-old men,PC_AGE,A,2005,9.3366928
FIN,NEET,15_29,15-29 year-olds,PC_AGE,A,2005,10.900252
FIN,NEET,15_29_WOMEN,15-29 year-old women,PC_AGE,A,2005,12.495232
FRA,NEET,15_29,15-29 year-olds,PC_AGE,A,2005,14.519276
FRA,NEET,15_29_MEN,15-29 year-old men,PC_AGE,A,2005,12.386401
FRA,NEET,15_29_WOMEN,15-29 year-old women,PC_AGE,A,2005,16.63439
GBR,NEET,15_29_MEN,15-29 year-old men,PC_AGE,A,2005,10.876059
GBR,NEET,15_29,15-29 year-olds,PC_AGE,A,2005,14.173508
GBR,NEET,15_29_WOMEN,15-29 year-old women,PC_AGE,A,2005,17.395981
GRC,NEET,15_29_WOMEN,15-29 year-old women,PC_AGE,A,2005,26.209927
GRC,NEET,15_29,15-29 year-olds,PC_AGE,A,2005,19.547388
GRC,NEET,15_29_MEN,15-29 year-old men,PC_AGE,A,2005,13.025401
HUN,NEET,15_29_MEN,15-29 year-old men,PC_AGE,A,2005,11.858645
HUN,NEET,15_29_WOMEN,15-29 year-old women,PC_AGE,A,2005,22.750181
HUN,NEET,15_29,15-29 year-olds,PC_AGE,A,2005,17.243181
IRL,NEET,15_29_MEN,15-29 year-old men,PC_AGE,A,2005,7.9837708
IRL,NEET,15_29_WOMEN,15-29 year-old women,PC_AGE,A,2005,13.033101
IRL,NEET,15_29,15-29 year-olds,PC_AGE,A,2005,10.481543
ISL,NEET,15_29_WOMEN,15-29 year-old women,PC_AGE,A,2005,6.8566599
ISL,NEET,15_29_MEN,15-29 year-old men,PC_AGE,A,2005,4.4334898
ISL,NEET,15_29,15-29 year-olds,PC_AGE,A,2005,5.6161132
ISR,NEET,15_29_MEN,15-29 year-old men,PC_AGE,A,2005,30.921749
ISR,NEET,15_29_WOMEN,15-29 year-old women,PC_AGE,A,2005,30.683708
ISR,NEET,15_29,15-29 year-olds,PC_AGE,A,2005,30.801971
ITA,NEET,15_29_WOMEN,15-29 year-old women,PC_AGE,A,2005,25.095194
ITA,NEET,15_29_MEN,15-29 year-old men,PC_AGE,A,2005,17.148844
ITA,NEET,15_29,15-29 year-olds,PC_AGE,A,2005,21.064236
JPN,NEET,15_29_WOMEN,15-29 year-old women,PC_AGE,A,2005,16.577629
JPN,NEET,15_29_MEN,15-29 year-old men,PC_AGE,A,2005,8.3689976
JPN,NEET,15_29,15-29 year-olds,PC_AGE,A,2005,12.403982
LTU,NEET,15_29,15-29 year-olds,PC_AGE,A,2005,11.414634
LTU,NEET,15_29_MEN,15-29 year-old men,PC_AGE,A,2005,10.41399
LTU,NEET,15_29_WOMEN,15-29 year-old women,PC_AGE,A,2005,12.454942
LUX,NEET,15_29,15-29 year-olds,PC_AGE,A,2005,7.3330355
LUX,NEET,15_29_MEN,15-29 year-old men,PC_AGE,A,2005,4.5050845
LUX,NEET,15_29_WOMEN,15-29 year-old women,PC_AGE,A,2005,10.198266
LVA,NEET,15_29_MEN,15-29 year-old men,PC_AGE,A,2005,12.028409
LVA,NEET,15_29,15-29 year-olds,PC_AGE,A,2005,17.229177
LVA,NEET,15_29_WOMEN,15-29 year-old women,PC_AGE,A,2005,22.536491
MEX,NEET,15_29_MEN,15-29 year-old men,PC_AGE,A,2005,8.1628189
MEX,NEET,15_29_WOMEN,15-29 year-old women,PC_AGE,A,2005,37.859997
MEX,NEET,15_29,15-29 year-olds,PC_AGE,A,2005,23.716904
NLD,NEET,15_29,15-29 year-olds,PC_AGE,A,2005,7.2649574
NLD,NEET,15_29_MEN,15-29 year-old men,PC_AGE,A,2005,5.8450704
NLD,NEET,15_29_WOMEN,15-29 year-old women,PC_AGE,A,2005,8.7175789
NOR,NEET,15_29_MEN,15-29 year-old men,PC_AGE,A,2005,7.2497926
NOR,NEET,15_29_WOMEN,15-29 year-old women,PC_AGE,A,2005,8.8828249
NOR,NEET,15_29,15-29 year-olds,PC_AGE,A,2005,8.0551815
NZL,NEET,15_29,15-29 year-olds,PC_AGE,A,2005,11.965304
NZL,NEET,15_29_WOMEN,15-29 year-old women,PC_AGE,A,2005,16.383381
NZL,NEET,15_29_MEN,15-29 year-old men,PC_AGE,A,2005,7.4880381
OAVG,NEET,15_29_WOMEN,15-29 year-old women,PC_AGE,A,2005,18.292586
OAVG,NEET,15_29_MEN,15-29 year-old men,PC_AGE,A,2005,11.278358
OAVG,NEET,15_29,15-29 year-olds,PC_AGE,A,2005,14.774639
POL,NEET,15_29_MEN,15-29 year-old men,PC_AGE,A,2005,15.976982
POL,NEET,15_29,15-29 year-olds,PC_AGE,A,2005,18.37056
POL,NEET,15_29_WOMEN,15-29 year-old women,PC_AGE,A,2005,20.822351
PRT,NEET,15_29_WOMEN,15-29 year-old women,PC_AGE,A,2005,15.083713
PRT,NEET,15_29,15-29 year-olds,PC_AGE,A,2005,12.866458
PRT,NEET,15_29_MEN,15-29 year-old men,PC_AGE,A,2005,10.711679
SVK,NEET,15_29,15-29 year-olds,PC_AGE,A,2005,20.547691
SVK,NEET,15_29_MEN,15-29 year-old men,PC_AGE,A,2005,16.156483
SVK,NEET,15_29_WOMEN,15-29 year-old women,PC_AGE,A,2005,25.08424
SVN,NEET,15_29_MEN,15-29 year-old men,PC_AGE,A,2005,8.5803928
SVN,NEET,15_29_WOMEN,15-29 year-old women,PC_AGE,A,2005,11.625532
SVN,NEET,15_29,15-29 year-olds,PC_AGE,A,2005,10.061885
SWE,NEET,15_29_MEN,15-29 year-old men,PC_AGE,A,2005,9.1205826
SWE,NEET,15_29_WOMEN,15-29 year-old women,PC_AGE,A,2005,9.244566
SWE,NEET,15_29,15-29 year-olds,PC_AGE,A,2005,9.180994
TUR,NEET,15_29_MEN,15-29 year-old men,PC_AGE,A,2005,25.211267
TUR,NEET,15_29_WOMEN,15-29 year-old women,PC_AGE,A,2005,62.135578
TUR,NEET,15_29,15-29 year-olds,PC_AGE,A,2005,43.584148
USA,NEET,15_29_WOMEN,15-29 year-old women,PC_AGE,A,2005,15.137282
USA,NEET,15_29_MEN,15-29 year-old men,PC_AGE,A,2005,11.760801
USA,NEET,15_29,15-29 year-olds,PC_AGE,A,2005,13.434798
AUS,NEET,15_29_WOMEN,15-29 year-old women,PC_AGE,A,2006,14.610741
AUS,NEET,15_29_MEN,15-29 year-old men,PC_AGE,A,2006,8.2606344
AUS,NEET,15_29,15-29 year-olds,PC_AGE,A,2006,11.395142
AUT,NEET,15_29_MEN,15-29 year-old men,PC_AGE,A,2006,10.73005
AUT,NEET,15_29,15-29 year-olds,PC_AGE,A,2006,11.958549
AUT,NEET,15_29_WOMEN,15-29 year-old women,PC_AGE,A,2006,13.180882
BEL,NEET,15_29_MEN,15-29 year-old men,PC_AGE,A,2006,12.523912
BEL,NEET,15_29,15-29 year-olds,PC_AGE,A,2006,13.903902
BEL,NEET,15_29_WOMEN,15-29 year-old women,PC_AGE,A,2006,15.31219
CAN,NEET,15_29_MEN,15-29 year-old men,PC_AGE,A,2006,11.457378
CAN,NEET,15_29,15-29 year-olds,PC_AGE,A,2006,12.016768
CAN,NEET,15_29_WOMEN,15-29 year-old women,PC_AGE,A,2006,12.594697
CHE,NEET,15_29_WOMEN,15-29 year-old women,PC_AGE,A,2006,11.891224
CHE,NEET,15_29_MEN,15-29 year-old men,PC_AGE,A,2006,8.1500349
CHE,NEET,15_29,15-29 year-olds,PC_AGE,A,2006,9.9827404
CZE,NEET,15_29_WOMEN,15-29 year-old women,PC_AGE,A,2006,20.741772
CZE,NEET,15_29,15-29 year-olds,PC_AGE,A,2006,14.068305
CZE,NEET,15_29_MEN,15-29 year-old men,PC_AGE,A,2006,7.6992111
DEU,NEET,15_29_WOMEN,15-29 year-old women,PC_AGE,A,2006,15.816465
DEU,NEET,15_29,15-29 year-olds,PC_AGE,A,2006,13.602721
DEU,NEET,15_29_MEN,15-29 year-old men,PC_AGE,A,2006,11.466645
DNK,NEET,15_29_WOMEN,15-29 year-old women,PC_AGE,A,2006,7.0761819
DNK,NEET,15_29,15-29 year-olds,PC_AGE,A,2006,6.2267218
DNK,NEET,15_29_MEN,15-29 year-old men,PC_AGE,A,2006,5.3996654
ESP,NEET,15_29_MEN,15-29 year-old men,PC_AGE,A,2006,12.553723
ESP,NEET,15_29_WOMEN,15-29 year-old women,PC_AGE,A,2006,19.385227
ESP,NEET,15_29,15-29 year-olds,PC_AGE,A,2006,15.878056
EST,NEET,15_29_MEN,15-29 year-old men,PC_AGE,A,2006,9.0182476
EST,NEET,15_29,15-29 year-olds,PC_AGE,A,2006,11.378634
EST,NEET,15_29_WOMEN,15-29 year-old women,PC_AGE,A,2006,13.794852
FIN,NEET,15_29,15-29 year-olds,PC_AGE,A,2006,10.433372
FIN,NEET,15_29_WOMEN,15-29 year-old women,PC_AGE,A,2006,11.843905
FIN,NEET,15_29_MEN,15-29 year-old men,PC_AGE,A,2006,9.056138
FRA,NEET,15_29_MEN,15-29 year-old men,PC_AGE,A,2006,12.679909
FRA,NEET,15_29_WOMEN,15-29 year-old women,PC_AGE,A,2006,17.600737
FRA,NEET,15_29,15-29 year-olds,PC_AGE,A,2006,15.150719
GBR,NEET,15_29_WOMEN,15-29 year-old women,PC_AGE,A,2006,17.715523
GBR,NEET,15_29,15-29 year-olds,PC_AGE,A,2006,15.114338
GBR,NEET,15_29_MEN,15-29 year-old men,PC_AGE,A,2006,12.44111
GRC,NEET,15_29_WOMEN,15-29 year-old women,PC_AGE,A,2006,23.051716
GRC,NEET,15_29,15-29 year-olds,PC_AGE,A,2006,16.701204
GRC,NEET,15_29_MEN,15-29 year-old men,PC_AGE,A,2006,10.46841
HUN,NEET,15_29,15-29 year-olds,PC_AGE,A,2006,17.044252
HUN,NEET,15_29_MEN,15-29 year-old men,PC_AGE,A,2006,12.806941
HUN,NEET,15_29_WOMEN,15-29 year-old women,PC_AGE,A,2006,21.377028
IRL,NEET,15_29_WOMEN,15-29 year-old women,PC_AGE,A,2006,12.604981
IRL,NEET,15_29,15-29 year-olds,PC_AGE,A,2006,10.397779
IRL,NEET,15_29_MEN,15-29 year-old men,PC_AGE,A,2006,8.2553377
ISL,NEET,15_29_MEN,15-29 year-old men,PC_AGE,A,2006,3.8883567
ISL,NEET,15_29,15-29 year-olds,PC_AGE,A,2006,5.4431047
ISL,NEET,15_29_WOMEN,15-29 year-old women,PC_AGE,A,2006,7.0933933
ISR,NEET,15_29_MEN,15-29 year-old men,PC_AGE,A,2006,30.31558
ISR,NEET,15_29,15-29 year-olds,PC_AGE,A,2006,29.988054
ISR,NEET,15_29_WOMEN,15-29 year-old women,PC_AGE,A,2006,29.658512
ITA,NEET,15_29_WOMEN,15-29 year-old women,PC_AGE,A,2006,23.742392
ITA,NEET,15_29_MEN,15-29 year-old men,PC_AGE,A,2006,16.535662
ITA,NEET,15_29,15-29 year-olds,PC_AGE,A,2006,20.075226
JPN,NEET,15_29_MEN,15-29 year-old men,PC_AGE,A,2006,7.9466233
JPN,NEET,15_29_WOMEN,15-29 year-old women,PC_AGE,A,2006,16.274731
JPN,NEET,15_29,15-29 year-olds,PC_AGE,A,2006,12.038647
LUX,NEET,15_29,15-29 year-olds,PC_AGE,A,2006,8.56042
LUX,NEET,15_29_MEN,15-29 year-old men,PC_AGE,A,2006,6.4416671
LUX,NEET,15_29_WOMEN,15-29 year-old women,PC_AGE,A,2006,10.705957
LVA,NEET,15_29_MEN,15-29 year-old men,PC_AGE,A,2006,10.35219
LVA,NEET,15_29,15-29 year-olds,PC_AGE,A,2006,14.360036
LVA,NEET,15_29_WOMEN,15-29 year-old women,PC_AGE,A,2006,18.448355
MEX,NEET,15_29_WOMEN,15-29 year-old women,PC_AGE,A,2006,37.171024
MEX,NEET,15_29,15-29 year-olds,PC_AGE,A,2006,23.233076
MEX,NEET,15_29_MEN,15-29 year-old men,PC_AGE,A,2006,7.6060209
NLD,NEET,15_29_WOMEN,15-29 year-old women,PC_AGE,A,2006,7.9736648
NLD,NEET,15_29,15-29 year-olds,PC_AGE,A,2006,6.2001452
NLD,NEET,15_29_MEN,15-29 year-old men,PC_AGE,A,2006,4.4572248
NOR,NEET,15_29_MEN,15-29 year-old men,PC_AGE,A,2006,6.536541
NOR,NEET,15_29,15-29 year-olds,PC_AGE,A,2006,7.8947368
NOR,NEET,15_29_WOMEN,15-29 year-old women,PC_AGE,A,2006,9.3001413
NZL,NEET,15_29,15-29 year-olds,PC_AGE,A,2006,11.960715
NZL,NEET,15_29_MEN,15-29 year-old men,PC_AGE,A,2006,7.1900048
NZL,NEET,15_29_WOMEN,15-29 year-old women,PC_AGE,A,2006,16.655069
OAVG,NEET,15_29_MEN,15-29 year-old men,PC_AGE,A,2006,10.865531
OAVG,NEET,15_29_WOMEN,15-29 year-old women,PC_AGE,A,2006,17.654064
OAVG,NEET,15_29,15-29 year-olds,PC_AGE,A,2006,14.251013
POL,NEET,15_29,15-29 year-olds,PC_AGE,A,2006,17.429583
POL,NEET,15_29_WOMEN,15-29 year-old women,PC_AGE,A,2006,19.9069
POL,NEET,15_29_MEN,15-29 year-old men,PC_AGE,A,2006,15.022943
PRT,NEET,15_29_WOMEN,15-29 year-old women,PC_AGE,A,2006,14.664776
PRT,NEET,15_29_MEN,15-29 year-old men,PC_AGE,A,2006,10.183747
PRT,NEET,15_29,15-29 year-olds,PC_AGE,A,2006,12.392595
SVK,NEET,15_29_MEN,15-29 year-old men,PC_AGE,A,2006,14.099825
SVK,NEET,15_29_WOMEN,15-29 year-old women,PC_AGE,A,2006,24.362883
SVK,NEET,15_29,15-29 year-olds,PC_AGE,A,2006,19.12525
SVN,NEET,15_29_WOMEN,15-29 year-old women,PC_AGE,A,2006,12.340079
SVN,NEET,15_29,15-29 year-olds,PC_AGE,A,2006,10.769654
SVN,NEET,15_29_MEN,15-29 year-old men,PC_AGE,A,2006,9.2879419
SWE,NEET,15_29,15-29 year-olds,PC_AGE,A,2006,10.463096
SWE,NEET,15_29_WOMEN,15-29 year-old women,PC_AGE,A,2006,10.388308
SWE,NEET,15_29_MEN,15-29 year-old men,PC_AGE,A,2006,10.534561
TUR,NEET,15_29_MEN,15-29 year-old men,PC_AGE,A,2006,24.926994
TUR,NEET,15_29,15-29 year-olds,PC_AGE,A,2006,42.636936
TUR,NEET,15_29_WOMEN,15-29 year-old women,PC_AGE,A,2006,60.609295
USA,NEET,15_29_WOMEN,15-29 year-old women,PC_AGE,A,2006,14.690506
USA,NEET,15_29_MEN,15-29 year-old men,PC_AGE,A,2006,10.269282
USA,NEET,15_29,15-29 year-olds,PC_AGE,A,2006,12.458967
AUS,NEET,15_29_WOMEN,15-29 year-old women,PC_AGE,A,2007,13.971406
AUS,NEET,15_29_MEN,15-29 year-old men,PC_AGE,A,2007,7.1803341
AUS,NEET,15_29,15-29 year-olds,PC_AGE,A,2007,10.529561
AUT,NEET,15_29_MEN,15-29 year-old men,PC_AGE,A,2007,9.2377405
AUT,NEET,15_29,15-29 year-olds,PC_AGE,A,2007,11.302896
AUT,NEET,15_29_WOMEN,15-29 year-old women,PC_AGE,A,2007,13.356931
BEL,NEET,15_29,15-29 year-olds,PC_AGE,A,2007,12.734346
BEL,NEET,15_29_WOMEN,15-29 year-old women,PC_AGE,A,2007,15.112073
BEL,NEET,15_29_MEN,15-29 year-old men,PC_AGE,A,2007,10.400305
BRA,NEET,15_29,15-29 year-olds,PC_AGE,A,2007,19.93256
BRA,NEET,15_29_MEN,15-29 year-old men,PC_AGE,A,2007,11.458596
BRA,NEET,15_29_WOMEN,15-29 year-old women,PC_AGE,A,2007,28.335184
CAN,NEET,15_29_MEN,15-29 year-old men,PC_AGE,A,2007,11.615245
CAN,NEET,15_29,15-29 year-olds,PC_AGE,A,2007,12.087744
CAN,NEET,15_29_WOMEN,15-29 year-old women,PC_AGE,A,2007,12.573918
CHE,NEET,15_29_WOMEN,15-29 year-old women,PC_AGE,A,2007,11.989288
CHE,NEET,15_29_MEN,15-29 year-old men,PC_AGE,A,2007,8.4361534
CHE,NEET,15_29,15-29 year-olds,PC_AGE,A,2007,10.171865
COL,NEET,15_29,15-29 year-olds,PC_AGE,A,2007,26.659088
COL,NEET,15_29_WOMEN,15-29 year-old women,PC_AGE,A,2007,37.698143
COL,NEET,15_29_MEN,15-29 year-old men,PC_AGE,A,2007,15.45725
CZE,NEET,15_29_MEN,15-29 year-old men,PC_AGE,A,2007,5.3319416
CZE,NEET,15_29_WOMEN,15-29 year-old women,PC_AGE,A,2007,18.489092
CZE,NEET,15_29,15-29 year-olds,PC_AGE,A,2007,11.74424
DEU,NEET,15_29_WOMEN,15-29 year-old women,PC_AGE,A,2007,14.901789
DEU,NEET,15_29,15-29 year-olds,PC_AGE,A,2007,12.578499
DEU,NEET,15_29_MEN,15-29 year-old men,PC_AGE,A,2007,10.334047
DNK,NEET,15_29,15-29 year-olds,PC_AGE,A,2007,7.056663
DNK,NEET,15_29_MEN,15-29 year-old men,PC_AGE,A,2007,6.2383208
DNK,NEET,15_29_WOMEN,15-29 year-old women,PC_AGE,A,2007,7.9018693
ESP,NEET,15_29_WOMEN,15-29 year-old women,PC_AGE,A,2007,19.184134
ESP,NEET,15_29,15-29 year-olds,PC_AGE,A,2007,15.614771
ESP,NEET,15_29_MEN,15-29 year-old men,PC_AGE,A,2007,12.2304
EST,NEET,15_29_MEN,15-29 year-old men,PC_AGE,A,2007,10.080876
EST,NEET,15_29,15-29 year-olds,PC_AGE,A,2007,13.03608
EST,NEET,15_29_WOMEN,15-29 year-old women,PC_AGE,A,2007,16.064066
FIN,NEET,15_29_WOMEN,15-29 year-old women,PC_AGE,A,2007,12.159229
FIN,NEET,15_29_MEN,15-29 year-old men,PC_AGE,A,2007,8.1961203
FIN,NEET,15_29,15-29 year-olds,PC_AGE,A,2007,10.148082
FRA,NEET,15_29,15-29 year-olds,PC_AGE,A,2007,14.470678
FRA,NEET,15_29_WOMEN,15-29 year-old women,PC_AGE,A,2007,16.751875
FRA,NEET,15_29_MEN,15-29 year-old men,PC_AGE,A,2007,12.167993
GBR,NEET,15_29_MEN,15-29 year-old men,PC_AGE,A,2007,11.746177
GBR,NEET,15_29,15-29 year-olds,PC_AGE,A,2007,14.935845
GBR,NEET,15_29_WOMEN,15-29 year-old women,PC_AGE,A,2007,18.057343
GRC,NEET,15_29_MEN,15-29 year-old men,PC_AGE,A,2007,10.72298
GRC,NEET,15_29_WOMEN,15-29 year-old women,PC_AGE,A,2007,22.632759
GRC,NEET,15_29,15-29 year-olds,PC_AGE,A,2007,16.5748
HUN,NEET,15_29,15-29 year-olds,PC_AGE,A,2007,15.614381
HUN,NEET,15_29_MEN,15-29 year-old men,PC_AGE,A,2007,11.314613
HUN,NEET,15_29_WOMEN,15-29 year-old women,PC_AGE,A,2007,20.00639
IRL,NEET,15_29,15-29 year-olds,PC_AGE,A,2007,10.745055
IRL,NEET,15_29_MEN,15-29 year-old men,PC_AGE,A,2007,8.5537577
IRL,NEET,15_29_WOMEN,15-29 year-old women,PC_AGE,A,2007,12.984101
ISL,NEET,15_29_MEN,15-29 year-old men,PC_AGE,A,2007,3.5910735
ISL,NEET,15_29,15-29 year-olds,PC_AGE,A,2007,4.898139
ISL,NEET,15_29_WOMEN,15-29 year-old women,PC_AGE,A,2007,6.3043814
ISR,NEET,15_29,15-29 year-olds,PC_AGE,A,2007,29.706457
ISR,NEET,15_29_MEN,15-29 year-old men,PC_AGE,A,2007,28.126638
ISR,NEET,15_29_WOMEN,15-29 year-old women,PC_AGE,A,2007,31.386349
ITA,NEET,15_29_MEN,15-29 year-old men,PC_AGE,A,2007,16.755741
ITA,NEET,15_29,15-29 year-olds,PC_AGE,A,2007,20.022511
ITA,NEET,15_29_WOMEN,15-29 year-old women,PC_AGE,A,2007,23.400692
JPN,NEET,15_29_MEN,15-29 year-old men,PC_AGE,A,2007,7.574388
JPN,NEET,15_29,15-29 year-olds,PC_AGE,A,2007,11.671296
JPN,NEET,15_29_WOMEN,15-29 year-old women,PC_AGE,A,2007,15.964781
LUX,NEET,15_29_MEN,15-29 year-old men,PC_AGE,A,2007,9.2893753
LUX,NEET,15_29_WOMEN,15-29 year-old women,PC_AGE,A,2007,8.6035976
LUX,NEET,15_29,15-29 year-olds,PC_AGE,A,2007,8.9448242
LVA,NEET,15_29_WOMEN,15-29 year-old women,PC_AGE,A,2007,18.548162
LVA,NEET,15_29_MEN,15-29 year-old men,PC_AGE,A,2007,11.162136
LVA,NEET,15_29,15-29 year-olds,PC_AGE,A,2007,14.799329
MEX,NEET,15_29_WOMEN,15-29 year-old women,PC_AGE,A,2007,36.765583
MEX,NEET,15_29,15-29 year-olds,PC_AGE,A,2007,23.328405
MEX,NEET,15_29_MEN,15-29 year-old men,PC_AGE,A,2007,8.4398136
NLD,NEET,15_29_WOMEN,15-29 year-old women,PC_AGE,A,2007,8.5044355
NLD,NEET,15_29,15-29 year-olds,PC_AGE,A,2007,6.7160082
NLD,NEET,15_29_MEN,15-29 year-old men,PC_AGE,A,2007,4.9663706
NOR,NEET,15_29,15-29 year-olds,PC_AGE,A,2007,7.5164137
NOR,NEET,15_29_MEN,15-29 year-old men,PC_AGE,A,2007,6.2555456
NOR,NEET,15_29_WOMEN,15-29 year-old women,PC_AGE,A,2007,8.830328
NZL,NEET,15_29_MEN,15-29 year-old men,PC_AGE,A,2007,7.4159374
NZL,NEET,15_29,15-29 year-olds,PC_AGE,A,2007,11.966498
NZL,NEET,15_29_WOMEN,15-29 year-old women,PC_AGE,A,2007,16.483768
OAVG,NEET,15_29,15-29 year-olds,PC_AGE,A,2007,14.275716
OAVG,NEET,15_29_MEN,15-29 year-old men,PC_AGE,A,2007,10.606795
OAVG,NEET,15_29_WOMEN,15-29 year-old women,PC_AGE,A,2007,17.974153
POL,NEET,15_29,15-29 year-olds,PC_AGE,A,2007,15.541375
POL,NEET,15_29_WOMEN,15-29 year-old women,PC_AGE,A,2007,18.449867
POL,NEET,15_29_MEN,15-29 year-old men,PC_AGE,A,2007,12.713699
PRT,NEET,15_29_MEN,15-29 year-old men,PC_AGE,A,2007,10.98106
PRT,NEET,15_29_WOMEN,15-29 year-old women,PC_AGE,A,2007,15.936273
PRT,NEET,15_29,15-29 year-olds,PC_AGE,A,2007,13.425179
SVK,NEET,15_29,15-29 year-olds,PC_AGE,A,2007,17.211323
SVK,NEET,15_29_WOMEN,15-29 year-old women,PC_AGE,A,2007,22.83679
SVK,NEET,15_29_MEN,15-29 year-old men,PC_AGE,A,2007,11.809682
SVN,NEET,15_29,15-29 year-olds,PC_AGE,A,2007,10.104271
SVN,NEET,15_29_MEN,15-29 year-old men,PC_AGE,A,2007,8.0457497
SVN,NEET,15_29_WOMEN,15-29 year-old women,PC_AGE,A,2007,12.305007
SWE,NEET,15_29_WOMEN,15-29 year-old women,PC_AGE,A,2007,10.171502
SWE,NEET,15_29_MEN,15-29 year-old men,PC_AGE,A,2007,9.9900465
SWE,NEET,15_29,15-29 year-olds,PC_AGE,A,2007,10.078616
TUR,NEET,15_29,15-29 year-olds,PC_AGE,A,2007,41.328671
TUR,NEET,15_29_WOMEN,15-29 year-old women,PC_AGE,A,2007,59.182957
TUR,NEET,15_29_MEN,15-29 year-old men,PC_AGE,A,2007,23.627712
USA,NEET,15_29_MEN,15-29 year-old men,PC_AGE,A,2007,10.64182
USA,NEET,15_29,15-29 year-olds,PC_AGE,A,2007,12.11044
USA,NEET,15_29_WOMEN,15-29 year-old women,PC_AGE,A,2007,13.612319
AUS,NEET,15_29,15-29 year-olds,PC_AGE,A,2008,10.411158
AUS,NEET,15_29_MEN,15-29 year-old men,PC_AGE,A,2008,6.937799
AUS,NEET,15_29_WOMEN,15-29 year-old women,PC_AGE,A,2008,14.006763
AUT,NEET,15_29,15-29 year-olds,PC_AGE,A,2008,10.652842
AUT,NEET,15_29_WOMEN,15-29 year-old women,PC_AGE,A,2008,12.076608
AUT,NEET,15_29_MEN,15-29 year-old men,PC_AGE,A,2008,9.2202892
BEL,NEET,15_29_WOMEN,15-29 year-old women,PC_AGE,A,2008,14.048738
BEL,NEET,15_29,15-29 year-olds,PC_AGE,A,2008,12.107311
BEL,NEET,15_29_MEN,15-29 year-old men,PC_AGE,A,2008,10.200222
BRA,NEET,15_29,15-29 year-olds,PC_AGE,A,2008,18.951189
BRA,NEET,15_29_MEN,15-29 year-old men,PC_AGE,A,2008,10.876859
BRA,NEET,15_29_WOMEN,15-29 year-old women,PC_AGE,A,2008,27.049644
CAN,NEET,15_29_WOMEN,15-29 year-old women,PC_AGE,A,2008,12.599632
CAN,NEET,15_29,15-29 year-olds,PC_AGE,A,2008,11.916313
CAN,NEET,15_29_MEN,15-29 year-old men,PC_AGE,A,2008,11.24775
CHE,NEET,15_29,15-29 year-olds,PC_AGE,A,2008,9.5564461
CHE,NEET,15_29_MEN,15-29 year-old men,PC_AGE,A,2008,8.388402
CHE,NEET,15_29_WOMEN,15-29 year-old women,PC_AGE,A,2008,10.751578
COL,NEET,15_29_MEN,15-29 year-old men,PC_AGE,A,2008,14.828151
COL,NEET,15_29,15-29 year-olds,PC_AGE,A,2008,25.683109
COL,NEET,15_29_WOMEN,15-29 year-old women,PC_AGE,A,2008,36.49604
CZE,NEET,15_29_MEN,15-29 year-old men,PC_AGE,A,2008,5.0452681
CZE,NEET,15_29_WOMEN,15-29 year-old women,PC_AGE,A,2008,17.059755
CZE,NEET,15_29,15-29 year-olds,PC_AGE,A,2008,10.876886
DEU,NEET,15_29_MEN,15-29 year-old men,PC_AGE,A,2008,9.064209
DEU,NEET,15_29,15-29 year-olds,PC_AGE,A,2008,11.645081
DEU,NEET,15_29_WOMEN,15-29 year-old women,PC_AGE,A,2008,14.282501
DNK,NEET,15_29,15-29 year-olds,PC_AGE,A,2008,7.5828166
DNK,NEET,15_29_MEN,15-29 year-old men,PC_AGE,A,2008,6.7418675
DNK,NEET,15_29_WOMEN,15-29 year-old women,PC_AGE,A,2008,8.4917564
ESP,NEET,15_29,15-29 year-olds,PC_AGE,A,2008,16.669403
ESP,NEET,15_29_WOMEN,15-29 year-old women,PC_AGE,A,2008,19.243582
ESP,NEET,15_29_MEN,15-29 year-old men,PC_AGE,A,2008,14.223794
EST,NEET,15_29_WOMEN,15-29 year-old women,PC_AGE,A,2008,16.498346
EST,NEET,15_29_MEN,15-29 year-old men,PC_AGE,A,2008,6.3137498
EST,NEET,15_29,15-29 year-olds,PC_AGE,A,2008,11.34071
FIN,NEET,15_29_MEN,15-29 year-old men,PC_AGE,A,2008,8.0982351
FIN,NEET,15_29_WOMEN,15-29 year-old women,PC_AGE,A,2008,11.691432
FIN,NEET,15_29,15-29 year-olds,PC_AGE,A,2008,9.8611488
FRA,NEET,15_29,15-29 year-olds,PC_AGE,A,2008,14.030657
FRA,NEET,15_29_MEN,15-29 year-old men,PC_AGE,A,2008,11.622087
FRA,NEET,15_29_WOMEN,15-29 year-old women,PC_AGE,A,2008,16.417664
GBR,NEET,15_29_MEN,15-29 year-old men,PC_AGE,A,2008,11.439487
GBR,NEET,15_29,15-29 year-olds,PC_AGE,A,2008,14.753457
GBR,NEET,15_29_WOMEN,15-29 year-old women,PC_AGE,A,2008,18.117617
GRC,NEET,15_29_WOMEN,15-29 year-old women,PC_AGE,A,2008,21.024082
GRC,NEET,15_29_MEN,15-29 year-old men,PC_AGE,A,2008,11.055037
GRC,NEET,15_29,15-29 year-olds,PC_AGE,A,2008,15.98409
HUN,NEET,15_29,15-29 year-olds,PC_AGE,A,2008,16.267965
HUN,NEET,15_29_MEN,15-29 year-old men,PC_AGE,A,2008,11.853448
HUN,NEET,15_29_WOMEN,15-29 year-old women,PC_AGE,A,2008,20.780649
IRL,NEET,15_29,15-29 year-olds,PC_AGE,A,2008,12.79305
IRL,NEET,15_29_MEN,15-29 year-old men,PC_AGE,A,2008,11.406027
IRL,NEET,15_29_WOMEN,15-29 year-old women,PC_AGE,A,2008,14.198217
ISL,NEET,15_29_MEN,15-29 year-old men,PC_AGE,A,2008,4.8842278
ISL,NEET,15_29_WOMEN,15-29 year-old women,PC_AGE,A,2008,7.6688662
ISL,NEET,15_29,15-29 year-olds,PC_AGE,A,2008,6.2178707
ISR,NEET,15_29_WOMEN,15-29 year-old women,PC_AGE,A,2008,28.05155
ISR,NEET,15_29,15-29 year-olds,PC_AGE,A,2008,27.539165
ISR,NEET,15_29_MEN,15-29 year-old men,PC_AGE,A,2008,27.047714
ITA,NEET,15_29_WOMEN,15-29 year-old women,PC_AGE,A,2008,22.904097
ITA,NEET,15_29,15-29 year-olds,PC_AGE,A,2008,19.150309
ITA,NEET,15_29_MEN,15-29 year-old men,PC_AGE,A,2008,15.508717
JPN,NEET,15_29,15-29 year-olds,PC_AGE,A,2008,11.345651
JPN,NEET,15_29_WOMEN,15-29 year-old women,PC_AGE,A,2008,15.344188
JPN,NEET,15_29_MEN,15-29 year-old men,PC_AGE,A,2008,7.5238228
LUX,NEET,15_29_MEN,15-29 year-old men,PC_AGE,A,2008,6.2719469
LUX,NEET,15_29_WOMEN,15-29 year-old women,PC_AGE,A,2008,10.709317
LUX,NEET,15_29,15-29 year-olds,PC_AGE,A,2008,8.478632
LVA,NEET,15_29_MEN,15-29 year-old men,PC_AGE,A,2008,10.343869
LVA,NEET,15_29_WOMEN,15-29 year-old women,PC_AGE,A,2008,13.6434
LVA,NEET,15_29,15-29 year-olds,PC_AGE,A,2008,11.965773
MEX,NEET,15_29,15-29 year-olds,PC_AGE,A,2008,23.433718
MEX,NEET,15_29_MEN,15-29 year-old men,PC_AGE,A,2008,8.2275019
MEX,NEET,15_29_WOMEN,15-29 year-old women,PC_AGE,A,2008,37.405113
NLD,NEET,15_29_MEN,15-29 year-old men,PC_AGE,A,2008,3.4698126
NLD,NEET,15_29,15-29 year-olds,PC_AGE,A,2008,5.1138353
NLD,NEET,15_29_WOMEN,15-29 year-old women,PC_AGE,A,2008,6.7892504
NOR,NEET,15_29_WOMEN,15-29 year-old women,PC_AGE,A,2008,7.314857
NOR,NEET,15_29,15-29 year-olds,PC_AGE,A,2008,6.6740332
NOR,NEET,15_29_MEN,15-29 year-old men,PC_AGE,A,2008,6.0671258
NZL,NEET,15_29_WOMEN,15-29 year-old women,PC_AGE,A,2008,15.852555
NZL,NEET,15_29,15-29 year-olds,PC_AGE,A,2008,12.102703
NZL,NEET,15_29_MEN,15-29 year-old men,PC_AGE,A,2008,8.3503056
OAVG,NEET,15_29,15-29 year-olds,PC_AGE,A,2008,13.769975
OAVG,NEET,15_29_WOMEN,15-29 year-old women,PC_AGE,A,2008,17.390763
OAVG,NEET,15_29_MEN,15-29 year-old men,PC_AGE,A,2008,10.18705
POL,NEET,15_29,15-29 year-olds,PC_AGE,A,2008,13.661988
POL,NEET,15_29_MEN,15-29 year-old men,PC_AGE,A,2008,10.011622
POL,NEET,15_29_WOMEN,15-29 year-old women,PC_AGE,A,2008,17.358757
PRT,NEET,15_29_WOMEN,15-29 year-old women,PC_AGE,A,2008,15.495399
PRT,NEET,15_29_MEN,15-29 year-old men,PC_AGE,A,2008,9.0504036
PRT,NEET,15_29,15-29 year-olds,PC_AGE,A,2008,12.222537
SVK,NEET,15_29_WOMEN,15-29 year-old women,PC_AGE,A,2008,21.435303
SVK,NEET,15_29,15-29 year-olds,PC_AGE,A,2008,16.171618
SVK,NEET,15_29_MEN,15-29 year-old men,PC_AGE,A,2008,11.118025
SVN,NEET,15_29,15-29 year-olds,PC_AGE,A,2008,8.4530506
SVN,NEET,15_29_MEN,15-29 year-old men,PC_AGE,A,2008,7.1410317
SVN,NEET,15_29_WOMEN,15-29 year-old women,PC_AGE,A,2008,9.8920441
SWE,NEET,15_29,15-29 year-olds,PC_AGE,A,2008,8.7471857
SWE,NEET,15_29_MEN,15-29 year-old men,PC_AGE,A,2008,8.1533298
SWE,NEET,15_29_WOMEN,15-29 year-old women,PC_AGE,A,2008,9.3720589
TUR,NEET,15_29,15-29 year-olds,PC_AGE,A,2008,41.989979
TUR,NEET,15_29_WOMEN,15-29 year-old women,PC_AGE,A,2008,60.00703
TUR,NEET,15_29_MEN,15-29 year-old men,PC_AGE,A,2008,24.177479
USA,NEET,15_29,15-29 year-olds,PC_AGE,A,2008,12.778655
USA,NEET,15_29_MEN,15-29 year-old men,PC_AGE,A,2008,11.326955
USA,NEET,15_29_WOMEN,15-29 year-old women,PC_AGE,A,2008,14.257194
AUS,NEET,15_29,15-29 year-olds,PC_AGE,A,2009,12.320885
AUS,NEET,15_29_WOMEN,15-29 year-old women,PC_AGE,A,2009,15.379288
AUS,NEET,15_29_MEN,15-29 year-old men,PC_AGE,A,2009,9.351325
AUT,NEET,15_29_WOMEN,15-29 year-old women,PC_AGE,A,2009,12.812237
AUT,NEET,15_29,15-29 year-olds,PC_AGE,A,2009,11.419484
AUT,NEET,15_29_MEN,15-29 year-old men,PC_AGE,A,2009,10.014161
BEL,NEET,15_29_WOMEN,15-29 year-old women,PC_AGE,A,2009,14.814271
BEL,NEET,15_29_MEN,15-29 year-old men,PC_AGE,A,2009,10.699961
BEL,NEET,15_29,15-29 year-olds,PC_AGE,A,2009,12.740355
BRA,NEET,15_29,15-29 year-olds,PC_AGE,A,2009,19.579699
BRA,NEET,15_29_WOMEN,15-29 year-old women,PC_AGE,A,2009,27.370123
BRA,NEET,15_29_MEN,15-29 year-old men,PC_AGE,A,2009,11.696529
CAN,NEET,15_29_WOMEN,15-29 year-old women,PC_AGE,A,2009,13.054038
CAN,NEET,15_29_MEN,15-29 year-old men,PC_AGE,A,2009,13.662014
CAN,NEET,15_29,15-29 year-olds,PC_AGE,A,2009,13.361357
CHE,NEET,15_29,15-29 year-olds,PC_AGE,A,2009,10.703157
CHE,NEET,15_29_MEN,15-29 year-old men,PC_AGE,A,2009,9.508111
CHE,NEET,15_29_WOMEN,15-29 year-old women,PC_AGE,A,2009,11.965327
CHL,NEET,15_29_MEN,15-29 year-old men,PC_AGE,A,2009,16.937721
CHL,NEET,15_29,15-29 year-olds,PC_AGE,A,2009,23.598259
CHL,NEET,15_29_WOMEN,15-29 year-old women,PC_AGE,A,2009,30.18251
COL,NEET,15_29_MEN,15-29 year-old men,PC_AGE,A,2009,14.383202
COL,NEET,15_29,15-29 year-olds,PC_AGE,A,2009,24.917742
COL,NEET,15_29_WOMEN,15-29 year-old women,PC_AGE,A,2009,35.375092
CZE,NEET,15_29_WOMEN,15-29 year-old women,PC_AGE,A,2009,17.842142
CZE,NEET,15_29,15-29 year-olds,PC_AGE,A,2009,12.826308
CZE,NEET,15_29_MEN,15-29 year-old men,PC_AGE,A,2009,8.1256409
DEU,NEET,15_29,15-29 year-olds,PC_AGE,A,2009,11.639909
DEU,NEET,15_29_MEN,15-29 year-old men,PC_AGE,A,2009,9.6959982
DEU,NEET,15_29_WOMEN,15-29 year-old women,PC_AGE,A,2009,13.646141
DNK,NEET,15_29_MEN,15-29 year-old men,PC_AGE,A,2009,9.0127239
DNK,NEET,15_29_WOMEN,15-29 year-old women,PC_AGE,A,2009,8.6677923
DNK,NEET,15_29,15-29 year-olds,PC_AGE,A,2009,8.845994
ESP,NEET,15_29,15-29 year-olds,PC_AGE,A,2009,22.630316
ESP,NEET,15_29_MEN,15-29 year-old men,PC_AGE,A,2009,22.921213
ESP,NEET,15_29_WOMEN,15-29 year-old women,PC_AGE,A,2009,22.326014
EST,NEET,15_29_MEN,15-29 year-old men,PC_AGE,A,2009,16.984982
EST,NEET,15_29,15-29 year-olds,PC_AGE,A,2009,19.014498
EST,NEET,15_29_WOMEN,15-29 year-old women,PC_AGE,A,2009,21.056608
FIN,NEET,15_29_MEN,15-29 year-old men,PC_AGE,A,2009,11.327432
FIN,NEET,15_29,15-29 year-olds,PC_AGE,A,2009,11.955111
FIN,NEET,15_29_WOMEN,15-29 year-old women,PC_AGE,A,2009,12.591162
FRA,NEET,15_29,15-29 year-olds,PC_AGE,A,2009,15.63128
FRA,NEET,15_29_MEN,15-29 year-old men,PC_AGE,A,2009,13.877954
FRA,NEET,15_29_WOMEN,15-29 year-old women,PC_AGE,A,2009,17.375259
GBR,NEET,15_29_MEN,15-29 year-old men,PC_AGE,A,2009,13.391606
GBR,NEET,15_29_WOMEN,15-29 year-old women,PC_AGE,A,2009,18.009232
GBR,NEET,15_29,15-29 year-olds,PC_AGE,A,2009,15.673461
GRC,NEET,15_29,15-29 year-olds,PC_AGE,A,2009,16.617811
GRC,NEET,15_29_MEN,15-29 year-old men,PC_AGE,A,2009,11.90794
GRC,NEET,15_29_WOMEN,15-29 year-old women,PC_AGE,A,2009,21.476574
HUN,NEET,15_29_WOMEN,15-29 year-old women,PC_AGE,A,2009,21.306501
HUN,NEET,15_29,15-29 year-olds,PC_AGE,A,2009,17.737835
HUN,NEET,15_29_MEN,15-29 year-old men,PC_AGE,A,2009,14.25385
IRL,NEET,15_29_MEN,15-29 year-old men,PC_AGE,A,2009,19.308939
IRL,NEET,15_29_WOMEN,15-29 year-old women,PC_AGE,A,2009,17.852224
IRL,NEET,15_29,15-29 year-olds,PC_AGE,A,2009,18.578489
ISL,NEET,15_29_WOMEN,15-29 year-old women,PC_AGE,A,2009,10.866758
ISL,NEET,15_29_MEN,15-29 year-old men,PC_AGE,A,2009,13.159089
ISL,NEET,15_29,15-29 year-olds,PC_AGE,A,2009,12.050703
ISR,NEET,15_29_WOMEN,15-29 year-old women,PC_AGE,A,2009,28.850647
ISR,NEET,15_29,15-29 year-olds,PC_AGE,A,2009,28.70093
ISR,NEET,15_29_MEN,15-29 year-old men,PC_AGE,A,2009,28.55788
ITA,NEET,15_29_MEN,15-29 year-old men,PC_AGE,A,2009,17.92234
ITA,NEET,15_29,15-29 year-olds,PC_AGE,A,2009,21.167088
ITA,NEET,15_29_WOMEN,15-29 year-old women,PC_AGE,A,2009,24.512722
JPN,NEET,15_29,15-29 year-olds,PC_AGE,A,2009,12.200111
JPN,NEET,15_29_WOMEN,15-29 year-old women,PC_AGE,A,2009,15.610286
JPN,NEET,15_29_MEN,15-29 year-old men,PC_AGE,A,2009,8.9199333
LUX,NEET,15_29,15-29 year-olds,PC_AGE,A,2009,7.9304276
LUX,NEET,15_29_MEN,15-29 year-old men,PC_AGE,A,2009,7.463501
LUX,NEET,15_29_WOMEN,15-29 year-old women,PC_AGE,A,2009,8.422883
LVA,NEET,15_29,15-29 year-olds,PC_AGE,A,2009,20.202469
LVA,NEET,15_29_WOMEN,15-29 year-old women,PC_AGE,A,2009,19.065889
LVA,NEET,15_29_MEN,15-29 year-old men,PC_AGE,A,2009,21.303289
MEX,NEET,15_29_WOMEN,15-29 year-old women,PC_AGE,A,2009,37.583237
MEX,NEET,15_29,15-29 year-olds,PC_AGE,A,2009,24.376291
MEX,NEET,15_29_MEN,15-29 year-old men,PC_AGE,A,2009,10.591629
NLD,NEET,15_29,15-29 year-olds,PC_AGE,A,2009,6.9999967
NLD,NEET,15_29_MEN,15-29 year-old men,PC_AGE,A,2009,6.0907412
NLD,NEET,15_29_WOMEN,15-29 year-old women,PC_AGE,A,2009,7.9274497
NOR,NEET,15_29,15-29 year-olds,PC_AGE,A,2009,7.9809151
NOR,NEET,15_29_MEN,15-29 year-old men,PC_AGE,A,2009,7.54877
NOR,NEET,15_29_WOMEN,15-29 year-old women,PC_AGE,A,2009,8.4331999
NZL,NEET,15_29_WOMEN,15-29 year-old women,PC_AGE,A,2009,19.440716
NZL,NEET,15_29_MEN,15-29 year-old men,PC_AGE,A,2009,10.16197
NZL,NEET,15_29,15-29 year-olds,PC_AGE,A,2009,14.782221
OAVG,NEET,15_29_MEN,15-29 year-old men,PC_AGE,A,2009,13.124262
OAVG,NEET,15_29_WOMEN,15-29 year-old women,PC_AGE,A,2009,18.55157
OAVG,NEET,15_29,15-29 year-olds,PC_AGE,A,2009,15.825296
POL,NEET,15_29_MEN,15-29 year-old men,PC_AGE,A,2009,10.940081
POL,NEET,15_29,15-29 year-olds,PC_AGE,A,2009,14.222003
POL,NEET,15_29_WOMEN,15-29 year-old women,PC_AGE,A,2009,17.550377
PRT,NEET,15_29,15-29 year-olds,PC_AGE,A,2009,12.796033
PRT,NEET,15_29_MEN,15-29 year-old men,PC_AGE,A,2009,10.897424
PRT,NEET,15_29_WOMEN,15-29 year-old women,PC_AGE,A,2009,14.75503
SVK,NEET,15_29,15-29 year-olds,PC_AGE,A,2009,16.115896
SVK,NEET,15_29_MEN,15-29 year-old men,PC_AGE,A,2009,11.897204
SVK,NEET,15_29_WOMEN,15-29 year-old women,PC_AGE,A,2009,20.511074
SVN,NEET,15_29_MEN,15-29 year-old men,PC_AGE,A,2009,9.0246334
SVN,NEET,15_29_WOMEN,15-29 year-old women,PC_AGE,A,2009,9.049695
SVN,NEET,15_29,15-29 year-olds,PC_AGE,A,2009,9.0366173
SWE,NEET,15_29_MEN,15-29 year-old men,PC_AGE,A,2009,11.002766
SWE,NEET,15_29_WOMEN,15-29 year-old women,PC_AGE,A,2009,10.981492
SWE,NEET,15_29,15-29 year-olds,PC_AGE,A,2009,10.992398
TUR,NEET,15_29_MEN,15-29 year-old men,PC_AGE,A,2009,23.987865
TUR,NEET,15_29,15-29 year-olds,PC_AGE,A,2009,39.581005
TUR,NEET,15_29_WOMEN,15-29 year-old women,PC_AGE,A,2009,55.450012
USA,NEET,15_29,15-29 year-olds,PC_AGE,A,2009,14.538002
USA,NEET,15_29_WOMEN,15-29 year-old women,PC_AGE,A,2009,14.561082
USA,NEET,15_29_MEN,15-29 year-old men,PC_AGE,A,2009,14.515277
AUS,NEET,15_29_WOMEN,15-29 year-old women,PC_AGE,A,2010,14.777301
AUS,NEET,15_29_MEN,15-29 year-old men,PC_AGE,A,2010,8.9677057
AUS,NEET,15_29,15-29 year-olds,PC_AGE,A,2010,11.827723
AUT,NEET,15_29,15-29 year-olds,PC_AGE,A,2010,11.712417
AUT,NEET,15_29_MEN,15-29 year-old men,PC_AGE,A,2010,10.825821
AUT,NEET,15_29_WOMEN,15-29 year-old women,PC_AGE,A,2010,12.592641
BEL,NEET,15_29_MEN,15-29 year-old men,PC_AGE,A,2010,12.310569
BEL,NEET,15_29,15-29 year-olds,PC_AGE,A,2010,14.208397
BEL,NEET,15_29_WOMEN,15-29 year-old women,PC_AGE,A,2010,16.13534
CAN,NEET,15_29_MEN,15-29 year-old men,PC_AGE,A,2010,14.504717
CAN,NEET,15_29,15-29 year-olds,PC_AGE,A,2010,13.668851
CAN,NEET,15_29_WOMEN,15-29 year-old women,PC_AGE,A,2010,12.815885
COL,NEET,15_29_WOMEN,15-29 year-old women,PC_AGE,A,2010,33.909836
COL,NEET,15_29,15-29 year-olds,PC_AGE,A,2010,23.805521
COL,NEET,15_29_MEN,15-29 year-old men,PC_AGE,A,2010,13.630266
CZE,NEET,15_29_WOMEN,15-29 year-old women,PC_AGE,A,2010,18.195173
CZE,NEET,15_29,15-29 year-olds,PC_AGE,A,2010,13.236864
CZE,NEET,15_29_MEN,15-29 year-old men,PC_AGE,A,2010,8.5780954
DEU,NEET,15_29_WOMEN,15-29 year-old women,PC_AGE,A,2010,13.770418
DEU,NEET,15_29,15-29 year-olds,PC_AGE,A,2010,11.974542
DEU,NEET,15_29_MEN,15-29 year-old men,PC_AGE,A,2010,10.246352
DNK,NEET,15_29_WOMEN,15-29 year-old women,PC_AGE,A,2010,10.35443
DNK,NEET,15_29,15-29 year-olds,PC_AGE,A,2010,11.944765
DNK,NEET,15_29_MEN,15-29 year-old men,PC_AGE,A,2010,13.410405
ESP,NEET,15_29,15-29 year-olds,PC_AGE,A,2010,23.645475
ESP,NEET,15_29_WOMEN,15-29 year-old women,PC_AGE,A,2010,22.438612
ESP,NEET,15_29_MEN,15-29 year-old men,PC_AGE,A,2010,24.803326
EST,NEET,15_29,15-29 year-olds,PC_AGE,A,2010,19.136993
EST,NEET,15_29_WOMEN,15-29 year-old women,PC_AGE,A,2010,20.192072
EST,NEET,15_29_MEN,15-29 year-old men,PC_AGE,A,2010,18.121073
FIN,NEET,15_29_WOMEN,15-29 year-old women,PC_AGE,A,2010,12.893319
FIN,NEET,15_29,15-29 year-olds,PC_AGE,A,2010,12.637969
FIN,NEET,15_29_MEN,15-29 year-old men,PC_AGE,A,2010,12.382413
FRA,NEET,15_29_MEN,15-29 year-old men,PC_AGE,A,2010,15.172208
FRA,NEET,15_29_WOMEN,15-29 year-old women,PC_AGE,A,2010,18.044867
FRA,NEET,15_29,15-29 year-olds,PC_AGE,A,2010,16.61404
GBR,NEET,15_29_MEN,15-29 year-old men,PC_AGE,A,2010,13.634942
GBR,NEET,15_29,15-29 year-olds,PC_AGE,A,2010,15.931578
GBR,NEET,15_29_WOMEN,15-29 year-old women,PC_AGE,A,2010,18.306295
GRC,NEET,15_29_WOMEN,15-29 year-old women,PC_AGE,A,2010,22.988966
GRC,NEET,15_29,15-29 year-olds,PC_AGE,A,2010,18.086546
GRC,NEET,15_29_MEN,15-29 year-old men,PC_AGE,A,2010,13.225958
HUN,NEET,15_29,15-29 year-olds,PC_AGE,A,2010,18.917772
HUN,NEET,15_29_MEN,15-29 year-old men,PC_AGE,A,2010,16.4923
HUN,NEET,15_29_WOMEN,15-29 year-old women,PC_AGE,A,2010,21.408007
IRL,NEET,15_29,15-29 year-olds,PC_AGE,A,2010,20.792801
IRL,NEET,15_29_MEN,15-29 year-old men,PC_AGE,A,2010,22.138508
IRL,NEET,15_29_WOMEN,15-29 year-old women,PC_AGE,A,2010,19.465517
ISL,NEET,15_29_MEN,15-29 year-old men,PC_AGE,A,2010,11.524394
ISL,NEET,15_29,15-29 year-olds,PC_AGE,A,2010,12.140234
ISL,NEET,15_29_WOMEN,15-29 year-old women,PC_AGE,A,2010,12.792201
ISR,NEET,15_29,15-29 year-olds,PC_AGE,A,2010,27.796974
ISR,NEET,15_29_MEN,15-29 year-old men,PC_AGE,A,2010,29.467785
ISR,NEET,15_29_WOMEN,15-29 year-old women,PC_AGE,A,2010,26.169645
ITA,NEET,15_29_WOMEN,15-29 year-old women,PC_AGE,A,2010,26.104715
ITA,NEET,15_29_MEN,15-29 year-old men,PC_AGE,A,2010,19.958862
ITA,NEET,15_29,15-29 year-olds,PC_AGE,A,2010,22.984301
JPN,NEET,15_29,15-29 year-olds,PC_AGE,A,2010,11.961289
JPN,NEET,15_29_WOMEN,15-29 year-old women,PC_AGE,A,2010,15.277879
JPN,NEET,15_29_MEN,15-29 year-old men,PC_AGE,A,2010,8.7959909
LTU,NEET,15_29_WOMEN,15-29 year-old women,PC_AGE,A,2010,14.840675
LTU,NEET,15_29,15-29 year-olds,PC_AGE,A,2010,18.010651
LTU,NEET,15_29_MEN,15-29 year-old men,PC_AGE,A,2010,21.021227
LUX,NEET,15_29,15-29 year-olds,PC_AGE,A,2010,7.1424961
LUX,NEET,15_29_WOMEN,15-29 year-old women,PC_AGE,A,2010,6.9940128
LUX,NEET,15_29_MEN,15-29 year-old men,PC_AGE,A,2010,7.2879424
LVA,NEET,15_29_MEN,15-29 year-old men,PC_AGE,A,2010,24.550453
LVA,NEET,15_29_WOMEN,15-29 year-old women,PC_AGE,A,2010,20.921566
LVA,NEET,15_29,15-29 year-olds,PC_AGE,A,2010,22.762682
MEX,NEET,15_29_WOMEN,15-29 year-old women,PC_AGE,A,2010,36.525806
MEX,NEET,15_29,15-29 year-olds,PC_AGE,A,2010,23.702183
MEX,NEET,15_29_MEN,15-29 year-old men,PC_AGE,A,2010,10.275764
NLD,NEET,15_29_WOMEN,15-29 year-old women,PC_AGE,A,2010,7.585247
NLD,NEET,15_29,15-29 year-olds,PC_AGE,A,2010,6.7656198
NLD,NEET,15_29_MEN,15-29 year-old men,PC_AGE,A,2010,5.9589043
NOR,NEET,15_29_WOMEN,15-29 year-old women,PC_AGE,A,2010,8.3079596
NOR,NEET,15_29,15-29 year-olds,PC_AGE,A,2010,8.4465199
NOR,NEET,15_29_MEN,15-29 year-old men,PC_AGE,A,2010,8.5785332
NZL,NEET,15_29_MEN,15-29 year-old men,PC_AGE,A,2010,11.313001
NZL,NEET,15_29,15-29 year-olds,PC_AGE,A,2010,15.281414
NZL,NEET,15_29_WOMEN,15-29 year-old women,PC_AGE,A,2010,19.317932
OAVG,NEET,15_29_WOMEN,15-29 year-old women,PC_AGE,A,2010,18.359138
OAVG,NEET,15_29_MEN,15-29 year-old men,PC_AGE,A,2010,14.225021
OAVG,NEET,15_29,15-29 year-olds,PC_AGE,A,2010,16.28538
POL,NEET,15_29_MEN,15-29 year-old men,PC_AGE,A,2010,12.537897
POL,NEET,15_29,15-29 year-olds,PC_AGE,A,2010,15.0195
POL,NEET,15_29_WOMEN,15-29 year-old women,PC_AGE,A,2010,17.632521
PRT,NEET,15_29_WOMEN,15-29 year-old women,PC_AGE,A,2010,14.761759
PRT,NEET,15_29,15-29 year-olds,PC_AGE,A,2010,13.465281
PRT,NEET,15_29_MEN,15-29 year-old men,PC_AGE,A,2010,12.212148
SVK,NEET,15_29_WOMEN,15-29 year-old women,PC_AGE,A,2010,21.799061
SVK,NEET,15_29_MEN,15-29 year-old men,PC_AGE,A,2010,15.972342
SVK,NEET,15_29,15-29 year-olds,PC_AGE,A,2010,18.822512
SVN,NEET,15_29_MEN,15-29 year-old men,PC_AGE,A,2010,8.2686615
SVN,NEET,15_29_WOMEN,15-29 year-old women,PC_AGE,A,2010,9.2911873
SVN,NEET,15_29,15-29 year-olds,PC_AGE,A,2010,8.7568846
SWE,NEET,15_29,15-29 year-olds,PC_AGE,A,2010,10.270392
SWE,NEET,15_29_WOMEN,15-29 year-old women,PC_AGE,A,2010,10.020204
SWE,NEET,15_29_MEN,15-29 year-old men,PC_AGE,A,2010,10.50827
TUR,NEET,15_29_MEN,15-29 year-old men,PC_AGE,A,2010,21.285
TUR,NEET,15_29,15-29 year-olds,PC_AGE,A,2010,36.625298
TUR,NEET,15_29_WOMEN,15-29 year-old women,PC_AGE,A,2010,52.057037
USA,NEET,15_29,15-29 year-olds,PC_AGE,A,2010,15.606447
USA,NEET,15_29_WOMEN,15-29 year-old women,PC_AGE,A,2010,15.52262
USA,NEET,15_29_MEN,15-29 year-old men,PC_AGE,A,2010,15.68889
AUS,NEET,15_29_MEN,15-29 year-old men,PC_AGE,A,2011,8.5435381
AUS,NEET,15_29_WOMEN,15-29 year-old women,PC_AGE,A,2011,14.583069
AUS,NEET,15_29,15-29 year-olds,PC_AGE,A,2011,11.516515
AUT,NEET,15_29_MEN,15-29 year-old men,PC_AGE,A,2011,9.0401287
AUT,NEET,15_29_WOMEN,15-29 year-old women,PC_AGE,A,2011,11.47435
AUT,NEET,15_29,15-29 year-olds,PC_AGE,A,2011,10.265295
BEL,NEET,15_29,15-29 year-olds,PC_AGE,A,2011,13.893257
BEL,NEET,15_29_WOMEN,15-29 year-old women,PC_AGE,A,2011,14.770977
BEL,NEET,15_29_MEN,15-29 year-old men,PC_AGE,A,2011,13.02842
BRA,NEET,15_29_MEN,15-29 year-old men,PC_AGE,A,2011,12.683304
BRA,NEET,15_29_WOMEN,15-29 year-old women,PC_AGE,A,2011,25.62607
BRA,NEET,15_29,15-29 year-olds,PC_AGE,A,2011,19.349049
CAN,NEET,15_29,15-29 year-olds,PC_AGE,A,2011,13.359964
CAN,NEET,15_29_MEN,15-29 year-old men,PC_AGE,A,2011,13.171018
CAN,NEET,15_29_WOMEN,15-29 year-old women,PC_AGE,A,2011,13.552238
CHL,NEET,15_29_WOMEN,15-29 year-old women,PC_AGE,A,2011,29.471609
CHL,NEET,15_29,15-29 year-olds,PC_AGE,A,2011,21.754675
CHL,NEET,15_29_MEN,15-29 year-old men,PC_AGE,A,2011,13.897933
COL,NEET,15_29_MEN,15-29 year-old men,PC_AGE,A,2011,13.130042
COL,NEET,15_29,15-29 year-olds,PC_AGE,A,2011,23.271896
COL,NEET,15_29_WOMEN,15-29 year-old women,PC_AGE,A,2011,33.396152
CZE,NEET,15_29_WOMEN,15-29 year-old women,PC_AGE,A,2011,17.806662
CZE,NEET,15_29,15-29 year-olds,PC_AGE,A,2011,12.748866
CZE,NEET,15_29_MEN,15-29 year-old men,PC_AGE,A,2011,7.9793692
DEU,NEET,15_29_MEN,15-29 year-old men,PC_AGE,A,2011,9.3696175
DEU,NEET,15_29_WOMEN,15-29 year-old women,PC_AGE,A,2011,12.68239
DEU,NEET,15_29,15-29 year-olds,PC_AGE,A,2011,10.998944
DNK,NEET,15_29_WOMEN,15-29 year-old women,PC_AGE,A,2011,12.181263
DNK,NEET,15_29_MEN,15-29 year-old men,PC_AGE,A,2011,13.283754
DNK,NEET,15_29,15-29 year-olds,PC_AGE,A,2011,12.755575
ESP,NEET,15_29_WOMEN,15-29 year-old women,PC_AGE,A,2011,24.299452
ESP,NEET,15_29,15-29 year-olds,PC_AGE,A,2011,24.313225
ESP,NEET,15_29_MEN,15-29 year-old men,PC_AGE,A,2011,24.326586
EST,NEET,15_29,15-29 year-olds,PC_AGE,A,2011,15.154462
EST,NEET,15_29_WOMEN,15-29 year-old women,PC_AGE,A,2011,17.358974
EST,NEET,15_29_MEN,15-29 year-old men,PC_AGE,A,2011,13.033343
FIN,NEET,15_29_WOMEN,15-29 year-old women,PC_AGE,A,2011,12.779829
FIN,NEET,15_29,15-29 year-olds,PC_AGE,A,2011,11.756824
FIN,NEET,15_29_MEN,15-29 year-old men,PC_AGE,A,2011,10.765554
FRA,NEET,15_29,15-29 year-olds,PC_AGE,A,2011,16.407499
FRA,NEET,15_29_MEN,15-29 year-old men,PC_AGE,A,2011,14.175137
FRA,NEET,15_29_WOMEN,15-29 year-old women,PC_AGE,A,2011,18.630602
GBR,NEET,15_29,15-29 year-olds,PC_AGE,A,2011,15.501491
GBR,NEET,15_29_MEN,15-29 year-old men,PC_AGE,A,2011,13.264379
GBR,NEET,15_29_WOMEN,15-29 year-old women,PC_AGE,A,2011,17.81851
GRC,NEET,15_29,15-29 year-olds,PC_AGE,A,2011,21.594868
GRC,NEET,15_29_MEN,15-29 year-old men,PC_AGE,A,2011,17.91156
GRC,NEET,15_29_WOMEN,15-29 year-old women,PC_AGE,A,2011,25.321577
HUN,NEET,15_29,15-29 year-olds,PC_AGE,A,2011,18.531004
HUN,NEET,15_29_MEN,15-29 year-old men,PC_AGE,A,2011,15.477332
HUN,NEET,15_29_WOMEN,15-29 year-old women,PC_AGE,A,2011,21.667858
IRL,NEET,15_29,15-29 year-olds,PC_AGE,A,2011,21.922867
IRL,NEET,15_29_MEN,15-29 year-old men,PC_AGE,A,2011,22.875891
IRL,NEET,15_29_WOMEN,15-29 year-old women,PC_AGE,A,2011,20.979012
ISL,NEET,15_29_MEN,15-29 year-old men,PC_AGE,A,2011,10.155159
ISL,NEET,15_29,15-29 year-olds,PC_AGE,A,2011,10.187165
ISL,NEET,15_29_WOMEN,15-29 year-old women,PC_AGE,A,2011,10.221025
ISR,NEET,15_29_WOMEN,15-29 year-old women,PC_AGE,A,2011,25.53758
ISR,NEET,15_29,15-29 year-olds,PC_AGE,A,2011,27.630472
ISR,NEET,15_29_MEN,15-29 year-old men,PC_AGE,A,2011,29.765917
ITA,NEET,15_29,15-29 year-olds,PC_AGE,A,2011,23.157768
ITA,NEET,15_29_MEN,15-29 year-old men,PC_AGE,A,2011,20.260712
ITA,NEET,15_29_WOMEN,15-29 year-old women,PC_AGE,A,2011,26.150047
JPN,NEET,15_29_WOMEN,15-29 year-old women,PC_AGE,A,2011,14.903204
JPN,NEET,15_29,15-29 year-olds,PC_AGE,A,2011,11.705898
JPN,NEET,15_29_MEN,15-29 year-old men,PC_AGE,A,2011,8.6461382
LUX,NEET,15_29,15-29 year-olds,PC_AGE,A,2011,7.2376733
LUX,NEET,15_29_MEN,15-29 year-old men,PC_AGE,A,2011,4.3091755
LUX,NEET,15_29_WOMEN,15-29 year-old women,PC_AGE,A,2011,10.236621
LVA,NEET,15_29,15-29 year-olds,PC_AGE,A,2011,19.562572
LVA,NEET,15_29_WOMEN,15-29 year-old women,PC_AGE,A,2011,19.794725
LVA,NEET,15_29_MEN,15-29 year-old men,PC_AGE,A,2011,19.337038
MEX,NEET,15_29,15-29 year-olds,PC_AGE,A,2011,24.020403
MEX,NEET,15_29_MEN,15-29 year-old men,PC_AGE,A,2011,10.526784
MEX,NEET,15_29_WOMEN,15-29 year-old women,PC_AGE,A,2011,37.048828
NLD,NEET,15_29_MEN,15-29 year-old men,PC_AGE,A,2011,5.9507523
NLD,NEET,15_29_WOMEN,15-29 year-old women,PC_AGE,A,2011,7.8092604
NLD,NEET,15_29,15-29 year-olds,PC_AGE,A,2011,6.8752151
NOR,NEET,15_29_MEN,15-29 year-old men,PC_AGE,A,2011,7.8968573
NOR,NEET,15_29,15-29 year-olds,PC_AGE,A,2011,8.4577112
NOR,NEET,15_29_WOMEN,15-29 year-old women,PC_AGE,A,2011,9.0520926
NZL,NEET,15_29_WOMEN,15-29 year-old women,PC_AGE,A,2011,18.245308
NZL,NEET,15_29_MEN,15-29 year-old men,PC_AGE,A,2011,10.386576
NZL,NEET,15_29,15-29 year-olds,PC_AGE,A,2011,14.262648
OAVG,NEET,15_29_MEN,15-29 year-old men,PC_AGE,A,2011,13.446164
OAVG,NEET,15_29_WOMEN,15-29 year-old women,PC_AGE,A,2011,18.822067
OAVG,NEET,15_29,15-29 year-olds,PC_AGE,A,2011,16.117465
POL,NEET,15_29,15-29 year-olds,PC_AGE,A,2011,15.475976
POL,NEET,15_29_WOMEN,15-29 year-old women,PC_AGE,A,2011,18.50205
POL,NEET,15_29_MEN,15-29 year-old men,PC_AGE,A,2011,12.60635
PRT,NEET,15_29_MEN,15-29 year-old men,PC_AGE,A,2011,14.226427
PRT,NEET,15_29_WOMEN,15-29 year-old women,PC_AGE,A,2011,16.3787
PRT,NEET,15_29,15-29 year-olds,PC_AGE,A,2011,15.288321
SVK,NEET,15_29,15-29 year-olds,PC_AGE,A,2011,19.120066
SVK,NEET,15_29_WOMEN,15-29 year-old women,PC_AGE,A,2011,22.004391
SVK,NEET,15_29_MEN,15-29 year-old men,PC_AGE,A,2011,16.356878
SVN,NEET,15_29_WOMEN,15-29 year-old women,PC_AGE,A,2011,10.440566
SVN,NEET,15_29,15-29 year-olds,PC_AGE,A,2011,10.744351
SVN,NEET,15_29_MEN,15-29 year-old men,PC_AGE,A,2011,11.024392
SWE,NEET,15_29_MEN,15-29 year-old men,PC_AGE,A,2011,8.4653206
SWE,NEET,15_29_WOMEN,15-29 year-old women,PC_AGE,A,2011,9.6781902
SWE,NEET,15_29,15-29 year-olds,PC_AGE,A,2011,9.0556602
TUR,NEET,15_29_MEN,15-29 year-old men,PC_AGE,A,2011,19.642857
TUR,NEET,15_29_WOMEN,15-29 year-old women,PC_AGE,A,2011,49.811897
TUR,NEET,15_29,15-29 year-olds,PC_AGE,A,2011,34.623466
USA,NEET,15_29_MEN,15-29 year-old men,PC_AGE,A,2011,14.338637
USA,NEET,15_29,15-29 year-olds,PC_AGE,A,2011,14.841232
USA,NEET,15_29_WOMEN,15-29 year-old women,PC_AGE,A,2011,15.361255
AUS,NEET,15_29,15-29 year-olds,PC_AGE,A,2012,11.717311
AUS,NEET,15_29_MEN,15-29 year-old men,PC_AGE,A,2012,8.8122444
AUS,NEET,15_29_WOMEN,15-29 year-old women,PC_AGE,A,2012,14.708006
AUT,NEET,15_29_MEN,15-29 year-old men,PC_AGE,A,2012,9.1731501
AUT,NEET,15_29_WOMEN,15-29 year-old women,PC_AGE,A,2012,11.393416
AUT,NEET,15_29,15-29 year-olds,PC_AGE,A,2012,10.286999
BEL,NEET,15_29_MEN,15-29 year-old men,PC_AGE,A,2012,13.748137
BEL,NEET,15_29_WOMEN,15-29 year-old women,PC_AGE,A,2012,16.179018
BEL,NEET,15_29,15-29 year-olds,PC_AGE,A,2012,14.955427
BRA,NEET,15_29,15-29 year-olds,PC_AGE,A,2012,19.952234
BRA,NEET,15_29_MEN,15-29 year-old men,PC_AGE,A,2012,11.941059
BRA,NEET,15_29_WOMEN,15-29 year-old women,PC_AGE,A,2012,27.904659
CAN,NEET,15_29_WOMEN,15-29 year-old women,PC_AGE,A,2012,13.628266
CAN,NEET,15_29,15-29 year-olds,PC_AGE,A,2012,13.399941
CAN,NEET,15_29_MEN,15-29 year-old men,PC_AGE,A,2012,13.176266
COL,NEET,15_29_MEN,15-29 year-old men,PC_AGE,A,2012,12.836459
COL,NEET,15_29,15-29 year-olds,PC_AGE,A,2012,22.773855
COL,NEET,15_29_WOMEN,15-29 year-old women,PC_AGE,A,2012,32.689209
CZE,NEET,15_29_WOMEN,15-29 year-old women,PC_AGE,A,2012,18.287283
CZE,NEET,15_29,15-29 year-olds,PC_AGE,A,2012,13.418057
CZE,NEET,15_29_MEN,15-29 year-old men,PC_AGE,A,2012,8.795188
DEU,NEET,15_29_MEN,15-29 year-old men,PC_AGE,A,2012,8.0421515
DEU,NEET,15_29,15-29 year-olds,PC_AGE,A,2012,9.9439726
DEU,NEET,15_29_WOMEN,15-29 year-old women,PC_AGE,A,2012,11.917185
DNK,NEET,15_29_WOMEN,15-29 year-old women,PC_AGE,A,2012,13.945628
DNK,NEET,15_29_MEN,15-29 year-old men,PC_AGE,A,2012,12.681904
DNK,NEET,15_29,15-29 year-olds,PC_AGE,A,2012,13.28861
ESP,NEET,15_29_WOMEN,15-29 year-old women,PC_AGE,A,2012,25.432079
ESP,NEET,15_29,15-29 year-olds,PC_AGE,A,2012,25.629156
ESP,NEET,15_29_MEN,15-29 year-old men,PC_AGE,A,2012,25.820322
EST,NEET,15_29_WOMEN,15-29 year-old women,PC_AGE,A,2012,19.826927
EST,NEET,15_29,15-29 year-olds,PC_AGE,A,2012,15.942339
EST,NEET,15_29_MEN,15-29 year-old men,PC_AGE,A,2012,12.201926
FIN,NEET,15_29_WOMEN,15-29 year-old women,PC_AGE,A,2012,12.47495
FIN,NEET,15_29,15-29 year-olds,PC_AGE,A,2012,11.927396
FIN,NEET,15_29_MEN,15-29 year-old men,PC_AGE,A,2012,11.386334
FRA,NEET,15_29_MEN,15-29 year-old men,PC_AGE,A,2012,15.024765
FRA,NEET,15_29_WOMEN,15-29 year-old women,PC_AGE,A,2012,18.136087
FRA,NEET,15_29,15-29 year-olds,PC_AGE,A,2012,16.582481
GBR,NEET,15_29,15-29 year-olds,PC_AGE,A,2012,16.287668
GBR,NEET,15_29_WOMEN,15-29 year-old women,PC_AGE,A,2012,19.086235
GBR,NEET,15_29_MEN,15-29 year-old men,PC_AGE,A,2012,13.586856
GRC,NEET,15_29,15-29 year-olds,PC_AGE,A,2012,26.7388
GRC,NEET,15_29_MEN,15-29 year-old men,PC_AGE,A,2012,23.561468
GRC,NEET,15_29_WOMEN,15-29 year-old women,PC_AGE,A,2012,29.990019
HUN,NEET,15_29_WOMEN,15-29 year-old women,PC_AGE,A,2012,22.577391
HUN,NEET,15_29,15-29 year-olds,PC_AGE,A,2012,18.879009
HUN,NEET,15_29_MEN,15-29 year-old men,PC_AGE,A,2012,15.276824
IRL,NEET,15_29_MEN,15-29 year-old men,PC_AGE,A,2012,21.748468
IRL,NEET,15_29_WOMEN,15-29 year-old women,PC_AGE,A,2012,20.435951
IRL,NEET,15_29,15-29 year-olds,PC_AGE,A,2012,21.089144
ISL,NEET,15_29_MEN,15-29 year-old men,PC_AGE,A,2012,10.256765
ISL,NEET,15_29,15-29 year-olds,PC_AGE,A,2012,9.830204
ISL,NEET,15_29_WOMEN,15-29 year-old women,PC_AGE,A,2012,9.380415
ISR,NEET,15_29_WOMEN,15-29 year-old women,PC_AGE,A,2012,18.809095
ISR,NEET,15_29_MEN,15-29 year-old men,PC_AGE,A,2012,12.515013
ISR,NEET,15_29,15-29 year-olds,PC_AGE,A,2012,15.659012
ITA,NEET,15_29,15-29 year-olds,PC_AGE,A,2012,24.617849
ITA,NEET,15_29_MEN,15-29 year-old men,PC_AGE,A,2012,22.576872
ITA,NEET,15_29_WOMEN,15-29 year-old women,PC_AGE,A,2012,26.7318
JPN,NEET,15_29,15-29 year-olds,PC_AGE,A,2012,11.501273
JPN,NEET,15_29_WOMEN,15-29 year-old women,PC_AGE,A,2012,14.853707
JPN,NEET,15_29_MEN,15-29 year-old men,PC_AGE,A,2012,8.2841721
LUX,NEET,15_29,15-29 year-olds,PC_AGE,A,2012,8.1754742
LUX,NEET,15_29_MEN,15-29 year-old men,PC_AGE,A,2012,6.7622252
LUX,NEET,15_29_WOMEN,15-29 year-old women,PC_AGE,A,2012,9.5973759
LVA,NEET,15_29,15-29 year-olds,PC_AGE,A,2012,19.086819
LVA,NEET,15_29_WOMEN,15-29 year-old women,PC_AGE,A,2012,20.59697
LVA,NEET,15_29_MEN,15-29 year-old men,PC_AGE,A,2012,17.63196
MEX,NEET,15_29,15-29 year-olds,PC_AGE,A,2012,22.88249
MEX,NEET,15_29_MEN,15-29 year-old men,PC_AGE,A,2012,9.4572887
MEX,NEET,15_29_WOMEN,15-29 year-old women,PC_AGE,A,2012,35.866543
NLD,NEET,15_29_MEN,15-29 year-old men,PC_AGE,A,2012,5.4235649
NLD,NEET,15_29,15-29 year-olds,PC_AGE,A,2012,6.7111859
NLD,NEET,15_29_WOMEN,15-29 year-old women,PC_AGE,A,2012,8.0248346
NOR,NEET,15_29_MEN,15-29 year-old men,PC_AGE,A,2012,7.9239302
NOR,NEET,15_29,15-29 year-olds,PC_AGE,A,2012,8.3960152
NOR,NEET,15_29_WOMEN,15-29 year-old women,PC_AGE,A,2012,8.893528
NZL,NEET,15_29,15-29 year-olds,PC_AGE,A,2012,14.812828
NZL,NEET,15_29_WOMEN,15-29 year-old women,PC_AGE,A,2012,18.640734
NZL,NEET,15_29_MEN,15-29 year-old men,PC_AGE,A,2012,11.122814
OAVG,NEET,15_29_MEN,15-29 year-old men,PC_AGE,A,2012,13.024323
OAVG,NEET,15_29_WOMEN,15-29 year-old women,PC_AGE,A,2012,17.674456
OAVG,NEET,15_29,15-29 year-olds,PC_AGE,A,2012,15.330833
POL,NEET,15_29_MEN,15-29 year-old men,PC_AGE,A,2012,13.045952
POL,NEET,15_29,15-29 year-olds,PC_AGE,A,2012,15.982306
POL,NEET,15_29_WOMEN,15-29 year-old women,PC_AGE,A,2012,19.084303
PRT,NEET,15_29,15-29 year-olds,PC_AGE,A,2012,16.616079
PRT,NEET,15_29_MEN,15-29 year-old men,PC_AGE,A,2012,15.726408
PRT,NEET,15_29_WOMEN,15-29 year-old women,PC_AGE,A,2012,17.537804
SVK,NEET,15_29_WOMEN,15-29 year-old women,PC_AGE,A,2012,21.892372
SVK,NEET,15_29,15-29 year-olds,PC_AGE,A,2012,18.792595
SVK,NEET,15_29_MEN,15-29 year-old men,PC_AGE,A,2012,15.828203
SVN,NEET,15_29_WOMEN,15-29 year-old women,PC_AGE,A,2012,10.70895
SVN,NEET,15_29,15-29 year-olds,PC_AGE,A,2012,10.971951
SVN,NEET,15_29_MEN,15-29 year-old men,PC_AGE,A,2012,11.216198
SWE,NEET,15_29_MEN,15-29 year-old men,PC_AGE,A,2012,9.6549463
SWE,NEET,15_29_WOMEN,15-29 year-old women,PC_AGE,A,2012,9.7386074
SWE,NEET,15_29,15-29 year-olds,PC_AGE,A,2012,9.6956758
USA,NEET,15_29,15-29 year-olds,PC_AGE,A,2012,13.99472
USA,NEET,15_29_WOMEN,15-29 year-old women,PC_AGE,A,2012,14.517914
USA,NEET,15_29_MEN,15-29 year-old men,PC_AGE,A,2012,13.479572
AUS,NEET,15_29,15-29 year-olds,PC_AGE,A,2013,13.015899
AUS,NEET,15_29_WOMEN,15-29 year-old women,PC_AGE,A,2013,15.500691
AUS,NEET,15_29_MEN,15-29 year-old men,PC_AGE,A,2013,10.615814
AUT,NEET,15_29_WOMEN,15-29 year-old women,PC_AGE,A,2013,11.535229
AUT,NEET,15_29_MEN,15-29 year-old men,PC_AGE,A,2013,9.820858
AUT,NEET,15_29,15-29 year-olds,PC_AGE,A,2013,10.680032
BEL,NEET,15_29_WOMEN,15-29 year-old women,PC_AGE,A,2013,15.362207
BEL,NEET,15_29,15-29 year-olds,PC_AGE,A,2013,14.977997
BEL,NEET,15_29_MEN,15-29 year-old men,PC_AGE,A,2013,14.599223
BRA,NEET,15_29,15-29 year-olds,PC_AGE,A,2013,20.32085
BRA,NEET,15_29_MEN,15-29 year-old men,PC_AGE,A,2013,12.696905
BRA,NEET,15_29_WOMEN,15-29 year-old women,PC_AGE,A,2013,27.904539
CAN,NEET,15_29_WOMEN,15-29 year-old women,PC_AGE,A,2013,13.029316
CAN,NEET,15_29_MEN,15-29 year-old men,PC_AGE,A,2013,11.939867
CAN,NEET,15_29,15-29 year-olds,PC_AGE,A,2013,12.478057
CHL,NEET,15_29_MEN,15-29 year-old men,PC_AGE,A,2013,12.808372
CHL,NEET,15_29_WOMEN,15-29 year-old women,PC_AGE,A,2013,24.634447
CHL,NEET,15_29,15-29 year-olds,PC_AGE,A,2013,18.750889
COL,NEET,15_29_WOMEN,15-29 year-old women,PC_AGE,A,2013,31.617388
COL,NEET,15_29_MEN,15-29 year-old men,PC_AGE,A,2013,12.845128
COL,NEET,15_29,15-29 year-olds,PC_AGE,A,2013,22.249762
CRI,NEET,15_29,15-29 year-olds,PC_AGE,A,2013,20.135582
CRI,NEET,15_29_MEN,15-29 year-old men,PC_AGE,A,2013,14.046136
CRI,NEET,15_29_WOMEN,15-29 year-old women,PC_AGE,A,2013,26.916679
CZE,NEET,15_29_MEN,15-29 year-old men,PC_AGE,A,2013,8.5799885
CZE,NEET,15_29_WOMEN,15-29 year-old women,PC_AGE,A,2013,18.148233
CZE,NEET,15_29,15-29 year-olds,PC_AGE,A,2013,13.244039
DEU,NEET,15_29_MEN,15-29 year-old men,PC_AGE,A,2013,7.8998275
DEU,NEET,15_29_WOMEN,15-29 year-old women,PC_AGE,A,2013,11.55245
DEU,NEET,15_29,15-29 year-olds,PC_AGE,A,2013,9.6834126
DNK,NEET,15_29_MEN,15-29 year-old men,PC_AGE,A,2013,11.903671
DNK,NEET,15_29_WOMEN,15-29 year-old women,PC_AGE,A,2013,13.335896
DNK,NEET,15_29,15-29 year-olds,PC_AGE,A,2013,12.585038
ESP,NEET,15_29,15-29 year-olds,PC_AGE,A,2013,27.151373
ESP,NEET,15_29_MEN,15-29 year-old men,PC_AGE,A,2013,27.918406
ESP,NEET,15_29_WOMEN,15-29 year-old women,PC_AGE,A,2013,26.364799
EST,NEET,15_29_MEN,15-29 year-old men,PC_AGE,A,2013,11.285048
EST,NEET,15_29_WOMEN,15-29 year-old women,PC_AGE,A,2013,18.535807
EST,NEET,15_29,15-29 year-olds,PC_AGE,A,2013,14.799244
FIN,NEET,15_29_MEN,15-29 year-old men,PC_AGE,A,2013,12.381402
FIN,NEET,15_29_WOMEN,15-29 year-old women,PC_AGE,A,2013,12.281321
FIN,NEET,15_29,15-29 year-olds,PC_AGE,A,2013,12.331663
FRA,NEET,15_29,15-29 year-olds,PC_AGE,A,2013,16.340042
FRA,NEET,15_29_MEN,15-29 year-old men,PC_AGE,A,2013,15.274624
FRA,NEET,15_29_WOMEN,15-29 year-old women,PC_AGE,A,2013,17.398626
GBR,NEET,15_29_MEN,15-29 year-old men,PC_AGE,A,2013,12.95553
GBR,NEET,15_29_WOMEN,15-29 year-old women,PC_AGE,A,2013,18.25268
GBR,NEET,15_29,15-29 year-olds,PC_AGE,A,2013,15.588923
GRC,NEET,15_29_MEN,15-29 year-old men,PC_AGE,A,2013,26.404623
GRC,NEET,15_29,15-29 year-olds,PC_AGE,A,2013,28.469343
GRC,NEET,15_29_WOMEN,15-29 year-old women,PC_AGE,A,2013,30.555891
HUN,NEET,15_29_WOMEN,15-29 year-old women,PC_AGE,A,2013,23.405273
HUN,NEET,15_29,15-29 year-olds,PC_AGE,A,2013,20.482632
HUN,NEET,15_29_MEN,15-29 year-old men,PC_AGE,A,2013,17.631403
IRL,NEET,15_29_MEN,15-29 year-old men,PC_AGE,A,2013,19.182693
IRL,NEET,15_29_WOMEN,15-29 year-old women,PC_AGE,A,2013,19.302244
IRL,NEET,15_29,15-29 year-olds,PC_AGE,A,2013,19.24276
ISL,NEET,15_29_WOMEN,15-29 year-old women,PC_AGE,A,2013,8.4191866
ISL,NEET,15_29_MEN,15-29 year-old men,PC_AGE,A,2013,8.2696686
ISL,NEET,15_29,15-29 year-olds,PC_AGE,A,2013,8.3424835
ISR,NEET,15_29_WOMEN,15-29 year-old women,PC_AGE,A,2013,17.551495
ISR,NEET,15_29,15-29 year-olds,PC_AGE,A,2013,14.968257
ISR,NEET,15_29_MEN,15-29 year-old men,PC_AGE,A,2013,12.356174
ITA,NEET,15_29_MEN,15-29 year-old men,PC_AGE,A,2013,24.26836
ITA,NEET,15_29,15-29 year-olds,PC_AGE,A,2013,26.099258
ITA,NEET,15_29_WOMEN,15-29 year-old women,PC_AGE,A,2013,27.999418
JPN,NEET,15_29,15-29 year-olds,PC_AGE,A,2013,10.834349
JPN,NEET,15_29_WOMEN,15-29 year-old women,PC_AGE,A,2013,13.360121
JPN,NEET,15_29_MEN,15-29 year-old men,PC_AGE,A,2013,8.4290895
LUX,NEET,15_29,15-29 year-olds,PC_AGE,A,2013,6.0610461
LUX,NEET,15_29_MEN,15-29 year-old men,PC_AGE,A,2013,7.2615185
LUX,NEET,15_29_WOMEN,15-29 year-old women,PC_AGE,A,2013,4.871047
LVA,NEET,15_29_MEN,15-29 year-old men,PC_AGE,A,2013,13.183588
LVA,NEET,15_29_WOMEN,15-29 year-old women,PC_AGE,A,2013,18.473818
LVA,NEET,15_29,15-29 year-olds,PC_AGE,A,2013,15.771196
MEX,NEET,15_29_WOMEN,15-29 year-old women,PC_AGE,A,2013,34.737572
MEX,NEET,15_29,15-29 year-olds,PC_AGE,A,2013,22.298733
MEX,NEET,15_29_MEN,15-29 year-old men,PC_AGE,A,2013,9.3615303
NLD,NEET,15_29_MEN,15-29 year-old men,PC_AGE,A,2013,8.0113525
NLD,NEET,15_29_WOMEN,15-29 year-old women,PC_AGE,A,2013,8.9080076
NLD,NEET,15_29,15-29 year-olds,PC_AGE,A,2013,8.4539251
NOR,NEET,15_29,15-29 year-olds,PC_AGE,A,2013,9.0836496
NOR,NEET,15_29_MEN,15-29 year-old men,PC_AGE,A,2013,8.4726
NOR,NEET,15_29_WOMEN,15-29 year-old women,PC_AGE,A,2013,9.729064
NZL,NEET,15_29_WOMEN,15-29 year-old women,PC_AGE,A,2013,19.588531
NZL,NEET,15_29_MEN,15-29 year-old men,PC_AGE,A,2013,8.8697844
NZL,NEET,15_29,15-29 year-olds,PC_AGE,A,2013,14.114371
OAVG,NEET,15_29_WOMEN,15-29 year-old women,PC_AGE,A,2013,18.796905
OAVG,NEET,15_29_MEN,15-29 year-old men,PC_AGE,A,2013,13.398636
OAVG,NEET,15_29,15-29 year-olds,PC_AGE,A,2013,16.067114
POL,NEET,15_29_MEN,15-29 year-old men,PC_AGE,A,2013,14.196083
POL,NEET,15_29,15-29 year-olds,PC_AGE,A,2013,16.951569
POL,NEET,15_29_WOMEN,15-29 year-old women,PC_AGE,A,2013,19.864079
PRT,NEET,15_29_WOMEN,15-29 year-old women,PC_AGE,A,2013,17.172955
PRT,NEET,15_29_MEN,15-29 year-old men,PC_AGE,A,2013,17.457457
PRT,NEET,15_29,15-29 year-olds,PC_AGE,A,2013,17.317533
RUS,NEET,15_29_WOMEN,15-29 year-old women,PC_AGE,A,2013,18.179489
RUS,NEET,15_29_MEN,15-29 year-old men,PC_AGE,A,2013,9.4896517
RUS,NEET,15_29,15-29 year-olds,PC_AGE,A,2013,13.776904
SVK,NEET,15_29_MEN,15-29 year-old men,PC_AGE,A,2013,16.435583
SVK,NEET,15_29_WOMEN,15-29 year-old women,PC_AGE,A,2013,21.902882
SVK,NEET,15_29,15-29 year-olds,PC_AGE,A,2013,19.110228
SVN,NEET,15_29_MEN,15-29 year-old men,PC_AGE,A,2013,12.719523
SVN,NEET,15_29_WOMEN,15-29 year-old women,PC_AGE,A,2013,13.636483
SVN,NEET,15_29,15-29 year-olds,PC_AGE,A,2013,13.162342
SWE,NEET,15_29_MEN,15-29 year-old men,PC_AGE,A,2013,9.1786928
SWE,NEET,15_29_WOMEN,15-29 year-old women,PC_AGE,A,2013,9.5610409
SWE,NEET,15_29,15-29 year-olds,PC_AGE,A,2013,9.3649673
TUR,NEET,15_29_WOMEN,15-29 year-old women,PC_AGE,A,2013,45.223385
TUR,NEET,15_29_MEN,15-29 year-old men,PC_AGE,A,2013,17.641607
TUR,NEET,15_29,15-29 year-olds,PC_AGE,A,2013,31.256966
USA,NEET,15_29_WOMEN,15-29 year-old women,PC_AGE,A,2013,19.163424
USA,NEET,15_29_MEN,15-29 year-old men,PC_AGE,A,2013,14.747028
USA,NEET,15_29,15-29 year-olds,PC_AGE,A,2013,16.951422
ZAF,NEET,15_29,15-29 year-olds,PC_AGE,A,2013,37.173954
ZAF,NEET,15_29_MEN,15-29 year-old men,PC_AGE,A,2013,33.406227
ZAF,NEET,15_29_WOMEN,15-29 year-old women,PC_AGE,A,2013,40.992676
AUS,NEET,15_29,15-29 year-olds,PC_AGE,A,2014,12.647472
AUS,NEET,15_29_MEN,15-29 year-old men,PC_AGE,A,2014,10.088971
AUS,NEET,15_29_WOMEN,15-29 year-old women,PC_AGE,A,2014,15.283182
AUT,NEET,15_29_WOMEN,15-29 year-old women,PC_AGE,A,2014,12.018834
AUT,NEET,15_29_MEN,15-29 year-old men,PC_AGE,A,2014,11.085764
AUT,NEET,15_29,15-29 year-olds,PC_AGE,A,2014,11.552073
BEL,NEET,15_29_WOMEN,15-29 year-old women,PC_AGE,A,2014,15.315398
BEL,NEET,15_29_MEN,15-29 year-old men,PC_AGE,A,2014,14.718242
BEL,NEET,15_29,15-29 year-olds,PC_AGE,A,2014,15.014685
BRA,NEET,15_29,15-29 year-olds,PC_AGE,A,2014,19.955
BRA,NEET,15_29_MEN,15-29 year-old men,PC_AGE,A,2014,12.294874
BRA,NEET,15_29_WOMEN,15-29 year-old women,PC_AGE,A,2014,27.594593
CAN,NEET,15_29_WOMEN,15-29 year-old women,PC_AGE,A,2014,13.604634
CAN,NEET,15_29,15-29 year-olds,PC_AGE,A,2014,13.403195
CAN,NEET,15_29_MEN,15-29 year-old men,PC_AGE,A,2014,13.207002
COL,NEET,15_29_MEN,15-29 year-old men,PC_AGE,A,2014,12.607527
COL,NEET,15_29,15-29 year-olds,PC_AGE,A,2014,21.559408
COL,NEET,15_29_WOMEN,15-29 year-old women,PC_AGE,A,2014,30.528021
CRI,NEET,15_29_MEN,15-29 year-old men,PC_AGE,A,2014,12.206843
CRI,NEET,15_29_WOMEN,15-29 year-old women,PC_AGE,A,2014,26.499372
CRI,NEET,15_29,15-29 year-olds,PC_AGE,A,2014,18.818441
CZE,NEET,15_29,15-29 year-olds,PC_AGE,A,2014,12.489656
CZE,NEET,15_29_MEN,15-29 year-old men,PC_AGE,A,2014,7.3289819
CZE,NEET,15_29_WOMEN,15-29 year-old women,PC_AGE,A,2014,17.904968
DEU,NEET,15_29_MEN,15-29 year-old men,PC_AGE,A,2014,7.4267535
DEU,NEET,15_29,15-29 year-olds,PC_AGE,A,2014,9.1729298
DEU,NEET,15_29_WOMEN,15-29 year-old women,PC_AGE,A,2014,10.999152
DNK,NEET,15_29_MEN,15-29 year-old men,PC_AGE,A,2014,11.56141
DNK,NEET,15_29,15-29 year-olds,PC_AGE,A,2014,13.081948
DNK,NEET,15_29_WOMEN,15-29 year-old women,PC_AGE,A,2014,14.696346
ESP,NEET,15_29,15-29 year-olds,PC_AGE,A,2014,24.314959
ESP,NEET,15_29_MEN,15-29 year-old men,PC_AGE,A,2014,24.444714
ESP,NEET,15_29_WOMEN,15-29 year-old women,PC_AGE,A,2014,24.182508
EST,NEET,15_29_MEN,15-29 year-old men,PC_AGE,A,2014,11.751147
EST,NEET,15_29,15-29 year-olds,PC_AGE,A,2014,14.499515
EST,NEET,15_29_WOMEN,15-29 year-old women,PC_AGE,A,2014,17.427729
FIN,NEET,15_29,15-29 year-olds,PC_AGE,A,2014,12.966842
FIN,NEET,15_29_MEN,15-29 year-old men,PC_AGE,A,2014,12.791322
FIN,NEET,15_29_WOMEN,15-29 year-old women,PC_AGE,A,2014,13.147387
FRA,NEET,15_29,15-29 year-olds,PC_AGE,A,2014,16.251743
FRA,NEET,15_29_MEN,15-29 year-old men,PC_AGE,A,2014,15.099367
FRA,NEET,15_29_WOMEN,15-29 year-old women,PC_AGE,A,2014,17.40027
GBR,NEET,15_29_WOMEN,15-29 year-old women,PC_AGE,A,2014,16.854223
GBR,NEET,15_29,15-29 year-olds,PC_AGE,A,2014,14.401425
GBR,NEET,15_29_MEN,15-29 year-old men,PC_AGE,A,2014,11.988289
GRC,NEET,15_29,15-29 year-olds,PC_AGE,A,2014,28.306072
GRC,NEET,15_29_MEN,15-29 year-old men,PC_AGE,A,2014,26.887753
GRC,NEET,15_29_WOMEN,15-29 year-old women,PC_AGE,A,2014,29.737219
HUN,NEET,15_29_WOMEN,15-29 year-old women,PC_AGE,A,2014,22.399725
HUN,NEET,15_29,15-29 year-olds,PC_AGE,A,2014,17.478123
HUN,NEET,15_29_MEN,15-29 year-old men,PC_AGE,A,2014,12.740422
IRL,NEET,15_29_MEN,15-29 year-old men,PC_AGE,A,2014,17.240145
IRL,NEET,15_29_WOMEN,15-29 year-old women,PC_AGE,A,2014,18.840288
IRL,NEET,15_29,15-29 year-olds,PC_AGE,A,2014,18.034855
ISL,NEET,15_29_WOMEN,15-29 year-old women,PC_AGE,A,2014,9.4205599
ISL,NEET,15_29,15-29 year-olds,PC_AGE,A,2014,9.4278889
ISL,NEET,15_29_MEN,15-29 year-old men,PC_AGE,A,2014,9.4348602
ISR,NEET,15_29_WOMEN,15-29 year-old women,PC_AGE,A,2014,16.043098
ISR,NEET,15_29_MEN,15-29 year-old men,PC_AGE,A,2014,11.618299
ISR,NEET,15_29,15-29 year-olds,PC_AGE,A,2014,13.846004
ITA,NEET,15_29,15-29 year-olds,PC_AGE,A,2014,27.712954
ITA,NEET,15_29_WOMEN,15-29 year-old women,PC_AGE,A,2014,28.794689
ITA,NEET,15_29_MEN,15-29 year-old men,PC_AGE,A,2014,26.66975
JPN,NEET,15_29_WOMEN,15-29 year-old women,PC_AGE,A,2014,12.497087
JPN,NEET,15_29,15-29 year-olds,PC_AGE,A,2014,9.8242168
JPN,NEET,15_29_MEN,15-29 year-old men,PC_AGE,A,2014,7.2814903
LTU,NEET,15_29,15-29 year-olds,PC_AGE,A,2014,14.185811
LTU,NEET,15_29_MEN,15-29 year-old men,PC_AGE,A,2014,12.514214
LTU,NEET,15_29_WOMEN,15-29 year-old women,PC_AGE,A,2014,15.957609
LUX,NEET,15_29,15-29 year-olds,PC_AGE,A,2014,8.211834
LUX,NEET,15_29_MEN,15-29 year-old men,PC_AGE,A,2014,9.7835007
LUX,NEET,15_29_WOMEN,15-29 year-old women,PC_AGE,A,2014,6.5701427
LVA,NEET,15_29,15-29 year-olds,PC_AGE,A,2014,14.520842
LVA,NEET,15_29_MEN,15-29 year-old men,PC_AGE,A,2014,12.994485
LVA,NEET,15_29_WOMEN,15-29 year-old women,PC_AGE,A,2014,16.111862
MEX,NEET,15_29,15-29 year-olds,PC_AGE,A,2014,22.379408
MEX,NEET,15_29_MEN,15-29 year-old men,PC_AGE,A,2014,9.4156494
MEX,NEET,15_29_WOMEN,15-29 year-old women,PC_AGE,A,2014,35.075737
NLD,NEET,15_29_MEN,15-29 year-old men,PC_AGE,A,2014,7.4835157
NLD,NEET,15_29,15-29 year-olds,PC_AGE,A,2014,8.1356153
NLD,NEET,15_29_WOMEN,15-29 year-old women,PC_AGE,A,2014,8.8044119
NOR,NEET,15_29_MEN,15-29 year-old men,PC_AGE,A,2014,8.7358685
NOR,NEET,15_29_WOMEN,15-29 year-old women,PC_AGE,A,2014,9.8411417
NOR,NEET,15_29,15-29 year-olds,PC_AGE,A,2014,9.2755718
NZL,NEET,15_29_WOMEN,15-29 year-old women,PC_AGE,A,2014,17.15847
NZL,NEET,15_29,15-29 year-olds,PC_AGE,A,2014,12.936568
NZL,NEET,15_29_MEN,15-29 year-old men,PC_AGE,A,2014,8.7521667
OAVG,NEET,15_29_MEN,15-29 year-old men,PC_AGE,A,2014,13.113648
OAVG,NEET,15_29_WOMEN,15-29 year-old women,PC_AGE,A,2014,18.341269
OAVG,NEET,15_29,15-29 year-olds,PC_AGE,A,2014,15.69129
POL,NEET,15_29_MEN,15-29 year-old men,PC_AGE,A,2014,13.408134
POL,NEET,15_29,15-29 year-olds,PC_AGE,A,2014,15.841155
POL,NEET,15_29_WOMEN,15-29 year-old women,PC_AGE,A,2014,18.422619
PRT,NEET,15_29_MEN,15-29 year-old men,PC_AGE,A,2014,19.33103
PRT,NEET,15_29,15-29 year-olds,PC_AGE,A,2014,19.158863
PRT,NEET,15_29_WOMEN,15-29 year-old women,PC_AGE,A,2014,18.985132
RUS,NEET,15_29_WOMEN,15-29 year-old women,PC_AGE,A,2014,18.50189
RUS,NEET,15_29_MEN,15-29 year-old men,PC_AGE,A,2014,9.461566
RUS,NEET,15_29,15-29 year-olds,PC_AGE,A,2014,13.915712
SVK,NEET,15_29_MEN,15-29 year-old men,PC_AGE,A,2014,15.752804
SVK,NEET,15_29,15-29 year-olds,PC_AGE,A,2014,18.712257
SVK,NEET,15_29_WOMEN,15-29 year-old women,PC_AGE,A,2014,21.802473
SVN,NEET,15_29_WOMEN,15-29 year-old women,PC_AGE,A,2014,15.397146
SVN,NEET,15_29,15-29 year-olds,PC_AGE,A,2014,13.662683
SVN,NEET,15_29_MEN,15-29 year-old men,PC_AGE,A,2014,12.03903
SWE,NEET,15_29,15-29 year-olds,PC_AGE,A,2014,9.4477053
SWE,NEET,15_29_MEN,15-29 year-old men,PC_AGE,A,2014,9.2557554
SWE,NEET,15_29_WOMEN,15-29 year-old women,PC_AGE,A,2014,9.6499386
TUR,NEET,15_29_MEN,15-29 year-old men,PC_AGE,A,2014,17.192041
TUR,NEET,15_29,15-29 year-olds,PC_AGE,A,2014,31.558617
TUR,NEET,15_29_WOMEN,15-29 year-old women,PC_AGE,A,2014,45.97353
USA,NEET,15_29,15-29 year-olds,PC_AGE,A,2014,16.3638
USA,NEET,15_29_WOMEN,15-29 year-old women,PC_AGE,A,2014,18.59951
USA,NEET,15_29_MEN,15-29 year-old men,PC_AGE,A,2014,14.140426
ZAF,NEET,15_29,15-29 year-olds,PC_AGE,A,2014,36.651676
ZAF,NEET,15_29_WOMEN,15-29 year-old women,PC_AGE,A,2014,40.414764
ZAF,NEET,15_29_MEN,15-29 year-old men,PC_AGE,A,2014,32.952656
AUS,NEET,15_29_MEN,15-29 year-old men,PC_AGE,A,2015,9.2532463
AUS,NEET,15_29,15-29 year-olds,PC_AGE,A,2015,11.83161
AUS,NEET,15_29_WOMEN,15-29 year-old women,PC_AGE,A,2015,14.482581
AUT,NEET,15_29_MEN,15-29 year-old men,PC_AGE,A,2015,10.764282
AUT,NEET,15_29,15-29 year-olds,PC_AGE,A,2015,10.438811
AUT,NEET,15_29_WOMEN,15-29 year-old women,PC_AGE,A,2015,10.112016
BEL,NEET,15_29,15-29 year-olds,PC_AGE,A,2015,13.80891
BEL,NEET,15_29_WOMEN,15-29 year-old women,PC_AGE,A,2015,14.874516
BEL,NEET,15_29_MEN,15-29 year-old men,PC_AGE,A,2015,12.760171
BRA,NEET,15_29,15-29 year-olds,PC_AGE,A,2015,22.539059
BRA,NEET,15_29_MEN,15-29 year-old men,PC_AGE,A,2015,15.433924
BRA,NEET,15_29_WOMEN,15-29 year-old women,PC_AGE,A,2015,29.774755
CAN,NEET,15_29_WOMEN,15-29 year-old women,PC_AGE,A,2015,13.202497
CAN,NEET,15_29_MEN,15-29 year-old men,PC_AGE,A,2015,13.317959
CAN,NEET,15_29,15-29 year-olds,PC_AGE,A,2015,13.261124
CHL,NEET,15_29,15-29 year-olds,PC_AGE,A,2015,17.971138
CHL,NEET,15_29_WOMEN,15-29 year-old women,PC_AGE,A,2015,23.171934
CHL,NEET,15_29_MEN,15-29 year-old men,PC_AGE,A,2015,12.684749
COL,NEET,15_29_MEN,15-29 year-old men,PC_AGE,A,2015,11.744573
COL,NEET,15_29,15-29 year-olds,PC_AGE,A,2015,21.216297
COL,NEET,15_29_WOMEN,15-29 year-old women,PC_AGE,A,2015,30.766113
CRI,NEET,15_29_MEN,15-29 year-old men,PC_AGE,A,2015,13.368958
CRI,NEET,15_29_WOMEN,15-29 year-old women,PC_AGE,A,2015,27.540449
CRI,NEET,15_29,15-29 year-olds,PC_AGE,A,2015,20.113411
CZE,NEET,15_29_MEN,15-29 year-old men,PC_AGE,A,2015,7.6210213
CZE,NEET,15_29_WOMEN,15-29 year-old women,PC_AGE,A,2015,17.068291
CZE,NEET,15_29,15-29 year-olds,PC_AGE,A,2015,12.232547
DEU,NEET,15_29_WOMEN,15-29 year-old women,PC_AGE,A,2015,10.362277
DEU,NEET,15_29_MEN,15-29 year-old men,PC_AGE,A,2015,6.8812923
DEU,NEET,15_29,15-29 year-olds,PC_AGE,A,2015,8.5675774
DNK,NEET,15_29,15-29 year-olds,PC_AGE,A,2015,11.433514
DNK,NEET,15_29_MEN,15-29 year-old men,PC_AGE,A,2015,10.593236
DNK,NEET,15_29_WOMEN,15-29 year-old women,PC_AGE,A,2015,12.309191
ESP,NEET,15_29_WOMEN,15-29 year-old women,PC_AGE,A,2015,23.186272
ESP,NEET,15_29,15-29 year-olds,PC_AGE,A,2015,22.820313
ESP,NEET,15_29_MEN,15-29 year-old men,PC_AGE,A,2015,22.464882
EST,NEET,15_29_WOMEN,15-29 year-old women,PC_AGE,A,2015,17.840469
EST,NEET,15_29_MEN,15-29 year-old men,PC_AGE,A,2015,8.1730013
EST,NEET,15_29,15-29 year-olds,PC_AGE,A,2015,12.8484
FIN,NEET,15_29_MEN,15-29 year-old men,PC_AGE,A,2015,13.634116
FIN,NEET,15_29_WOMEN,15-29 year-old women,PC_AGE,A,2015,14.992694
FIN,NEET,15_29,15-29 year-olds,PC_AGE,A,2015,14.311735
FRA,NEET,15_29_WOMEN,15-29 year-old women,PC_AGE,A,2015,18.066158
FRA,NEET,15_29_MEN,15-29 year-old men,PC_AGE,A,2015,16.329666
FRA,NEET,15_29,15-29 year-olds,PC_AGE,A,2015,17.200922
GBR,NEET,15_29_MEN,15-29 year-old men,PC_AGE,A,2015,10.819592
GBR,NEET,15_29,15-29 year-olds,PC_AGE,A,2015,13.741446
GBR,NEET,15_29_WOMEN,15-29 year-old women,PC_AGE,A,2015,16.727333
GRC,NEET,15_29_MEN,15-29 year-old men,PC_AGE,A,2015,24.92495
GRC,NEET,15_29_WOMEN,15-29 year-old women,PC_AGE,A,2015,27.39393
GRC,NEET,15_29,15-29 year-olds,PC_AGE,A,2015,26.14764
HUN,NEET,15_29,15-29 year-olds,PC_AGE,A,2015,15.890547
HUN,NEET,15_29_MEN,15-29 year-old men,PC_AGE,A,2015,12.103756
HUN,NEET,15_29_WOMEN,15-29 year-old women,PC_AGE,A,2015,19.856724
IRL,NEET,15_29,15-29 year-olds,PC_AGE,A,2015,16.197556
IRL,NEET,15_29_MEN,15-29 year-old men,PC_AGE,A,2015,15.560525
IRL,NEET,15_29_WOMEN,15-29 year-old women,PC_AGE,A,2015,16.845562
ISL,NEET,15_29_WOMEN,15-29 year-old women,PC_AGE,A,2015,7.1428266
ISL,NEET,15_29_MEN,15-29 year-old men,PC_AGE,A,2015,6.701561
ISL,NEET,15_29,15-29 year-olds,PC_AGE,A,2015,6.916347
ISR,NEET,15_29_WOMEN,15-29 year-old women,PC_AGE,A,2015,16.683895
ISR,NEET,15_29_MEN,15-29 year-old men,PC_AGE,A,2015,11.445586
ISR,NEET,15_29,15-29 year-olds,PC_AGE,A,2015,14.077371
ITA,NEET,15_29_WOMEN,15-29 year-old women,PC_AGE,A,2015,28.463589
ITA,NEET,15_29_MEN,15-29 year-old men,PC_AGE,A,2015,26.345005
ITA,NEET,15_29,15-29 year-olds,PC_AGE,A,2015,27.383543
LTU,NEET,15_29_WOMEN,15-29 year-old women,PC_AGE,A,2015,15.31151
LTU,NEET,15_29,15-29 year-olds,PC_AGE,A,2015,13.743647
LTU,NEET,15_29_MEN,15-29 year-old men,PC_AGE,A,2015,12.251558
LUX,NEET,15_29,15-29 year-olds,PC_AGE,A,2015,8.425355
LUX,NEET,15_29_MEN,15-29 year-old men,PC_AGE,A,2015,6.9064069
LUX,NEET,15_29_WOMEN,15-29 year-old women,PC_AGE,A,2015,9.9734478
LVA,NEET,15_29_MEN,15-29 year-old men,PC_AGE,A,2015,10.923232
LVA,NEET,15_29_WOMEN,15-29 year-old women,PC_AGE,A,2015,15.100099
LVA,NEET,15_29,15-29 year-olds,PC_AGE,A,2015,12.961889
MEX,NEET,15_29_MEN,15-29 year-old men,PC_AGE,A,2015,8.6794901
MEX,NEET,15_29_WOMEN,15-29 year-old women,PC_AGE,A,2015,34.974686
MEX,NEET,15_29,15-29 year-olds,PC_AGE,A,2015,21.938206
NLD,NEET,15_29_WOMEN,15-29 year-old women,PC_AGE,A,2015,8.1995153
NLD,NEET,15_29,15-29 year-olds,PC_AGE,A,2015,7.2415915
NLD,NEET,15_29_MEN,15-29 year-old men,PC_AGE,A,2015,6.3067675
NOR,NEET,15_29_MEN,15-29 year-old men,PC_AGE,A,2015,9.0045595
NOR,NEET,15_29_WOMEN,15-29 year-old women,PC_AGE,A,2015,9.3210125
NOR,NEET,15_29,15-29 year-olds,PC_AGE,A,2015,9.1583672
NZL,NEET,15_29_WOMEN,15-29 year-old women,PC_AGE,A,2015,17.816946
NZL,NEET,15_29,15-29 year-olds,PC_AGE,A,2015,13.294979
NZL,NEET,15_29_MEN,15-29 year-old men,PC_AGE,A,2015,8.9053802
OAVG,NEET,15_29,15-29 year-olds,PC_AGE,A,2015,15.216765
OAVG,NEET,15_29_MEN,15-29 year-old men,PC_AGE,A,2015,12.36592
OAVG,NEET,15_29_WOMEN,15-29 year-old women,PC_AGE,A,2015,18.145027
POL,NEET,15_29_MEN,15-29 year-old men,PC_AGE,A,2015,13.662457
POL,NEET,15_29,15-29 year-olds,PC_AGE,A,2015,15.646258
POL,NEET,15_29_WOMEN,15-29 year-old women,PC_AGE,A,2015,17.754728
PRT,NEET,15_29_MEN,15-29 year-old men,PC_AGE,A,2015,14.903499
PRT,NEET,15_29_WOMEN,15-29 year-old women,PC_AGE,A,2015,18.194384
PRT,NEET,15_29,15-29 year-olds,PC_AGE,A,2015,16.540342
ROU,NEET,15_29_WOMEN,15-29 year-old women,PC_AGE,A,2015,27.885714
ROU,NEET,15_29,15-29 year-olds,PC_AGE,A,2015,23.641378
ROU,NEET,15_29_MEN,15-29 year-old men,PC_AGE,A,2015,19.68
RUS,NEET,15_29_MEN,15-29 year-old men,PC_AGE,A,2015,9.5536804
RUS,NEET,15_29,15-29 year-olds,PC_AGE,A,2015,14.035404
RUS,NEET,15_29_WOMEN,15-29 year-old women,PC_AGE,A,2015,18.664536
SVK,NEET,15_29_WOMEN,15-29 year-old women,PC_AGE,A,2015,20.895922
SVK,NEET,15_29_MEN,15-29 year-old men,PC_AGE,A,2015,13.66963
SVK,NEET,15_29,15-29 year-olds,PC_AGE,A,2015,17.206007
SVN,NEET,15_29,15-29 year-olds,PC_AGE,A,2015,14.600477
SVN,NEET,15_29_MEN,15-29 year-old men,PC_AGE,A,2015,13.160304
SVN,NEET,15_29_WOMEN,15-29 year-old women,PC_AGE,A,2015,16.138857
SWE,NEET,15_29,15-29 year-olds,PC_AGE,A,2015,9.0771637
SWE,NEET,15_29_MEN,15-29 year-old men,PC_AGE,A,2015,8.9150543
SWE,NEET,15_29_WOMEN,15-29 year-old women,PC_AGE,A,2015,9.2483625
TUR,NEET,15_29_MEN,15-29 year-old men,PC_AGE,A,2015,15.084305
TUR,NEET,15_29,15-29 year-olds,PC_AGE,A,2015,28.777969
TUR,NEET,15_29_WOMEN,15-29 year-old women,PC_AGE,A,2015,42.860466
USA,NEET,15_29_MEN,15-29 year-old men,PC_AGE,A,2015,12.942437
USA,NEET,15_29,15-29 year-olds,PC_AGE,A,2015,15.563759
USA,NEET,15_29_WOMEN,15-29 year-old women,PC_AGE,A,2015,18.196678
ZAF,NEET,15_29_WOMEN,15-29 year-old women,PC_AGE,A,2015,39.883278
ZAF,NEET,15_29,15-29 year-olds,PC_AGE,A,2015,35.947517
ZAF,NEET,15_29_MEN,15-29 year-old men,PC_AGE,A,2015,32.090534
AUS,NEET,15_29_WOMEN,15-29 year-old women,PC_AGE,A,2016,13.619301
AUS,NEET,15_29_MEN,15-29 year-old men,PC_AGE,A,2016,9.146492
AUS,NEET,15_29,15-29 year-olds,PC_AGE,A,2016,11.35215
AUT,NEET,15_29_WOMEN,15-29 year-old women,PC_AGE,A,2016,10.762677
AUT,NEET,15_29_MEN,15-29 year-old men,PC_AGE,A,2016,10.957573
AUT,NEET,15_29,15-29 year-olds,PC_AGE,A,2016,10.861573
BEL,NEET,15_29_WOMEN,15-29 year-old women,PC_AGE,A,2016,13.879575
BEL,NEET,15_29_MEN,15-29 year-old men,PC_AGE,A,2016,12.115662
BEL,NEET,15_29,15-29 year-olds,PC_AGE,A,2016,12.989787
BRA,NEET,15_29_MEN,15-29 year-old men,PC_AGE,A,2016,16.685755
BRA,NEET,15_29_WOMEN,15-29 year-old women,PC_AGE,A,2016,31.520287
BRA,NEET,15_29,15-29 year-olds,PC_AGE,A,2016,24.061462
CAN,NEET,15_29_WOMEN,15-29 year-old women,PC_AGE,A,2016,12.593034
CAN,NEET,15_29_MEN,15-29 year-old men,PC_AGE,A,2016,13.56813
CAN,NEET,15_29,15-29 year-olds,PC_AGE,A,2016,13.088084
COL,NEET,15_29_MEN,15-29 year-old men,PC_AGE,A,2016,12.533899
COL,NEET,15_29,15-29 year-olds,PC_AGE,A,2016,21.494843
COL,NEET,15_29_WOMEN,15-29 year-old women,PC_AGE,A,2016,30.515181
CRI,NEET,15_29,15-29 year-olds,PC_AGE,A,2016,22.052027
CRI,NEET,15_29_MEN,15-29 year-old men,PC_AGE,A,2016,14.655795
CRI,NEET,15_29_WOMEN,15-29 year-old women,PC_AGE,A,2016,30.346474
CZE,NEET,15_29,15-29 year-olds,PC_AGE,A,2016,11.624346
CZE,NEET,15_29_WOMEN,15-29 year-old women,PC_AGE,A,2016,17.691151
CZE,NEET,15_29_MEN,15-29 year-old men,PC_AGE,A,2016,5.8381457
DEU,NEET,15_29_WOMEN,15-29 year-old women,PC_AGE,A,2016,11.633262
DEU,NEET,15_29,15-29 year-olds,PC_AGE,A,2016,9.6113749
DEU,NEET,15_29_MEN,15-29 year-old men,PC_AGE,A,2016,7.7783775
DNK,NEET,15_29_WOMEN,15-29 year-old women,PC_AGE,A,2016,9.8796949
DNK,NEET,15_29_MEN,15-29 year-old men,PC_AGE,A,2016,9.5337057
DNK,NEET,15_29,15-29 year-olds,PC_AGE,A,2016,9.7030172
ESP,NEET,15_29_WOMEN,15-29 year-old women,PC_AGE,A,2016,22.310101
ESP,NEET,15_29,15-29 year-olds,PC_AGE,A,2016,21.675491
ESP,NEET,15_29_MEN,15-29 year-old men,PC_AGE,A,2016,21.060247
EST,NEET,15_29,15-29 year-olds,PC_AGE,A,2016,14.530252
EST,NEET,15_29_WOMEN,15-29 year-old women,PC_AGE,A,2016,20.223307
EST,NEET,15_29_MEN,15-29 year-old men,PC_AGE,A,2016,9.2212391
FIN,NEET,15_29,15-29 year-olds,PC_AGE,A,2016,13.227513
FIN,NEET,15_29_WOMEN,15-29 year-old women,PC_AGE,A,2016,13.219616
FIN,NEET,15_29_MEN,15-29 year-old men,PC_AGE,A,2016,13.235294
FRA,NEET,15_29_MEN,15-29 year-old men,PC_AGE,A,2016,16.387989
FRA,NEET,15_29_WOMEN,15-29 year-old women,PC_AGE,A,2016,17.983927
FRA,NEET,15_29,15-29 year-olds,PC_AGE,A,2016,17.187014
GBR,NEET,15_29,15-29 year-olds,PC_AGE,A,2016,13.19285
GBR,NEET,15_29_MEN,15-29 year-old men,PC_AGE,A,2016,10.209829
GBR,NEET,15_29_WOMEN,15-29 year-old women,PC_AGE,A,2016,16.240204
GRC,NEET,15_29,15-29 year-olds,PC_AGE,A,2016,23.541365
GRC,NEET,15_29_MEN,15-29 year-old men,PC_AGE,A,2016,21.08843
GRC,NEET,15_29_WOMEN,15-29 year-old women,PC_AGE,A,2016,26.093504
HUN,NEET,15_29_WOMEN,15-29 year-old women,PC_AGE,A,2016,19.294029
HUN,NEET,15_29,15-29 year-olds,PC_AGE,A,2016,15.176572
HUN,NEET,15_29_MEN,15-29 year-old men,PC_AGE,A,2016,11.254341
IRL,NEET,15_29_MEN,15-29 year-old men,PC_AGE,A,2016,15.172675
IRL,NEET,15_29_WOMEN,15-29 year-old women,PC_AGE,A,2016,14.501605
IRL,NEET,15_29,15-29 year-olds,PC_AGE,A,2016,14.839109
ISL,NEET,15_29,15-29 year-olds,PC_AGE,A,2016,6.0769682
ISL,NEET,15_29_MEN,15-29 year-old men,PC_AGE,A,2016,5.2957106
ISL,NEET,15_29_WOMEN,15-29 year-old women,PC_AGE,A,2016,6.91361
ISR,NEET,15_29_MEN,15-29 year-old men,PC_AGE,A,2016,11.300838
ISR,NEET,15_29_WOMEN,15-29 year-old women,PC_AGE,A,2016,16.195866
ISR,NEET,15_29,15-29 year-olds,PC_AGE,A,2016,13.757322
ITA,NEET,15_29_MEN,15-29 year-old men,PC_AGE,A,2016,24.581005
ITA,NEET,15_29,15-29 year-olds,PC_AGE,A,2016,26.017776
ITA,NEET,15_29_WOMEN,15-29 year-old women,PC_AGE,A,2016,27.51738
LTU,NEET,15_29_WOMEN,15-29 year-old women,PC_AGE,A,2016,11.18908
LTU,NEET,15_29,15-29 year-olds,PC_AGE,A,2016,11.403278
LTU,NEET,15_29_MEN,15-29 year-old men,PC_AGE,A,2016,11.604121
LVA,NEET,15_29,15-29 year-olds,PC_AGE,A,2016,14.443724
LVA,NEET,15_29_WOMEN,15-29 year-old women,PC_AGE,A,2016,15.066759
LVA,NEET,15_29_MEN,15-29 year-old men,PC_AGE,A,2016,13.847227
MEX,NEET,15_29_WOMEN,15-29 year-old women,PC_AGE,A,2016,34.539242
MEX,NEET,15_29,15-29 year-olds,PC_AGE,A,2016,21.765724
MEX,NEET,15_29_MEN,15-29 year-old men,PC_AGE,A,2016,8.6995153
NLD,NEET,15_29_WOMEN,15-29 year-old women,PC_AGE,A,2016,7.6773062
NLD,NEET,15_29_MEN,15-29 year-old men,PC_AGE,A,2016,6.4200978
NLD,NEET,15_29,15-29 year-olds,PC_AGE,A,2016,7.0410328
NOR,NEET,15_29_MEN,15-29 year-old men,PC_AGE,A,2016,9.5346193
NOR,NEET,15_29_WOMEN,15-29 year-old women,PC_AGE,A,2016,9.2762899
NOR,NEET,15_29,15-29 year-olds,PC_AGE,A,2016,9.4090204
NZL,NEET,15_29_MEN,15-29 year-old men,PC_AGE,A,2016,7.9976535
NZL,NEET,15_29,15-29 year-olds,PC_AGE,A,2016,11.323588
NZL,NEET,15_29_WOMEN,15-29 year-old women,PC_AGE,A,2016,14.813295
OAVG,NEET,15_29_WOMEN,15-29 year-old women,PC_AGE,A,2016,17.552034
OAVG,NEET,15_29_MEN,15-29 year-old men,PC_AGE,A,2016,12.108505
OAVG,NEET,15_29,15-29 year-olds,PC_AGE,A,2016,14.784765
POL,NEET,15_29_WOMEN,15-29 year-old women,PC_AGE,A,2016,18.525461
POL,NEET,15_29_MEN,15-29 year-old men,PC_AGE,A,2016,11.75423
POL,NEET,15_29,15-29 year-olds,PC_AGE,A,2016,15.053272
PRT,NEET,15_29,15-29 year-olds,PC_AGE,A,2016,16.865377
PRT,NEET,15_29_MEN,15-29 year-old men,PC_AGE,A,2016,15.958133
PRT,NEET,15_29_WOMEN,15-29 year-old women,PC_AGE,A,2016,17.785458
RUS,NEET,15_29,15-29 year-olds,PC_AGE,A,2016,14.136364
RUS,NEET,15_29_WOMEN,15-29 year-old women,PC_AGE,A,2016,18.606852
RUS,NEET,15_29_MEN,15-29 year-old men,PC_AGE,A,2016,9.8186808
SVK,NEET,15_29,15-29 year-olds,PC_AGE,A,2016,15.899045
SVK,NEET,15_29_WOMEN,15-29 year-old women,PC_AGE,A,2016,20.338173
SVK,NEET,15_29_MEN,15-29 year-old men,PC_AGE,A,2016,11.648554
SVN,NEET,15_29_WOMEN,15-29 year-old women,PC_AGE,A,2016,12.139197
SVN,NEET,15_29,15-29 year-olds,PC_AGE,A,2016,11.576782
SVN,NEET,15_29_MEN,15-29 year-old men,PC_AGE,A,2016,11.050084
SWE,NEET,15_29_MEN,15-29 year-old men,PC_AGE,A,2016,8.2035742
SWE,NEET,15_29_WOMEN,15-29 year-old women,PC_AGE,A,2016,8.2575922
SWE,NEET,15_29,15-29 year-olds,PC_AGE,A,2016,8.2297888
TUR,NEET,15_29_WOMEN,15-29 year-old women,PC_AGE,A,2016,41.529549
TUR,NEET,15_29_MEN,15-29 year-old men,PC_AGE,A,2016,15.213463
TUR,NEET,15_29,15-29 year-olds,PC_AGE,A,2016,28.202929
USA,NEET,15_29,15-29 year-olds,PC_AGE,A,2016,14.684249
USA,NEET,15_29_WOMEN,15-29 year-old women,PC_AGE,A,2016,16.66621
USA,NEET,15_29_MEN,15-29 year-old men,PC_AGE,A,2016,12.71403
ZAF,NEET,15_29_MEN,15-29 year-old men,PC_AGE,A,2016,32.964859
ZAF,NEET,15_29_WOMEN,15-29 year-old women,PC_AGE,A,2016,40.882618
ZAF,NEET,15_29,15-29 year-olds,PC_AGE,A,2016,36.885586
AUS,NEET,15_29,15-29 year-olds,PC_AGE,A,2017,10.946128
AUS,NEET,15_29_WOMEN,15-29 year-old women,PC_AGE,A,2017,12.79752
AUS,NEET,15_29_MEN,15-29 year-old men,PC_AGE,A,2017,9.1421337
AUT,NEET,15_29_WOMEN,15-29 year-old women,PC_AGE,A,2017,10.399541
AUT,NEET,15_29_MEN,15-29 year-old men,PC_AGE,A,2017,11.20458
AUT,NEET,15_29,15-29 year-olds,PC_AGE,A,2017,10.806797
BEL,NEET,15_29_WOMEN,15-29 year-old women,PC_AGE,A,2017,13.209764
BEL,NEET,15_29_MEN,15-29 year-old men,PC_AGE,A,2017,13.271736
BEL,NEET,15_29,15-29 year-olds,PC_AGE,A,2017,13.241013
BRA,NEET,15_29,15-29 year-olds,PC_AGE,A,2017,25.410463
BRA,NEET,15_29_MEN,15-29 year-old men,PC_AGE,A,2017,18.611273
BRA,NEET,15_29_WOMEN,15-29 year-old women,PC_AGE,A,2017,32.289501
CAN,NEET,15_29_WOMEN,15-29 year-old women,PC_AGE,A,2017,11.855824
CAN,NEET,15_29_MEN,15-29 year-old men,PC_AGE,A,2017,12.485582
CAN,NEET,15_29,15-29 year-olds,PC_AGE,A,2017,12.175824
CHE,NEET,15_29_WOMEN,15-29 year-old women,PC_AGE,A,2017,8.1390152
CHE,NEET,15_29_MEN,15-29 year-old men,PC_AGE,A,2017,8.6444082
CHE,NEET,15_29,15-29 year-olds,PC_AGE,A,2017,8.4002142
CHL,NEET,15_29_WOMEN,15-29 year-old women,PC_AGE,A,2017,22.906763
CHL,NEET,15_29,15-29 year-olds,PC_AGE,A,2017,18.409889
CHL,NEET,15_29_MEN,15-29 year-old men,PC_AGE,A,2017,13.896786
COL,NEET,15_29_WOMEN,15-29 year-old women,PC_AGE,A,2017,31.542084
COL,NEET,15_29,15-29 year-olds,PC_AGE,A,2017,22.186777
COL,NEET,15_29_MEN,15-29 year-old men,PC_AGE,A,2017,12.917067
CRI,NEET,15_29_MEN,15-29 year-old men,PC_AGE,A,2017,14.607978
CRI,NEET,15_29,15-29 year-olds,PC_AGE,A,2017,21.439997
CRI,NEET,15_29_WOMEN,15-29 year-old women,PC_AGE,A,2017,29.000401
CZE,NEET,15_29_WOMEN,15-29 year-old women,PC_AGE,A,2017,16.879799
CZE,NEET,15_29,15-29 year-olds,PC_AGE,A,2017,10.906657
CZE,NEET,15_29_MEN,15-29 year-old men,PC_AGE,A,2017,5.2091265
DEU,NEET,15_29_MEN,15-29 year-old men,PC_AGE,A,2017,7.5986142
DEU,NEET,15_29,15-29 year-olds,PC_AGE,A,2017,9.3432322
DEU,NEET,15_29_WOMEN,15-29 year-old women,PC_AGE,A,2017,11.266782
DNK,NEET,15_29_MEN,15-29 year-old men,PC_AGE,A,2017,12.522945
DNK,NEET,15_29,15-29 year-olds,PC_AGE,A,2017,12.670604
DNK,NEET,15_29_WOMEN,15-29 year-old women,PC_AGE,A,2017,12.825502
ESP,NEET,15_29,15-29 year-olds,PC_AGE,A,2017,19.869802
ESP,NEET,15_29_MEN,15-29 year-old men,PC_AGE,A,2017,19.182255
ESP,NEET,15_29_WOMEN,15-29 year-old women,PC_AGE,A,2017,20.578487
EST,NEET,15_29_MEN,15-29 year-old men,PC_AGE,A,2017,8.0869579
EST,NEET,15_29,15-29 year-olds,PC_AGE,A,2017,11.751085
EST,NEET,15_29_WOMEN,15-29 year-old women,PC_AGE,A,2017,15.684658
FIN,NEET,15_29_MEN,15-29 year-old men,PC_AGE,A,2017,11.875
FIN,NEET,15_29_WOMEN,15-29 year-old women,PC_AGE,A,2017,13.347458
FIN,NEET,15_29,15-29 year-olds,PC_AGE,A,2017,12.605042
FRA,NEET,15_29,15-29 year-olds,PC_AGE,A,2017,16.5467
FRA,NEET,15_29_MEN,15-29 year-old men,PC_AGE,A,2017,15.341704
FRA,NEET,15_29_WOMEN,15-29 year-old women,PC_AGE,A,2017,17.751417
GBR,NEET,15_29_MEN,15-29 year-old men,PC_AGE,A,2017,10.496338
GBR,NEET,15_29_WOMEN,15-29 year-old women,PC_AGE,A,2017,13.953552
GBR,NEET,15_29,15-29 year-olds,PC_AGE,A,2017,12.191374
GRC,NEET,15_29_WOMEN,15-29 year-old women,PC_AGE,A,2017,26.129379
GRC,NEET,15_29,15-29 year-olds,PC_AGE,A,2017,22.752119
GRC,NEET,15_29_MEN,15-29 year-old men,PC_AGE,A,2017,19.465551
HUN,NEET,15_29_MEN,15-29 year-old men,PC_AGE,A,2017,9.6961403
HUN,NEET,15_29_WOMEN,15-29 year-old women,PC_AGE,A,2017,18.559004
HUN,NEET,15_29,15-29 year-olds,PC_AGE,A,2017,14.015918
IRL,NEET,15_29_MEN,15-29 year-old men,PC_AGE,A,2017,12.196678
IRL,NEET,15_29_WOMEN,15-29 year-old women,PC_AGE,A,2017,14.033002
IRL,NEET,15_29,15-29 year-olds,PC_AGE,A,2017,13.105398
ISL,NEET,15_29_WOMEN,15-29 year-old women,PC_AGE,A,2017,7.1651626
ISL,NEET,15_29_MEN,15-29 year-old men,PC_AGE,A,2017,4.6744299
ISL,NEET,15_29,15-29 year-olds,PC_AGE,A,2017,5.8689771
ISR,NEET,15_29,15-29 year-olds,PC_AGE,A,2017,13.562289
ISR,NEET,15_29_WOMEN,15-29 year-old women,PC_AGE,A,2017,16.268541
ISR,NEET,15_29_MEN,15-29 year-old men,PC_AGE,A,2017,10.84923
ITA,NEET,15_29_WOMEN,15-29 year-old women,PC_AGE,A,2017,26.936104
ITA,NEET,15_29_MEN,15-29 year-old men,PC_AGE,A,2017,23.380524
ITA,NEET,15_29,15-29 year-olds,PC_AGE,A,2017,25.112749
LTU,NEET,15_29_WOMEN,15-29 year-old women,PC_AGE,A,2017,11.751871
LTU,NEET,15_29,15-29 year-olds,PC_AGE,A,2017,11.22066
LTU,NEET,15_29_MEN,15-29 year-old men,PC_AGE,A,2017,10.738941
LUX,NEET,15_29_MEN,15-29 year-old men,PC_AGE,A,2017,7.899992
LUX,NEET,15_29_WOMEN,15-29 year-old women,PC_AGE,A,2017,7.57865
LUX,NEET,15_29,15-29 year-olds,PC_AGE,A,2017,7.7415361
LVA,NEET,15_29_WOMEN,15-29 year-old women,PC_AGE,A,2017,16.314308
LVA,NEET,15_29_MEN,15-29 year-old men,PC_AGE,A,2017,11.498924
LVA,NEET,15_29,15-29 year-olds,PC_AGE,A,2017,13.85772
MEX,NEET,15_29_WOMEN,15-29 year-old women,PC_AGE,A,2017,34.212479
MEX,NEET,15_29,15-29 year-olds,PC_AGE,A,2017,21.198429
MEX,NEET,15_29_MEN,15-29 year-old men,PC_AGE,A,2017,7.9044585
NLD,NEET,15_29,15-29 year-olds,PC_AGE,A,2017,6.6247749
NLD,NEET,15_29_MEN,15-29 year-old men,PC_AGE,A,2017,6.4852381
NLD,NEET,15_29_WOMEN,15-29 year-old women,PC_AGE,A,2017,6.7676382
NOR,NEET,15_29,15-29 year-olds,PC_AGE,A,2017,8.8167057
NOR,NEET,15_29_WOMEN,15-29 year-old women,PC_AGE,A,2017,9.3700161
NOR,NEET,15_29_MEN,15-29 year-old men,PC_AGE,A,2017,8.2957954
NZL,NEET,15_29_WOMEN,15-29 year-old women,PC_AGE,A,2017,13.879004
NZL,NEET,15_29_MEN,15-29 year-old men,PC_AGE,A,2017,8.5983067
NZL,NEET,15_29,15-29 year-olds,PC_AGE,A,2017,11.173238
OAVG,NEET,15_29_MEN,15-29 year-old men,PC_AGE,A,2017,11.2604
OAVG,NEET,15_29_WOMEN,15-29 year-old women,PC_AGE,A,2017,16.676529
OAVG,NEET,15_29,15-29 year-olds,PC_AGE,A,2017,13.921932
POL,NEET,15_29,15-29 year-olds,PC_AGE,A,2017,13.255484
POL,NEET,15_29_MEN,15-29 year-old men,PC_AGE,A,2017,9.2894497
POL,NEET,15_29_WOMEN,15-29 year-old women,PC_AGE,A,2017,17.433571
PRT,NEET,15_29_WOMEN,15-29 year-old women,PC_AGE,A,2017,13.198034
PRT,NEET,15_29,15-29 year-olds,PC_AGE,A,2017,13.33446
PRT,NEET,15_29_MEN,15-29 year-old men,PC_AGE,A,2017,13.467813
RUS,NEET,15_29_WOMEN,15-29 year-old women,PC_AGE,A,2017,16.280907
RUS,NEET,15_29_MEN,15-29 year-old men,PC_AGE,A,2017,8.6574764
RUS,NEET,15_29,15-29 year-olds,PC_AGE,A,2017,12.401405
SVK,NEET,15_29_MEN,15-29 year-old men,PC_AGE,A,2017,10.915872
SVK,NEET,15_29,15-29 year-olds,PC_AGE,A,2017,16.216686
SVK,NEET,15_29_WOMEN,15-29 year-old women,PC_AGE,A,2017,21.761681
SVN,NEET,15_29_MEN,15-29 year-old men,PC_AGE,A,2017,8.9481525
SVN,NEET,15_29_WOMEN,15-29 year-old women,PC_AGE,A,2017,13.018626
SVN,NEET,15_29,15-29 year-olds,PC_AGE,A,2017,10.914832
SWE,NEET,15_29,15-29 year-olds,PC_AGE,A,2017,8.0416346
SWE,NEET,15_29_MEN,15-29 year-old men,PC_AGE,A,2017,7.6928616
SWE,NEET,15_29_WOMEN,15-29 year-old women,PC_AGE,A,2017,8.4153671
TUR,NEET,15_29,15-29 year-olds,PC_AGE,A,2017,27.224148
TUR,NEET,15_29_WOMEN,15-29 year-old women,PC_AGE,A,2017,39.89917
TUR,NEET,15_29_MEN,15-29 year-old men,PC_AGE,A,2017,15.083927
USA,NEET,15_29,15-29 year-olds,PC_AGE,A,2017,13.660668
USA,NEET,15_29_WOMEN,15-29 year-old women,PC_AGE,A,2017,15.524874
USA,NEET,15_29_MEN,15-29 year-old men,PC_AGE,A,2017,11.80892
ZAF,NEET,15_29,15-29 year-olds,PC_AGE,A,2017,37.404079
ZAF,NEET,15_29_MEN,15-29 year-old men,PC_AGE,A,2017,33.817757
ZAF,NEET,15_29_WOMEN,15-29 year-old women,PC_AGE,A,2017,41.052662
ARG,NEET,15_29_WOMEN,15-29 year-old women,PC_AGE,A,2018,26.619444
ARG,NEET,15_29_MEN,15-29 year-old men,PC_AGE,A,2018,14.087866
ARG,NEET,15_29,15-29 year-olds,PC_AGE,A,2018,20.400959
AUS,NEET,15_29_WOMEN,15-29 year-old women,PC_AGE,A,2018,12.641664
AUS,NEET,15_29,15-29 year-olds,PC_AGE,A,2018,10.842403
AUS,NEET,15_29_MEN,15-29 year-old men,PC_AGE,A,2018,9.0891037
AUT,NEET,15_29,15-29 year-olds,PC_AGE,A,2018,11.101415
AUT,NEET,15_29_WOMEN,15-29 year-old women,PC_AGE,A,2018,11.570451
AUT,NEET,15_29_MEN,15-29 year-old men,PC_AGE,A,2018,10.640327
BEL,NEET,15_29_MEN,15-29 year-old men,PC_AGE,A,2018,12.207232
BEL,NEET,15_29_WOMEN,15-29 year-old women,PC_AGE,A,2018,13.305344
BEL,NEET,15_29,15-29 year-olds,PC_AGE,A,2018,12.750292
BRA,NEET,15_29,15-29 year-olds,PC_AGE,A,2018,25.213869
BRA,NEET,15_29_WOMEN,15-29 year-old women,PC_AGE,A,2018,31.834452
BRA,NEET,15_29_MEN,15-29 year-old men,PC_AGE,A,2018,18.695797
CAN,NEET,15_29_MEN,15-29 year-old men,PC_AGE,A,2018,12.171429
CAN,NEET,15_29_WOMEN,15-29 year-old women,PC_AGE,A,2018,11.714116
CAN,NEET,15_29,15-29 year-olds,PC_AGE,A,2018,11.947031
CHE,NEET,15_29,15-29 year-olds,PC_AGE,A,2018,8.0663462
CHE,NEET,15_29_WOMEN,15-29 year-old women,PC_AGE,A,2018,7.883451
CHE,NEET,15_29_MEN,15-29 year-old men,PC_AGE,A,2018,8.2389259
COL,NEET,15_29_MEN,15-29 year-old men,PC_AGE,A,2018,13.601816
COL,NEET,15_29,15-29 year-olds,PC_AGE,A,2018,23.115974
COL,NEET,15_29_WOMEN,15-29 year-old women,PC_AGE,A,2018,32.738213
CRI,NEET,15_29,15-29 year-olds,PC_AGE,A,2018,23.131216
CRI,NEET,15_29_MEN,15-29 year-old men,PC_AGE,A,2018,16.104504
CRI,NEET,15_29_WOMEN,15-29 year-old women,PC_AGE,A,2018,30.963285
CZE,NEET,15_29_WOMEN,15-29 year-old women,PC_AGE,A,2018,16.027655
CZE,NEET,15_29_MEN,15-29 year-old men,PC_AGE,A,2018,4.2448997
CZE,NEET,15_29,15-29 year-olds,PC_AGE,A,2018,9.991457
DEU,NEET,15_29_MEN,15-29 year-old men,PC_AGE,A,2018,7.2420368
DEU,NEET,15_29,15-29 year-olds,PC_AGE,A,2018,9.1876764
DEU,NEET,15_29_WOMEN,15-29 year-old women,PC_AGE,A,2018,11.295937
DNK,NEET,15_29,15-29 year-olds,PC_AGE,A,2018,12.030656
DNK,NEET,15_29_WOMEN,15-29 year-old women,PC_AGE,A,2018,11.890738
DNK,NEET,15_29_MEN,15-29 year-old men,PC_AGE,A,2018,12.164936
ESP,NEET,15_29,15-29 year-olds,PC_AGE,A,2018,19.058907
ESP,NEET,15_29_MEN,15-29 year-old men,PC_AGE,A,2018,18.716454
ESP,NEET,15_29_WOMEN,15-29 year-old women,PC_AGE,A,2018,19.4114
EST,NEET,15_29_WOMEN,15-29 year-old women,PC_AGE,A,2018,15.886582
EST,NEET,15_29_MEN,15-29 year-old men,PC_AGE,A,2018,9.7599516
EST,NEET,15_29,15-29 year-olds,PC_AGE,A,2018,12.717612
FIN,NEET,15_29_WOMEN,15-29 year-old women,PC_AGE,A,2018,13.006396
FIN,NEET,15_29_MEN,15-29 year-old men,PC_AGE,A,2018,10.901467
FIN,NEET,15_29,15-29 year-olds,PC_AGE,A,2018,11.945032
FRA,NEET,15_29,15-29 year-olds,PC_AGE,A,2018,16.096914
FRA,NEET,15_29_MEN,15-29 year-old men,PC_AGE,A,2018,15.294388
FRA,NEET,15_29_WOMEN,15-29 year-old women,PC_AGE,A,2018,16.89595
GBR,NEET,15_29_WOMEN,15-29 year-old women,PC_AGE,A,2018,14.556946
GBR,NEET,15_29_MEN,15-29 year-old men,PC_AGE,A,2018,10.700902
GBR,NEET,15_29,15-29 year-olds,PC_AGE,A,2018,12.601758
GRC,NEET,15_29,15-29 year-olds,PC_AGE,A,2018,21.454674
GRC,NEET,15_29_MEN,15-29 year-old men,PC_AGE,A,2018,18.499805
GRC,NEET,15_29_WOMEN,15-29 year-old women,PC_AGE,A,2018,24.418852
HUN,NEET,15_29_WOMEN,15-29 year-old women,PC_AGE,A,2018,19.65061
HUN,NEET,15_29,15-29 year-olds,PC_AGE,A,2018,13.499011
HUN,NEET,15_29_MEN,15-29 year-old men,PC_AGE,A,2018,7.6521907
IRL,NEET,15_29_MEN,15-29 year-old men,PC_AGE,A,2018,10.396326
IRL,NEET,15_29_WOMEN,15-29 year-old women,PC_AGE,A,2018,13.101482
IRL,NEET,15_29,15-29 year-olds,PC_AGE,A,2018,11.733475
ISL,NEET,15_29_WOMEN,15-29 year-old women,PC_AGE,A,2018,7.9246125
ISL,NEET,15_29_MEN,15-29 year-old men,PC_AGE,A,2018,5.9675908
ISL,NEET,15_29,15-29 year-olds,PC_AGE,A,2018,6.9011183
ISR,NEET,15_29_WOMEN,15-29 year-old women,PC_AGE,A,2018,14.961497
ISR,NEET,15_29,15-29 year-olds,PC_AGE,A,2018,13.345846
ISR,NEET,15_29_MEN,15-29 year-old men,PC_AGE,A,2018,11.727402
ITA,NEET,15_29_WOMEN,15-29 year-old women,PC_AGE,A,2018,26.081076
ITA,NEET,15_29_MEN,15-29 year-old men,PC_AGE,A,2018,21.394955
ITA,NEET,15_29,15-29 year-olds,PC_AGE,A,2018,23.673616
LTU,NEET,15_29,15-29 year-olds,PC_AGE,A,2018,10.495108
LTU,NEET,15_29_MEN,15-29 year-old men,PC_AGE,A,2018,10.037128
LTU,NEET,15_29_WOMEN,15-29 year-old women,PC_AGE,A,2018,10.991458
LUX,NEET,15_29,15-29 year-olds,PC_AGE,A,2018,8.3878117
LUX,NEET,15_29_MEN,15-29 year-old men,PC_AGE,A,2018,6.4244542
LUX,NEET,15_29_WOMEN,15-29 year-old women,PC_AGE,A,2018,10.413839
LVA,NEET,15_29_MEN,15-29 year-old men,PC_AGE,A,2018,9.5503712
LVA,NEET,15_29_WOMEN,15-29 year-old women,PC_AGE,A,2018,12.874725
LVA,NEET,15_29,15-29 year-olds,PC_AGE,A,2018,11.176793
MEX,NEET,15_29_WOMEN,15-29 year-old women,PC_AGE,A,2018,33.240337
MEX,NEET,15_29,15-29 year-olds,PC_AGE,A,2018,20.878084
MEX,NEET,15_29_MEN,15-29 year-old men,PC_AGE,A,2018,8.2283621
NLD,NEET,15_29_WOMEN,15-29 year-old women,PC_AGE,A,2018,6.8817205
NLD,NEET,15_29,15-29 year-olds,PC_AGE,A,2018,6.2931814
NLD,NEET,15_29_MEN,15-29 year-old men,PC_AGE,A,2018,5.7179947
NOR,NEET,15_29_WOMEN,15-29 year-old women,PC_AGE,A,2018,8.7062168
NOR,NEET,15_29,15-29 year-olds,PC_AGE,A,2018,8.6749754
NOR,NEET,15_29_MEN,15-29 year-old men,PC_AGE,A,2018,8.6455517
NZL,NEET,15_29,15-29 year-olds,PC_AGE,A,2018,10.16933
NZL,NEET,15_29_MEN,15-29 year-old men,PC_AGE,A,2018,8.056695
NZL,NEET,15_29_WOMEN,15-29 year-old women,PC_AGE,A,2018,12.394422
OAVG,NEET,15_29_MEN,15-29 year-old men,PC_AGE,A,2018,10.786944
OAVG,NEET,15_29_WOMEN,15-29 year-old women,PC_AGE,A,2018,16.17418
OAVG,NEET,15_29,15-29 year-olds,PC_AGE,A,2018,13.43137
POL,NEET,15_29,15-29 year-olds,PC_AGE,A,2018,12.690605
POL,NEET,15_29_WOMEN,15-29 year-old women,PC_AGE,A,2018,17.243698
POL,NEET,15_29_MEN,15-29 year-old men,PC_AGE,A,2018,8.3546734
PRT,NEET,15_29,15-29 year-olds,PC_AGE,A,2018,12.493576
PRT,NEET,15_29_WOMEN,15-29 year-old women,PC_AGE,A,2018,11.622102
PRT,NEET,15_29_MEN,15-29 year-old men,PC_AGE,A,2018,13.338308
RUS,NEET,15_29_WOMEN,15-29 year-old women,PC_AGE,A,2018,15.741133
RUS,NEET,15_29_MEN,15-29 year-old men,PC_AGE,A,2018,8.695405
RUS,NEET,15_29,15-29 year-olds,PC_AGE,A,2018,12.15209
SVK,NEET,15_29_MEN,15-29 year-old men,PC_AGE,A,2018,10.609715
SVK,NEET,15_29,15-29 year-olds,PC_AGE,A,2018,15.148472
SVK,NEET,15_29_WOMEN,15-29 year-old women,PC_AGE,A,2018,19.9013
SVN,NEET,15_29_WOMEN,15-29 year-old women,PC_AGE,A,2018,11.170213
SVN,NEET,15_29,15-29 year-olds,PC_AGE,A,2018,9.6732864
SVN,NEET,15_29_MEN,15-29 year-old men,PC_AGE,A,2018,8.2818298
SWE,NEET,15_29_WOMEN,15-29 year-old women,PC_AGE,A,2018,9.2124052
SWE,NEET,15_29_MEN,15-29 year-old men,PC_AGE,A,2018,8.5290518
SWE,NEET,15_29,15-29 year-olds,PC_AGE,A,2018,8.858016
TUR,NEET,15_29,15-29 year-olds,PC_AGE,A,2018,26.480194
TUR,NEET,15_29_WOMEN,15-29 year-old women,PC_AGE,A,2018,39.773697
TUR,NEET,15_29_MEN,15-29 year-old men,PC_AGE,A,2018,13.805104
USA,NEET,15_29,15-29 year-olds,PC_AGE,A,2018,13.486071
USA,NEET,15_29_WOMEN,15-29 year-old women,PC_AGE,A,2018,15.743901
USA,NEET,15_29_MEN,15-29 year-old men,PC_AGE,A,2018,11.247157
ZAF,NEET,15_29_MEN,15-29 year-old men,PC_AGE,A,2018,34.436214
ZAF,NEET,15_29,15-29 year-olds,PC_AGE,A,2018,37.955067
ZAF,NEET,15_29_WOMEN,15-29 year-old women,PC_AGE,A,2018,41.527531
AUS,NEET,15_29,15-29 year-olds,PC_AGE,A,2019,10.399729
AUS,NEET,15_29_MEN,15-29 year-old men,PC_AGE,A,2019,8.8515711
AUS,NEET,15_29_WOMEN,15-29 year-old women,PC_AGE,A,2019,12.005535
AUT,NEET,15_29_MEN,15-29 year-old men,PC_AGE,A,2019,9.6966858
AUT,NEET,15_29,15-29 year-olds,PC_AGE,A,2019,10.437009
AUT,NEET,15_29_WOMEN,15-29 year-old women,PC_AGE,A,2019,11.186902
BEL,NEET,15_29,15-29 year-olds,PC_AGE,A,2019,12.602888
BEL,NEET,15_29_MEN,15-29 year-old men,PC_AGE,A,2019,12.023787
BEL,NEET,15_29_WOMEN,15-29 year-old women,PC_AGE,A,2019,13.195625
BRA,NEET,15_29,15-29 year-olds,PC_AGE,A,2019,24.381899
BRA,NEET,15_29_MEN,15-29 year-old men,PC_AGE,A,2019,17.723286
BRA,NEET,15_29_WOMEN,15-29 year-old women,PC_AGE,A,2019,31.141426
CAN,NEET,15_29_WOMEN,15-29 year-old women,PC_AGE,A,2019,10.990303
CAN,NEET,15_29,15-29 year-olds,PC_AGE,A,2019,11.272675
CAN,NEET,15_29_MEN,15-29 year-old men,PC_AGE,A,2019,11.543889
CHE,NEET,15_29,15-29 year-olds,PC_AGE,A,2019,7.3363681
CHE,NEET,15_29_WOMEN,15-29 year-old women,PC_AGE,A,2019,7.0803828
CHE,NEET,15_29_MEN,15-29 year-old men,PC_AGE,A,2019,7.5704732
COL,NEET,15_29,15-29 year-olds,PC_AGE,A,2019,24.079657
COL,NEET,15_29_WOMEN,15-29 year-old women,PC_AGE,A,2019,33.519775
COL,NEET,15_29_MEN,15-29 year-old men,PC_AGE,A,2019,14.713489
CRI,NEET,15_29_WOMEN,15-29 year-old women,PC_AGE,A,2019,25.817486
CRI,NEET,15_29_MEN,15-29 year-old men,PC_AGE,A,2019,15.336781
CRI,NEET,15_29,15-29 year-olds,PC_AGE,A,2019,20.165989
CZE,NEET,15_29_MEN,15-29 year-old men,PC_AGE,A,2019,4.3982787
CZE,NEET,15_29_WOMEN,15-29 year-old women,PC_AGE,A,2019,15.501169
CZE,NEET,15_29,15-29 year-olds,PC_AGE,A,2019,9.8013754
DEU,NEET,15_29_WOMEN,15-29 year-old women,PC_AGE,A,2019,10.152657
DEU,NEET,15_29_MEN,15-29 year-old men,PC_AGE,A,2019,6.478518
DEU,NEET,15_29,15-29 year-olds,PC_AGE,A,2019,8.2347898
DNK,NEET,15_29,15-29 year-olds,PC_AGE,A,2019,11.618057
DNK,NEET,15_29_MEN,15-29 year-old men,PC_AGE,A,2019,11.118253
DNK,NEET,15_29_WOMEN,15-29 year-old women,PC_AGE,A,2019,12.141249
ESP,NEET,15_29_WOMEN,15-29 year-old women,PC_AGE,A,2019,19.32925
ESP,NEET,15_29,15-29 year-olds,PC_AGE,A,2019,18.262833
ESP,NEET,15_29_MEN,15-29 year-old men,PC_AGE,A,2019,17.236872
EST,NEET,15_29_MEN,15-29 year-old men,PC_AGE,A,2019,6.3920784
EST,NEET,15_29,15-29 year-olds,PC_AGE,A,2019,10.388157
EST,NEET,15_29_WOMEN,15-29 year-old women,PC_AGE,A,2019,14.660422
FIN,NEET,15_29_MEN,15-29 year-old men,PC_AGE,A,2019,9.7872343
FIN,NEET,15_29_WOMEN,15-29 year-old women,PC_AGE,A,2019,12.288136
FIN,NEET,15_29,15-29 year-olds,PC_AGE,A,2019,11.040339
FRA,NEET,15_29_MEN,15-29 year-old men,PC_AGE,A,2019,15.07445
FRA,NEET,15_29_WOMEN,15-29 year-old women,PC_AGE,A,2019,15.81815
FRA,NEET,15_29,15-29 year-olds,PC_AGE,A,2019,15.446902
GBR,NEET,15_29_MEN,15-29 year-old men,PC_AGE,A,2019,10.731333
GBR,NEET,15_29_WOMEN,15-29 year-old women,PC_AGE,A,2019,13.869212
GBR,NEET,15_29,15-29 year-olds,PC_AGE,A,2019,12.27737
GRC,NEET,15_29,15-29 year-olds,PC_AGE,A,2019,19.583523
GRC,NEET,15_29_MEN,15-29 year-old men,PC_AGE,A,2019,18.352318
GRC,NEET,15_29_WOMEN,15-29 year-old women,PC_AGE,A,2019,20.858761
HUN,NEET,15_29,15-29 year-olds,PC_AGE,A,2019,13.303548
HUN,NEET,15_29_MEN,15-29 year-old men,PC_AGE,A,2019,8.6073313
HUN,NEET,15_29_WOMEN,15-29 year-old women,PC_AGE,A,2019,18.251785
IRL,NEET,15_29,15-29 year-olds,PC_AGE,A,2019,11.049852
IRL,NEET,15_29_MEN,15-29 year-old men,PC_AGE,A,2019,10.61893
IRL,NEET,15_29_WOMEN,15-29 year-old women,PC_AGE,A,2019,11.493608
ISL,NEET,15_29_WOMEN,15-29 year-old women,PC_AGE,A,2019,5.4858928
ISL,NEET,15_29_MEN,15-29 year-old men,PC_AGE,A,2019,8.3869963
ISL,NEET,15_29,15-29 year-olds,PC_AGE,A,2019,6.993546
ISR,NEET,15_29_MEN,15-29 year-old men,PC_AGE,A,2019,11.557638
ISR,NEET,15_29,15-29 year-olds,PC_AGE,A,2019,12.887189
ISR,NEET,15_29_WOMEN,15-29 year-old women,PC_AGE,A,2019,14.228198
ITA,NEET,15_29_WOMEN,15-29 year-old women,PC_AGE,A,2019,25.206251
ITA,NEET,15_29,15-29 year-olds,PC_AGE,A,2019,23.535822
ITA,NEET,15_29_MEN,15-29 year-old men,PC_AGE,A,2019,21.96076
LTU,NEET,15_29_WOMEN,15-29 year-old women,PC_AGE,A,2019,11.236581
LTU,NEET,15_29,15-29 year-olds,PC_AGE,A,2019,11.309205
LTU,NEET,15_29_MEN,15-29 year-old men,PC_AGE,A,2019,11.376768
LUX,NEET,15_29,15-29 year-olds,PC_AGE,A,2019,5.5465126
LVA,NEET,15_29_WOMEN,15-29 year-old women,PC_AGE,A,2019,8.9517946
LVA,NEET,15_29_MEN,15-29 year-old men,PC_AGE,A,2019,11.057075
LVA,NEET,15_29,15-29 year-olds,PC_AGE,A,2019,10.032343
MEX,NEET,15_29,15-29 year-olds,PC_AGE,A,2019,20.65799
MEX,NEET,15_29_MEN,15-29 year-old men,PC_AGE,A,2019,8.7226286
MEX,NEET,15_29_WOMEN,15-29 year-old women,PC_AGE,A,2019,32.361717
NLD,NEET,15_29_WOMEN,15-29 year-old women,PC_AGE,A,2019,6.3190956
NLD,NEET,15_29,15-29 year-olds,PC_AGE,A,2019,6.0690684
NLD,NEET,15_29_MEN,15-29 year-old men,PC_AGE,A,2019,5.8250046
NOR,NEET,15_29_MEN,15-29 year-old men,PC_AGE,A,2019,7.536119
NOR,NEET,15_29_WOMEN,15-29 year-old women,PC_AGE,A,2019,8.3398314
NOR,NEET,15_29,15-29 year-olds,PC_AGE,A,2019,7.926373
NZL,NEET,15_29,15-29 year-olds,PC_AGE,A,2019,11.836206
NZL,NEET,15_29_MEN,15-29 year-old men,PC_AGE,A,2019,9.9042778
NZL,NEET,15_29_WOMEN,15-29 year-old women,PC_AGE,A,2019,13.847093
OAVG,NEET,15_29,15-29 year-olds,PC_AGE,A,2019,12.87781
OAVG,NEET,15_29_MEN,15-29 year-old men,PC_AGE,A,2019,10.763897
OAVG,NEET,15_29_WOMEN,15-29 year-old women,PC_AGE,A,2019,15.510711
POL,NEET,15_29_MEN,15-29 year-old men,PC_AGE,A,2019,8.0901861
POL,NEET,15_29,15-29 year-olds,PC_AGE,A,2019,12.5
POL,NEET,15_29_WOMEN,15-29 year-old women,PC_AGE,A,2019,17.130919
PRT,NEET,15_29_WOMEN,15-29 year-old women,PC_AGE,A,2019,14.251302
PRT,NEET,15_29_MEN,15-29 year-old men,PC_AGE,A,2019,10.165051
PRT,NEET,15_29,15-29 year-olds,PC_AGE,A,2019,12.1935
RUS,NEET,15_29,15-29 year-olds,PC_AGE,A,2019,12.642041
RUS,NEET,15_29_MEN,15-29 year-old men,PC_AGE,A,2019,9.0308084
RUS,NEET,15_29_WOMEN,15-29 year-old women,PC_AGE,A,2019,16.39827
SVK,NEET,15_29_MEN,15-29 year-old men,PC_AGE,A,2019,9.3760328
SVK,NEET,15_29,15-29 year-olds,PC_AGE,A,2019,13.333595
SVK,NEET,15_29_WOMEN,15-29 year-old women,PC_AGE,A,2019,17.482416
SVN,NEET,15_29,15-29 year-olds,PC_AGE,A,2019,9.4338131
SVN,NEET,15_29_MEN,15-29 year-old men,PC_AGE,A,2019,6.9494081
SVN,NEET,15_29_WOMEN,15-29 year-old women,PC_AGE,A,2019,12.164184
SWE,NEET,15_29_MEN,15-29 year-old men,PC_AGE,A,2019,7.1916485
SWE,NEET,15_29_WOMEN,15-29 year-old women,PC_AGE,A,2019,6.8495708
SWE,NEET,15_29,15-29 year-olds,PC_AGE,A,2019,7.0272613
TUR,NEET,15_29,15-29 year-olds,PC_AGE,A,2019,28.765892
TUR,NEET,15_29_MEN,15-29 year-old men,PC_AGE,A,2019,17.909744
TUR,NEET,15_29_WOMEN,15-29 year-old women,PC_AGE,A,2019,40.017097
USA,NEET,15_29,15-29 year-olds,PC_AGE,A,2019,13.373956
USA,NEET,15_29_MEN,15-29 year-old men,PC_AGE,A,2019,11.430901
USA,NEET,15_29_WOMEN,15-29 year-old women,PC_AGE,A,2019,15.331808
ZAF,NEET,15_29_WOMEN,15-29 year-old women,PC_AGE,A,2019,41.940659
ZAF,NEET,15_29,15-29 year-olds,PC_AGE,A,2019,39.077068
ZAF,NEET,15_29_MEN,15-29 year-old men,PC_AGE,A,2019,36.250931
AUS,NEET,15_29,15-29 year-olds,PC_AGE,A,2020,14.243934
AUS,NEET,15_29_WOMEN,15-29 year-old women,PC_AGE,A,2020,15.200427
AUS,NEET,15_29_MEN,15-29 year-old men,PC_AGE,A,2020,13.320915
AUT,NEET,15_29,15-29 year-olds,PC_AGE,A,2020,11.57
AUT,NEET,15_29_MEN,15-29 year-old men,PC_AGE,A,2020,11.27
AUT,NEET,15_29_WOMEN,15-29 year-old women,PC_AGE,A,2020,11.87
BEL,NEET,15_29_MEN,15-29 year-old men,PC_AGE,A,2020,11.969522
BEL,NEET,15_29_WOMEN,15-29 year-old women,PC_AGE,A,2020,12.964687
BEL,NEET,15_29,15-29 year-olds,PC_AGE,A,2020,12.460939
BRA,NEET,15_29,15-29 year-olds,PC_AGE,A,2020,29.318701
BRA,NEET,15_29_MEN,15-29 year-old men,PC_AGE,A,2020,23.725376
BRA,NEET,15_29_WOMEN,15-29 year-old women,PC_AGE,A,2020,34.844086
CAN,NEET,15_29_MEN,15-29 year-old men,PC_AGE,A,2020,14.230769
CAN,NEET,15_29_WOMEN,15-29 year-old women,PC_AGE,A,2020,12.894737
CAN,NEET,15_29,15-29 year-olds,PC_AGE,A,2020,13.58357
CHE,NEET,15_29_WOMEN,15-29 year-old women,PC_AGE,A,2020,6.7916074
CHE,NEET,15_29_MEN,15-29 year-old men,PC_AGE,A,2020,7.1307011
CHE,NEET,15_29,15-29 year-olds,PC_AGE,A,2020,6.9669571
CHL,NEET,15_29_MEN,15-29 year-old men,PC_AGE,A,2020,19.947477
CHL,NEET,15_29_WOMEN,15-29 year-old women,PC_AGE,A,2020,26.767639
CHL,NEET,15_29,15-29 year-olds,PC_AGE,A,2020,23.44417
COL,NEET,15_29,15-29 year-olds,PC_AGE,A,2020,30.25078
COL,NEET,15_29_WOMEN,15-29 year-old women,PC_AGE,A,2020,40.508781
COL,NEET,15_29_MEN,15-29 year-old men,PC_AGE,A,2020,20.042795
CRI,NEET,15_29,15-29 year-olds,PC_AGE,A,2020,18.774717
CRI,NEET,15_29_MEN,15-29 year-old men,PC_AGE,A,2020,12.369948
CRI,NEET,15_29_WOMEN,15-29 year-old women,PC_AGE,A,2020,25.894146
CZE,NEET,15_29,15-29 year-olds,PC_AGE,A,2020,10.584412
CZE,NEET,15_29_WOMEN,15-29 year-old women,PC_AGE,A,2020,16.964821
CZE,NEET,15_29_MEN,15-29 year-old men,PC_AGE,A,2020,4.566627
DNK,NEET,15_29,15-29 year-olds,PC_AGE,A,2020,11.685645
DNK,NEET,15_29_WOMEN,15-29 year-old women,PC_AGE,A,2020,12.480641
DNK,NEET,15_29_MEN,15-29 year-old men,PC_AGE,A,2020,10.920341
ESP,NEET,15_29,15-29 year-olds,PC_AGE,A,2020,18.469614
ESP,NEET,15_29_MEN,15-29 year-old men,PC_AGE,A,2020,17.98078
ESP,NEET,15_29_WOMEN,15-29 year-old women,PC_AGE,A,2020,18.977674
EST,NEET,15_29,15-29 year-olds,PC_AGE,A,2020,11.245006
EST,NEET,15_29_WOMEN,15-29 year-old women,PC_AGE,A,2020,14.021497
EST,NEET,15_29_MEN,15-29 year-old men,PC_AGE,A,2020,8.6036291
FIN,NEET,15_29_WOMEN,15-29 year-old women,PC_AGE,A,2020,10.398231
FIN,NEET,15_29,15-29 year-olds,PC_AGE,A,2020,10.767591
FIN,NEET,15_29_MEN,15-29 year-old men,PC_AGE,A,2020,11.111111
FRA,NEET,15_29_MEN,15-29 year-old men,PC_AGE,A,2020,13.792492
FRA,NEET,15_29_WOMEN,15-29 year-old women,PC_AGE,A,2020,16.265841
FRA,NEET,15_29,15-29 year-olds,PC_AGE,A,2020,15.029516
GBR,NEET,15_29,15-29 year-olds,PC_AGE,A,2020,12.405721
GBR,NEET,15_29_WOMEN,15-29 year-old women,PC_AGE,A,2020,13.432442
GBR,NEET,15_29_MEN,15-29 year-old men,PC_AGE,A,2020,11.414589
GRC,NEET,15_29,15-29 year-olds,PC_AGE,A,2020,18.745293
GRC,NEET,15_29_MEN,15-29 year-old men,PC_AGE,A,2020,18.725157
GRC,NEET,15_29_WOMEN,15-29 year-old women,PC_AGE,A,2020,18.766371
HUN,NEET,15_29,15-29 year-olds,PC_AGE,A,2020,14.322376
HUN,NEET,15_29_MEN,15-29 year-old men,PC_AGE,A,2020,9.906929
HUN,NEET,15_29_WOMEN,15-29 year-old women,PC_AGE,A,2020,18.984516
IRL,NEET,15_29_MEN,15-29 year-old men,PC_AGE,A,2020,10.645998
IRL,NEET,15_29_WOMEN,15-29 year-old women,PC_AGE,A,2020,11.390942
IRL,NEET,15_29,15-29 year-olds,PC_AGE,A,2020,11.011213
ISL,NEET,15_29_MEN,15-29 year-old men,PC_AGE,A,2020,9.1532974
ISL,NEET,15_29,15-29 year-olds,PC_AGE,A,2020,9.4347448
ISL,NEET,15_29_WOMEN,15-29 year-old women,PC_AGE,A,2020,9.7395401
ISR,NEET,15_29_WOMEN,15-29 year-old women,PC_AGE,A,2020,15.631991
ISR,NEET,15_29,15-29 year-olds,PC_AGE,A,2020,13.986527
ISR,NEET,15_29_MEN,15-29 year-old men,PC_AGE,A,2020,12.345515
ITA,NEET,15_29_WOMEN,15-29 year-old women,PC_AGE,A,2020,25.193663
ITA,NEET,15_29_MEN,15-29 year-old men,PC_AGE,A,2020,21.938709
ITA,NEET,15_29,15-29 year-olds,PC_AGE,A,2020,23.521662
LTU,NEET,15_29,15-29 year-olds,PC_AGE,A,2020,12.507401
LTU,NEET,15_29_MEN,15-29 year-old men,PC_AGE,A,2020,13.218968
LTU,NEET,15_29_WOMEN,15-29 year-old women,PC_AGE,A,2020,11.7054
LUX,NEET,15_29,15-29 year-olds,PC_AGE,A,2020,7.9069743
LUX,NEET,15_29_MEN,15-29 year-old men,PC_AGE,A,2020,9.6104374
LVA,NEET,15_29,15-29 year-olds,PC_AGE,A,2020,13.597125
LVA,NEET,15_29_MEN,15-29 year-old men,PC_AGE,A,2020,11.580697
LVA,NEET,15_29_WOMEN,15-29 year-old women,PC_AGE,A,2020,15.733162
MEX,NEET,15_29_WOMEN,15-29 year-old women,PC_AGE,A,2020,33.209644
MEX,NEET,15_29,15-29 year-olds,PC_AGE,A,2020,22.141518
MEX,NEET,15_29_MEN,15-29 year-old men,PC_AGE,A,2020,10.924086
NLD,NEET,15_29,15-29 year-olds,PC_AGE,A,2020,5.6142402
NLD,NEET,15_29_MEN,15-29 year-old men,PC_AGE,A,2020,5.3125758
NLD,NEET,15_29_WOMEN,15-29 year-old women,PC_AGE,A,2020,5.9262042
NOR,NEET,15_29_WOMEN,15-29 year-old women,PC_AGE,A,2020,7.7488875
NOR,NEET,15_29,15-29 year-olds,PC_AGE,A,2020,7.9170012
NOR,NEET,15_29_MEN,15-29 year-old men,PC_AGE,A,2020,8.0758324
NZL,NEET,15_29_WOMEN,15-29 year-old women,PC_AGE,A,2020,14.8915
NZL,NEET,15_29_MEN,15-29 year-old men,PC_AGE,A,2020,9.96031
NZL,NEET,15_29,15-29 year-olds,PC_AGE,A,2020,12.361838
OAVG,NEET,15_29_MEN,15-29 year-old men,PC_AGE,A,2020,11.661074
OAVG,NEET,15_29_WOMEN,15-29 year-old women,PC_AGE,A,2020,15.984042
OAVG,NEET,15_29,15-29 year-olds,PC_AGE,A,2020,13.646059
POL,NEET,15_29,15-29 year-olds,PC_AGE,A,2020,13.453573
POL,NEET,15_29_WOMEN,15-29 year-old women,PC_AGE,A,2020,17.833595
POL,NEET,15_29_MEN,15-29 year-old men,PC_AGE,A,2020,9.2832041
PRT,NEET,15_29,15-29 year-olds,PC_AGE,A,2020,11.719577
PRT,NEET,15_29_WOMEN,15-29 year-old women,PC_AGE,A,2020,12.69272
PRT,NEET,15_29_MEN,15-29 year-old men,PC_AGE,A,2020,10.768201
SVK,NEET,15_29,15-29 year-olds,PC_AGE,A,2020,14.220293
SVK,NEET,15_29_WOMEN,15-29 year-old women,PC_AGE,A,2020,19.333567
SVK,NEET,15_29_MEN,15-29 year-old men,PC_AGE,A,2020,9.3498135
SVN,NEET,15_29_WOMEN,15-29 year-old women,PC_AGE,A,2020,11.049244
SVN,NEET,15_29,15-29 year-olds,PC_AGE,A,2020,9.071003
SVN,NEET,15_29_MEN,15-29 year-old men,PC_AGE,A,2020,7.3006744
SWE,NEET,15_29,15-29 year-olds,PC_AGE,A,2020,7.5557604
SWE,NEET,15_29_MEN,15-29 year-old men,PC_AGE,A,2020,7.5148096
SWE,NEET,15_29_WOMEN,15-29 year-old women,PC_AGE,A,2020,7.6001458
USA,NEET,15_29,15-29 year-olds,PC_AGE,A,2020,13.395328
USA,NEET,15_29_WOMEN,15-29 year-old women,PC_AGE,A,2020,14.609114
USA,NEET,15_29_MEN,15-29 year-old men,PC_AGE,A,2020,12.18959
ZAF,NEET,15_29_MEN,15-29 year-old men,PC_AGE,A,2020,38.673893
ZAF,NEET,15_29_WOMEN,15-29 year-old women,PC_AGE,A,2020,43.254982
ZAF,NEET,15_29,15-29 year-olds,PC_AGE,A,2020,40.949177
AUS,NEET,15_29,15-29 year-olds,PC_AGE,A,2021,10.379926
AUS,NEET,15_29_WOMEN,15-29 year-old women,PC_AGE,A,2021,10.733997
AUS,NEET,15_29_MEN,15-29 year-old men,PC_AGE,A,2021,10.034245
AUT,NEET,15_29,15-29 year-olds,PC_AGE,A,2021,11.379028
AUT,NEET,15_29_MEN,15-29 year-old men,PC_AGE,A,2021,11.175833
AUT,NEET,15_29_WOMEN,15-29 year-old women,PC_AGE,A,2021,11.584897
BEL,NEET,15_29_MEN,15-29 year-old men,PC_AGE,A,2021,11.1696
BEL,NEET,15_29_WOMEN,15-29 year-old women,PC_AGE,A,2021,11.371595
BEL,NEET,15_29,15-29 year-olds,PC_AGE,A,2021,11.269361
CAN,NEET,15_29_WOMEN,15-29 year-old women,PC_AGE,A,2021,12.775331
CAN,NEET,15_29_MEN,15-29 year-old men,PC_AGE,A,2021,14.566058
CAN,NEET,15_29,15-29 year-olds,PC_AGE,A,2021,13.69785
CHE,NEET,15_29_MEN,15-29 year-old men,PC_AGE,A,2021,11.000548
CHE,NEET,15_29,15-29 year-olds,PC_AGE,A,2021,11.30776
CHE,NEET,15_29_WOMEN,15-29 year-old women,PC_AGE,A,2021,11.633037
COL,NEET,15_29,15-29 year-olds,PC_AGE,A,2021,27.62752
COL,NEET,15_29_MEN,15-29 year-old men,PC_AGE,A,2021,17.947119
COL,NEET,15_29_WOMEN,15-29 year-old women,PC_AGE,A,2021,37.428944
CRI,NEET,15_29_WOMEN,15-29 year-old women,PC_AGE,A,2021,33.404469
CRI,NEET,15_29,15-29 year-olds,PC_AGE,A,2021,25.931189
CRI,NEET,15_29_MEN,15-29 year-old men,PC_AGE,A,2021,19.573463
CZE,NEET,15_29,15-29 year-olds,PC_AGE,A,2021,11.887791
CZE,NEET,15_29_WOMEN,15-29 year-old women,PC_AGE,A,2021,18.863834
CZE,NEET,15_29_MEN,15-29 year-old men,PC_AGE,A,2021,5.30971
DEU,NEET,15_29_WOMEN,15-29 year-old women,PC_AGE,A,2021,11.456838
DEU,NEET,15_29_MEN,15-29 year-old men,PC_AGE,A,2021,9.0197792
DEU,NEET,15_29,15-29 year-olds,PC_AGE,A,2021,10.198738
DNK,NEET,15_29,15-29 year-olds,PC_AGE,A,2021,10.890989
DNK,NEET,15_29_MEN,15-29 year-old men,PC_AGE,A,2021,10.603081
DNK,NEET,15_29_WOMEN,15-29 year-old women,PC_AGE,A,2021,11.191282
ESP,NEET,15_29,15-29 year-olds,PC_AGE,A,2021,19.40844
ESP,NEET,15_29_MEN,15-29 year-old men,PC_AGE,A,2021,19.651697
ESP,NEET,15_29_WOMEN,15-29 year-old women,PC_AGE,A,2021,19.154337
EST,NEET,15_29_MEN,15-29 year-old men,PC_AGE,A,2021,12.030375
EST,NEET,15_29,15-29 year-olds,PC_AGE,A,2021,12.339497
EST,NEET,15_29_WOMEN,15-29 year-old women,PC_AGE,A,2021,12.657704
FIN,NEET,15_29_WOMEN,15-29 year-old women,PC_AGE,A,2021,11.447084
FIN,NEET,15_29,15-29 year-olds,PC_AGE,A,2021,11.889597
FIN,NEET,15_29_MEN,15-29 year-old men,PC_AGE,A,2021,12.317327
FRA,NEET,15_29_MEN,15-29 year-old men,PC_AGE,A,2021,15.126697
FRA,NEET,15_29_WOMEN,15-29 year-old women,PC_AGE,A,2021,14.99579
FRA,NEET,15_29,15-29 year-olds,PC_AGE,A,2021,15.061297
GBR,NEET,15_29_WOMEN,15-29 year-old women,PC_AGE,A,2021,11.374219
GBR,NEET,15_29,15-29 year-olds,PC_AGE,A,2021,11.814146
GBR,NEET,15_29_MEN,15-29 year-old men,PC_AGE,A,2021,12.23395
GRC,NEET,15_29,15-29 year-olds,PC_AGE,A,2021,21.382248
GRC,NEET,15_29_WOMEN,15-29 year-old women,PC_AGE,A,2021,21.210329
GRC,NEET,15_29_MEN,15-29 year-old men,PC_AGE,A,2021,21.541691
HUN,NEET,15_29_WOMEN,15-29 year-old women,PC_AGE,A,2021,16.060764
HUN,NEET,15_29,15-29 year-olds,PC_AGE,A,2021,13.07588
HUN,NEET,15_29_MEN,15-29 year-old men,PC_AGE,A,2021,10.25088
IRL,NEET,15_29_MEN,15-29 year-old men,PC_AGE,A,2021,11.842077
IRL,NEET,15_29_WOMEN,15-29 year-old women,PC_AGE,A,2021,11.731623
IRL,NEET,15_29,15-29 year-olds,PC_AGE,A,2021,11.787637
ISL,NEET,15_29_WOMEN,15-29 year-old women,PC_AGE,A,2021,10.519032
ISL,NEET,15_29_MEN,15-29 year-old men,PC_AGE,A,2021,8.3162012
ISL,NEET,15_29,15-29 year-olds,PC_AGE,A,2021,9.3796415
ISR,NEET,15_29_WOMEN,15-29 year-old women,PC_AGE,A,2021,18.497303
ISR,NEET,15_29_MEN,15-29 year-old men,PC_AGE,A,2021,16.689335
ISR,NEET,15_29,15-29 year-olds,PC_AGE,A,2021,17.594763
ITA,NEET,15_29_WOMEN,15-29 year-old women,PC_AGE,A,2021,27.675976
ITA,NEET,15_29_MEN,15-29 year-old men,PC_AGE,A,2021,24.41748
ITA,NEET,15_29,15-29 year-olds,PC_AGE,A,2021,25.999081
LTU,NEET,15_29,15-29 year-olds,PC_AGE,A,2021,14.093274
LTU,NEET,15_29_MEN,15-29 year-old men,PC_AGE,A,2021,11.555938
LTU,NEET,15_29_WOMEN,15-29 year-old women,PC_AGE,A,2021,16.645386
LUX,NEET,15_29_WOMEN,15-29 year-old women,PC_AGE,A,2021,9.8210239
LUX,NEET,15_29,15-29 year-olds,PC_AGE,A,2021,7.7638745
LVA,NEET,15_29_MEN,15-29 year-old men,PC_AGE,A,2021,13.430969
LVA,NEET,15_29,15-29 year-olds,PC_AGE,A,2021,14.914444
LVA,NEET,15_29_WOMEN,15-29 year-old women,PC_AGE,A,2021,16.486952
MEX,NEET,15_29_MEN,15-29 year-old men,PC_AGE,A,2021,10.008711
MEX,NEET,15_29_WOMEN,15-29 year-old women,PC_AGE,A,2021,31.593006
MEX,NEET,15_29,15-29 year-olds,PC_AGE,A,2021,20.86186
NLD,NEET,15_29,15-29 year-olds,PC_AGE,A,2021,5.2943721
NLD,NEET,15_29_MEN,15-29 year-old men,PC_AGE,A,2021,4.1408243
NLD,NEET,15_29_WOMEN,15-29 year-old women,PC_AGE,A,2021,6.4854345
NOR,NEET,15_29_MEN,15-29 year-old men,PC_AGE,A,2021,9.0776262
NOR,NEET,15_29_WOMEN,15-29 year-old women,PC_AGE,A,2021,7.6003394
NOR,NEET,15_29,15-29 year-olds,PC_AGE,A,2021,8.3586063
NZL,NEET,15_29_WOMEN,15-29 year-old women,PC_AGE,A,2021,14.598834
NZL,NEET,15_29,15-29 year-olds,PC_AGE,A,2021,12.477928
NZL,NEET,15_29_MEN,15-29 year-old men,PC_AGE,A,2021,10.457767
OAVG,NEET,15_29_WOMEN,15-29 year-old women,PC_AGE,A,2021,16.396291
OAVG,NEET,15_29_MEN,15-29 year-old men,PC_AGE,A,2021,12.652197
OAVG,NEET,15_29,15-29 year-olds,PC_AGE,A,2021,14.382148
POL,NEET,15_29_MEN,15-29 year-old men,PC_AGE,A,2021,10.561207
POL,NEET,15_29,15-29 year-olds,PC_AGE,A,2021,13.841925
POL,NEET,15_29_WOMEN,15-29 year-old women,PC_AGE,A,2021,17.287361
PRT,NEET,15_29_MEN,15-29 year-old men,PC_AGE,A,2021,13.960987
PRT,NEET,15_29,15-29 year-olds,PC_AGE,A,2021,13.968806
PRT,NEET,15_29_WOMEN,15-29 year-old women,PC_AGE,A,2021,13.976824
ROU,NEET,15_29_WOMEN,15-29 year-old women,PC_AGE,A,2021,27.844706
ROU,NEET,15_29,15-29 year-olds,PC_AGE,A,2021,21.899435
ROU,NEET,15_29_MEN,15-29 year-old men,PC_AGE,A,2021,16.283472
SVK,NEET,15_29_MEN,15-29 year-old men,PC_AGE,A,2021,11.091486
SVK,NEET,15_29,15-29 year-olds,PC_AGE,A,2021,14.281665
SVK,NEET,15_29_WOMEN,15-29 year-old women,PC_AGE,A,2021,17.610373
SVN,NEET,15_29_WOMEN,15-29 year-old women,PC_AGE,A,2021,10.451357
SVN,NEET,15_29,15-29 year-olds,PC_AGE,A,2021,9.4232998
SVN,NEET,15_29_MEN,15-29 year-old men,PC_AGE,A,2021,8.5222044
SWE,NEET,15_29,15-29 year-olds,PC_AGE,A,2021,8.7672415
SWE,NEET,15_29_MEN,15-29 year-old men,PC_AGE,A,2021,8.9117537
SWE,NEET,15_29_WOMEN,15-29 year-old women,PC_AGE,A,2021,8.6110239
TUR,NEET,15_29,15-29 year-olds,PC_AGE,A,2021,28.686998
TUR,NEET,15_29_WOMEN,15-29 year-old women,PC_AGE,A,2021,39.520744
TUR,NEET,15_29_MEN,15-29 year-old men,PC_AGE,A,2021,18.353422
USA,NEET,15_29_WOMEN,15-29 year-old women,PC_AGE,A,2021,17.411453
USA,NEET,15_29_MEN,15-29 year-old men,PC_AGE,A,2021,15.287816
USA,NEET,15_29,15-29 year-olds,PC_AGE,A,2021,16.346262
ZAF,NEET,15_29_WOMEN,15-29 year-old women,PC_AGE,A,2021,44.864796
ZAF,NEET,15_29,15-29 year-olds,PC_AGE,A,2021,42.248966
ZAF,NEET,15_29_MEN,15-29 year-old men,PC_AGE,A,2021,39.657394
AUS,NEET,15_29,15-29 year-olds,PC_AGE,A,2022,9.6200047
AUS,NEET,15_29_MEN,15-29 year-old men,PC_AGE,A,2022,8.27843
AUS,NEET,15_29_WOMEN,15-29 year-old women,PC_AGE,A,2022,11.019119
AUT,NEET,15_29_MEN,15-29 year-old men,PC_AGE,A,2022,10.260771
AUT,NEET,15_29_WOMEN,15-29 year-old women,PC_AGE,A,2022,10.793349
AUT,NEET,15_29,15-29 year-olds,PC_AGE,A,2022,10.524028
BEL,NEET,15_29_MEN,15-29 year-old men,PC_AGE,A,2022,9.2283125
BEL,NEET,15_29_WOMEN,15-29 year-old women,PC_AGE,A,2022,9.9788866
BEL,NEET,15_29,15-29 year-olds,PC_AGE,A,2022,9.598608
BGR,NEET,15_29,15-29 year-olds,PC_AGE,A,2022,16.429764
BGR,NEET,15_29_MEN,15-29 year-old men,PC_AGE,A,2022,13.772342
BGR,NEET,15_29_WOMEN,15-29 year-old women,PC_AGE,A,2022,19.229486
BRA,NEET,15_29,15-29 year-olds,PC_AGE,A,2022,20.008587
BRA,NEET,15_29_MEN,15-29 year-old men,PC_AGE,A,2022,14.297117
BRA,NEET,15_29_WOMEN,15-29 year-old women,PC_AGE,A,2022,25.829597
CAN,NEET,15_29_WOMEN,15-29 year-old women,PC_AGE,A,2022,9.7568121
CAN,NEET,15_29,15-29 year-olds,PC_AGE,A,2022,10.975089
CAN,NEET,15_29_MEN,15-29 year-old men,PC_AGE,A,2022,12.126245
CHE,NEET,15_29,15-29 year-olds,PC_AGE,A,2022,13.61737
CHE,NEET,15_29_MEN,15-29 year-old men,PC_AGE,A,2022,13.727206
CHE,NEET,15_29_WOMEN,15-29 year-old women,PC_AGE,A,2022,13.500346
COL,NEET,15_29_MEN,15-29 year-old men,PC_AGE,A,2022,16.010948
COL,NEET,15_29,15-29 year-olds,PC_AGE,A,2022,24.827915
COL,NEET,15_29_WOMEN,15-29 year-old women,PC_AGE,A,2022,33.756187
CRI,NEET,15_29_WOMEN,15-29 year-old women,PC_AGE,A,2022,27.626318
CRI,NEET,15_29,15-29 year-olds,PC_AGE,A,2022,21.184038
CRI,NEET,15_29_MEN,15-29 year-old men,PC_AGE,A,2022,15.629976
CZE,NEET,15_29_MEN,15-29 year-old men,PC_AGE,A,2022,6.5497351
CZE,NEET,15_29_WOMEN,15-29 year-old women,PC_AGE,A,2022,17.555286
CZE,NEET,15_29,15-29 year-olds,PC_AGE,A,2022,11.880925
DEU,NEET,15_29_MEN,15-29 year-old men,PC_AGE,A,2022,7.4568634
DEU,NEET,15_29,15-29 year-olds,PC_AGE,A,2022,8.8567152
DEU,NEET,15_29_WOMEN,15-29 year-old women,PC_AGE,A,2022,10.352812
DNK,NEET,15_29_MEN,15-29 year-old men,PC_AGE,A,2022,10.067802
DNK,NEET,15_29,15-29 year-olds,PC_AGE,A,2022,10.302072
DNK,NEET,15_29_WOMEN,15-29 year-old women,PC_AGE,A,2022,10.545332
ESP,NEET,15_29_WOMEN,15-29 year-old women,PC_AGE,A,2022,16.52132
ESP,NEET,15_29,15-29 year-olds,PC_AGE,A,2022,16.476675
ESP,NEET,15_29_MEN,15-29 year-old men,PC_AGE,A,2022,16.434107
EST,NEET,15_29,15-29 year-olds,PC_AGE,A,2022,11.421142
EST,NEET,15_29_WOMEN,15-29 year-old women,PC_AGE,A,2022,10.187032
EST,NEET,15_29_MEN,15-29 year-old men,PC_AGE,A,2022,12.616929
FIN,NEET,15_29,15-29 year-olds,PC_AGE,A,2022,11.111111
FIN,NEET,15_29_MEN,15-29 year-old men,PC_AGE,A,2022,11.752137
FIN,NEET,15_29_WOMEN,15-29 year-old women,PC_AGE,A,2022,10.470085
FRA,NEET,15_29_MEN,15-29 year-old men,PC_AGE,A,2022,13.219399
FRA,NEET,15_29_WOMEN,15-29 year-old women,PC_AGE,A,2022,13.622011
FRA,NEET,15_29,15-29 year-olds,PC_AGE,A,2022,13.419604
GBR,NEET,15_29,15-29 year-olds,PC_AGE,A,2022,10.59578
GBR,NEET,15_29_MEN,15-29 year-old men,PC_AGE,A,2022,10.661077
GBR,NEET,15_29_WOMEN,15-29 year-old women,PC_AGE,A,2022,10.525442
GRC,NEET,15_29_MEN,15-29 year-old men,PC_AGE,A,2022,15.116306
GRC,NEET,15_29_WOMEN,15-29 year-old women,PC_AGE,A,2022,16.961658
GRC,NEET,15_29,15-29 year-olds,PC_AGE,A,2022,16.008015
HUN,NEET,15_29,15-29 year-olds,PC_AGE,A,2022,10.793528
HUN,NEET,15_29_MEN,15-29 year-old men,PC_AGE,A,2022,8.3177242
HUN,NEET,15_29_WOMEN,15-29 year-old women,PC_AGE,A,2022,13.396068
IRL,NEET,15_29,15-29 year-olds,PC_AGE,A,2022,8.9449272
IRL,NEET,15_29_MEN,15-29 year-old men,PC_AGE,A,2022,8.3670883
IRL,NEET,15_29_WOMEN,15-29 year-old women,PC_AGE,A,2022,9.5374002
ISL,NEET,15_29,15-29 year-olds,PC_AGE,A,2022,6.6774082
ISL,NEET,15_29_MEN,15-29 year-old men,PC_AGE,A,2022,6.7592177
ISL,NEET,15_29_WOMEN,15-29 year-old women,PC_AGE,A,2022,6.5881181
ISR,NEET,15_29,15-29 year-olds,PC_AGE,A,2022,13.262645
ISR,NEET,15_29_MEN,15-29 year-old men,PC_AGE,A,2022,11.608784
ISR,NEET,15_29_WOMEN,15-29 year-old women,PC_AGE,A,2022,14.865135
ITA,NEET,15_29,15-29 year-olds,PC_AGE,A,2022,22.926674
ITA,NEET,15_29_WOMEN,15-29 year-old women,PC_AGE,A,2022,24.125021
ITA,NEET,15_29_MEN,15-29 year-old men,PC_AGE,A,2022,21.800941
LTU,NEET,15_29_WOMEN,15-29 year-old women,PC_AGE,A,2022,13.444073
LTU,NEET,15_29,15-29 year-olds,PC_AGE,A,2022,12.232728
LTU,NEET,15_29_MEN,15-29 year-old men,PC_AGE,A,2022,11.104036
LUX,NEET,15_29,15-29 year-olds,PC_AGE,A,2022,6.6787729
LVA,NEET,15_29,15-29 year-olds,PC_AGE,A,2022,11.87536
LVA,NEET,15_29_WOMEN,15-29 year-old women,PC_AGE,A,2022,14.102603
LVA,NEET,15_29_MEN,15-29 year-old men,PC_AGE,A,2022,9.7696037
MEX,NEET,15_29,15-29 year-olds,PC_AGE,A,2022,19.481358
MEX,NEET,15_29_MEN,15-29 year-old men,PC_AGE,A,2022,9.2104225
MEX,NEET,15_29_WOMEN,15-29 year-old women,PC_AGE,A,2022,29.53721
NLD,NEET,15_29_WOMEN,15-29 year-old women,PC_AGE,A,2022,4.7331004
NLD,NEET,15_29,15-29 year-olds,PC_AGE,A,2022,4.52104
NLD,NEET,15_29_MEN,15-29 year-old men,PC_AGE,A,2022,4.3155031
NOR,NEET,15_29_MEN,15-29 year-old men,PC_AGE,A,2022,6.6019416
NOR,NEET,15_29_WOMEN,15-29 year-old women,PC_AGE,A,2022,6.352459
NOR,NEET,15_29,15-29 year-olds,PC_AGE,A,2022,6.4805584
NZL,NEET,15_29,15-29 year-olds,PC_AGE,A,2022,11.767667
NZL,NEET,15_29_WOMEN,15-29 year-old women,PC_AGE,A,2022,13.143211
NZL,NEET,15_29_MEN,15-29 year-old men,PC_AGE,A,2022,10.461237
OAVG,NEET,15_29,15-29 year-olds,PC_AGE,A,2022,12.645776
OAVG,NEET,15_29_MEN,15-29 year-old men,PC_AGE,A,2022,11.061154
OAVG,NEET,15_29_WOMEN,15-29 year-old women,PC_AGE,A,2022,14.656483
POL,NEET,15_29_MEN,15-29 year-old men,PC_AGE,A,2022,10.73541
POL,NEET,15_29,15-29 year-olds,PC_AGE,A,2022,13.110146
POL,NEET,15_29_WOMEN,15-29 year-old women,PC_AGE,A,2022,15.604881
PRT,NEET,15_29_MEN,15-29 year-old men,PC_AGE,A,2022,10.595481
PRT,NEET,15_29,15-29 year-olds,PC_AGE,A,2022,11.070194
PRT,NEET,15_29_WOMEN,15-29 year-old women,PC_AGE,A,2022,11.55511
ROU,NEET,15_29_WOMEN,15-29 year-old women,PC_AGE,A,2022,25.573463
ROU,NEET,15_29,15-29 year-olds,PC_AGE,A,2022,20.035301
ROU,NEET,15_29_MEN,15-29 year-old men,PC_AGE,A,2022,14.76478
SVK,NEET,15_29,15-29 year-olds,PC_AGE,A,2022,12.498469
SVK,NEET,15_29_WOMEN,15-29 year-old women,PC_AGE,A,2022,14.172628
SVK,NEET,15_29_MEN,15-29 year-old men,PC_AGE,A,2022,10.892552
SVN,NEET,15_29_WOMEN,15-29 year-old women,PC_AGE,A,2022,11.277628
SVN,NEET,15_29,15-29 year-olds,PC_AGE,A,2022,10.191147
SVN,NEET,15_29_MEN,15-29 year-old men,PC_AGE,A,2022,9.2327051
SWE,NEET,15_29,15-29 year-olds,PC_AGE,A,2022,7.2800698
SWE,NEET,15_29_WOMEN,15-29 year-old women,PC_AGE,A,2022,7.4798517
SWE,NEET,15_29_MEN,15-29 year-old men,PC_AGE,A,2022,7.0940819
TUR,NEET,15_29,15-29 year-olds,PC_AGE,A,2022,27.931236
TUR,NEET,15_29_WOMEN,15-29 year-old women,PC_AGE,A,2022,39.028175
TUR,NEET,15_29_MEN,15-29 year-old men,PC_AGE,A,2022,17.349728
USA,NEET,15_29_MEN,15-29 year-old men,PC_AGE,A,2022,12.724692
USA,NEET,15_29,15-29 year-olds,PC_AGE,A,2022,14.460077
USA,NEET,15_29_WOMEN,15-29 year-old women,PC_AGE,A,2022,16.20015
ZAF,NEET,15_29_WOMEN,15-29 year-old women,PC_AGE,A,2022,44.155121
ZAF,NEET,15_29,15-29 year-olds,PC_AGE,A,2022,42.06675
ZAF,NEET,15_29_MEN,15-29 year-old men,PC_AGE,A,2022,40.010975
