REF_AREA,STRUCTURE_NAME,MEASURE,UNIT_MEASURE,FREQUENCY,TIME_PERIOD,OBS_VALUE
ARG,Incidence of low and high pay,LP_I,PT_EMP_FT,A,2017,24.777299276
ARG,Incidence of low and high pay,HP_I,PT_EMP_FT,A,2017,17.488948115
ARG,Incidence of low and high pay,HP_I,PT_EMP_FT,A,2017,14.689095276
ARG,Incidence of low and high pay,LP_I,PT_EMP_FT,A,2017,29.047334282
ARG,Incidence of low and high pay,LP_I,PT_EMP_FT,A,2017,22.355117146
ARG,Incidence of low and high pay,HP_I,PT_EMP_FT,A,2017,19.077167766
ARG,Incidence of low and high pay,LP_I,PT_EMP_FT,A,2018,21.618593099
ARG,Incidence of low and high pay,HP_I,PT_EMP_FT,A,2018,18.642998751
ARG,Incidence of low and high pay,HP_I,PT_EMP_FT,A,2018,16.070018857
ARG,Incidence of low and high pay,LP_I,PT_EMP_FT,A,2018,26.142435202
ARG,Incidence of low and high pay,LP_I,PT_EMP_FT,A,2018,19.049508265
ARG,Incidence of low and high pay,HP_I,PT_EMP_FT,A,2018,20.104191133
ARG,Incidence of low and high pay,LP_I,PT_EMP_FT,A,2019,24.501076008
ARG,Incidence of low and high pay,HP_I,PT_EMP_FT,A,2019,19.490630707
ARG,Incidence of low and high pay,HP_I,PT_EMP_FT,A,2019,17.007293935
ARG,Incidence of low and high pay,LP_I,PT_EMP_FT,A,2019,28.778071995
ARG,Incidence of low and high pay,LP_I,PT_EMP_FT,A,2019,22.108724727
ARG,Incidence of low and high pay,HP_I,PT_EMP_FT,A,2019,20.879693012
ARG,Incidence of low and high pay,LP_I,PT_EMP_FT,A,2020,24.414084098
ARG,Incidence of low and high pay,HP_I,PT_EMP_FT,A,2020,24.465594752
ARG,Incidence of low and high pay,HP_I,PT_EMP_FT,A,2020,23.540800567
ARG,Incidence of low and high pay,LP_I,PT_EMP_FT,A,2020,26.980863734
ARG,Incidence of low and high pay,LP_I,PT_EMP_FT,A,2020,22.972814707
ARG,Incidence of low and high pay,HP_I,PT_EMP_FT,A,2020,24.984874838
ARG,Incidence of low and high pay,LP_I,PT_EMP_FT,A,2021,20.76840492
ARG,Incidence of low and high pay,HP_I,PT_EMP_FT,A,2021,25.792874545
ARG,Incidence of low and high pay,HP_I,PT_EMP_FT,A,2021,23.328719487
ARG,Incidence of low and high pay,LP_I,PT_EMP_FT,A,2021,23.928183355
ARG,Incidence of low and high pay,LP_I,PT_EMP_FT,A,2021,19.012299176
ARG,Incidence of low and high pay,HP_I,PT_EMP_FT,A,2021,27.162374636
ARG,Incidence of low and high pay,LP_I,PT_EMP_FT,A,2022,23.63533334
ARG,Incidence of low and high pay,HP_I,PT_EMP_FT,A,2022,24.467466543
ARG,Incidence of low and high pay,HP_I,PT_EMP_FT,A,2022,22.242503593
ARG,Incidence of low and high pay,LP_I,PT_EMP_FT,A,2022,28.606361436
ARG,Incidence of low and high pay,LP_I,PT_EMP_FT,A,2022,20.756491956
ARG,Incidence of low and high pay,HP_I,PT_EMP_FT,A,2022,25.755995857
ARG,Incidence of low and high pay,LP_I,PT_EMP_FT,A,2023,29.734368515
ARG,Incidence of low and high pay,HP_I,PT_EMP_FT,A,2023,26.303139761
ARG,Incidence of low and high pay,HP_I,PT_EMP_FT,A,2023,24.355648286
ARG,Incidence of low and high pay,LP_I,PT_EMP_FT,A,2023,33.206459256
ARG,Incidence of low and high pay,LP_I,PT_EMP_FT,A,2023,27.691022624
ARG,Incidence of low and high pay,HP_I,PT_EMP_FT,A,2023,27.449249987
ARG,Incidence of low and high pay,LP_I,PT_EMP_FT,A,2024,31.060317944
ARG,Incidence of low and high pay,LP_I,PT_EMP_FT,A,2024,27.562723374
ARG,Incidence of low and high pay,LP_I,PT_EMP_FT,A,2024,25.440672528
ARG,Incidence of low and high pay,HP_I,PT_EMP_FT,A,2024,33.223696534
ARG,Incidence of low and high pay,HP_I,PT_EMP_FT,A,2024,27.492513868
ARG,Incidence of low and high pay,HP_I,PT_EMP_FT,A,2024,31.059527778
AUS,Incidence of low and high pay,LP_I,PT_EMP_FT,A,1975,11.250855376
AUS,Incidence of low and high pay,LP_I,PT_EMP_FT,A,1975,20.733704553
AUS,Incidence of low and high pay,LP_I,PT_EMP_FT,A,1975,7.4120727948
AUS,Incidence of low and high pay,LP_I,PT_EMP_FT,A,1976,11.590102618
AUS,Incidence of low and high pay,LP_I,PT_EMP_FT,A,1976,19.985091933
AUS,Incidence of low and high pay,LP_I,PT_EMP_FT,A,1976,8.1696699737
AUS,Incidence of low and high pay,LP_I,PT_EMP_FT,A,1977,11.706900235
AUS,Incidence of low and high pay,LP_I,PT_EMP_FT,A,1977,19.860655081
AUS,Incidence of low and high pay,LP_I,PT_EMP_FT,A,1977,8.2720464206
AUS,Incidence of low and high pay,LP_I,PT_EMP_FT,A,1978,12.772321534
AUS,Incidence of low and high pay,LP_I,PT_EMP_FT,A,1978,21.024664922
AUS,Incidence of low and high pay,LP_I,PT_EMP_FT,A,1978,9.2864321608
AUS,Incidence of low and high pay,LP_I,PT_EMP_FT,A,1979,13.589886596
AUS,Incidence of low and high pay,LP_I,PT_EMP_FT,A,1979,21.47479428
AUS,Incidence of low and high pay,LP_I,PT_EMP_FT,A,1979,10.358839915
AUS,Incidence of low and high pay,LP_I,PT_EMP_FT,A,1980,13.540324066
AUS,Incidence of low and high pay,LP_I,PT_EMP_FT,A,1980,22.11269792
AUS,Incidence of low and high pay,LP_I,PT_EMP_FT,A,1980,9.9267111635
AUS,Incidence of low and high pay,LP_I,PT_EMP_FT,A,1981,13.934407905
AUS,Incidence of low and high pay,LP_I,PT_EMP_FT,A,1981,21.512770138
AUS,Incidence of low and high pay,LP_I,PT_EMP_FT,A,1981,10.750230181
AUS,Incidence of low and high pay,LP_I,PT_EMP_FT,A,1982,14.362218958
AUS,Incidence of low and high pay,LP_I,PT_EMP_FT,A,1982,26.913543153
AUS,Incidence of low and high pay,LP_I,PT_EMP_FT,A,1982,12.668864327
AUS,Incidence of low and high pay,LP_I,PT_EMP_FT,A,1983,14.579724205
AUS,Incidence of low and high pay,LP_I,PT_EMP_FT,A,1983,23.434542288
AUS,Incidence of low and high pay,LP_I,PT_EMP_FT,A,1983,10.689357176
AUS,Incidence of low and high pay,LP_I,PT_EMP_FT,A,1984,14.445819737
AUS,Incidence of low and high pay,LP_I,PT_EMP_FT,A,1984,22.451051487
AUS,Incidence of low and high pay,LP_I,PT_EMP_FT,A,1984,10.843530755
AUS,Incidence of low and high pay,LP_I,PT_EMP_FT,A,1985,13.467420725
AUS,Incidence of low and high pay,HP_I,PT_EMP_FT,A,1985,10.602292982
AUS,Incidence of low and high pay,HP_I,PT_EMP_FT,A,1985,2.9859076322
AUS,Incidence of low and high pay,LP_I,PT_EMP_FT,A,1985,21.110646016
AUS,Incidence of low and high pay,LP_I,PT_EMP_FT,A,1985,9.9456748851
AUS,Incidence of low and high pay,HP_I,PT_EMP_FT,A,1985,14.114886367
AUS,Incidence of low and high pay,LP_I,PT_EMP_FT,A,1986,13.975608709
AUS,Incidence of low and high pay,HP_I,PT_EMP_FT,A,1986,11.789839825
AUS,Incidence of low and high pay,HP_I,PT_EMP_FT,A,1986,4.6424510001
AUS,Incidence of low and high pay,LP_I,PT_EMP_FT,A,1986,20.743862466
AUS,Incidence of low and high pay,LP_I,PT_EMP_FT,A,1986,10.77312253
AUS,Incidence of low and high pay,HP_I,PT_EMP_FT,A,1986,15.168379447
AUS,Incidence of low and high pay,LP_I,PT_EMP_FT,A,1987,13.936388509
AUS,Incidence of low and high pay,HP_I,PT_EMP_FT,A,1987,12.175102599
AUS,Incidence of low and high pay,HP_I,PT_EMP_FT,A,1987,4.128775307
AUS,Incidence of low and high pay,LP_I,PT_EMP_FT,A,1987,20.995685363
AUS,Incidence of low and high pay,LP_I,PT_EMP_FT,A,1987,10.583561903
AUS,Incidence of low and high pay,HP_I,PT_EMP_FT,A,1987,15.996721208
AUS,Incidence of low and high pay,LP_I,PT_EMP_FT,A,1988,14.526388522
AUS,Incidence of low and high pay,HP_I,PT_EMP_FT,A,1988,12.864023411
AUS,Incidence of low and high pay,HP_I,PT_EMP_FT,A,1988,4.7779441118
AUS,Incidence of low and high pay,LP_I,PT_EMP_FT,A,1988,21.095309381
AUS,Incidence of low and high pay,LP_I,PT_EMP_FT,A,1988,11.351921628
AUS,Incidence of low and high pay,HP_I,PT_EMP_FT,A,1988,16.771665411
AUS,Incidence of low and high pay,LP_I,PT_EMP_FT,A,1989,14.54367601
AUS,Incidence of low and high pay,HP_I,PT_EMP_FT,A,1989,13.059588052
AUS,Incidence of low and high pay,HP_I,PT_EMP_FT,A,1989,4.3434059552
AUS,Incidence of low and high pay,LP_I,PT_EMP_FT,A,1989,20.530878752
AUS,Incidence of low and high pay,LP_I,PT_EMP_FT,A,1989,11.569175581
AUS,Incidence of low and high pay,HP_I,PT_EMP_FT,A,1989,17.38987191
AUS,Incidence of low and high pay,LP_I,PT_EMP_FT,A,1990,14.740810635
AUS,Incidence of low and high pay,HP_I,PT_EMP_FT,A,1990,12.145570539
AUS,Incidence of low and high pay,HP_I,PT_EMP_FT,A,1990,4.2016347944
AUS,Incidence of low and high pay,LP_I,PT_EMP_FT,A,1990,20.883764866
AUS,Incidence of low and high pay,LP_I,PT_EMP_FT,A,1990,11.601026104
AUS,Incidence of low and high pay,HP_I,PT_EMP_FT,A,1990,16.206720258
AUS,Incidence of low and high pay,LP_I,PT_EMP_FT,A,1991,13.91514708
AUS,Incidence of low and high pay,HP_I,PT_EMP_FT,A,1991,13.410989815
AUS,Incidence of low and high pay,HP_I,PT_EMP_FT,A,1991,5.9268146371
AUS,Incidence of low and high pay,LP_I,PT_EMP_FT,A,1991,19.442111578
AUS,Incidence of low and high pay,LP_I,PT_EMP_FT,A,1991,11.078995111
AUS,Incidence of low and high pay,HP_I,PT_EMP_FT,A,1991,17.247317118
AUS,Incidence of low and high pay,LP_I,PT_EMP_FT,A,1992,13.864516684
AUS,Incidence of low and high pay,HP_I,PT_EMP_FT,A,1992,13.418074286
AUS,Incidence of low and high pay,HP_I,PT_EMP_FT,A,1992,6.4066257818
AUS,Incidence of low and high pay,LP_I,PT_EMP_FT,A,1992,18.245876636
AUS,Incidence of low and high pay,LP_I,PT_EMP_FT,A,1992,11.590839791
AUS,Incidence of low and high pay,HP_I,PT_EMP_FT,A,1992,17.05661771
AUS,Incidence of low and high pay,LP_I,PT_EMP_FT,A,1993,13.167436479
AUS,Incidence of low and high pay,HP_I,PT_EMP_FT,A,1993,13.254473358
AUS,Incidence of low and high pay,HP_I,PT_EMP_FT,A,1993,5.4879804085
AUS,Incidence of low and high pay,LP_I,PT_EMP_FT,A,1993,16.94923207
AUS,Incidence of low and high pay,LP_I,PT_EMP_FT,A,1993,11.167649929
AUS,Incidence of low and high pay,HP_I,PT_EMP_FT,A,1993,17.361339465
AUS,Incidence of low and high pay,LP_I,PT_EMP_FT,A,1994,13.507942322
AUS,Incidence of low and high pay,HP_I,PT_EMP_FT,A,1994,14.394756812
AUS,Incidence of low and high pay,HP_I,PT_EMP_FT,A,1994,6.2337125318
AUS,Incidence of low and high pay,LP_I,PT_EMP_FT,A,1994,17.382355914
AUS,Incidence of low and high pay,LP_I,PT_EMP_FT,A,1994,11.481103662
AUS,Incidence of low and high pay,HP_I,PT_EMP_FT,A,1994,18.670490419
AUS,Incidence of low and high pay,LP_I,PT_EMP_FT,A,1995,13.829037167
AUS,Incidence of low and high pay,HP_I,PT_EMP_FT,A,1995,14.509153749
AUS,Incidence of low and high pay,HP_I,PT_EMP_FT,A,1995,5.5657178835
AUS,Incidence of low and high pay,LP_I,PT_EMP_FT,A,1995,17.408853839
AUS,Incidence of low and high pay,LP_I,PT_EMP_FT,A,1995,11.888762096
AUS,Incidence of low and high pay,HP_I,PT_EMP_FT,A,1995,19.356532051
AUS,Incidence of low and high pay,LP_I,PT_EMP_FT,A,1997,12.177550215
AUS,Incidence of low and high pay,HP_I,PT_EMP_FT,A,1997,15.230324511
AUS,Incidence of low and high pay,HP_I,PT_EMP_FT,A,1997,7.0687351983
AUS,Incidence of low and high pay,LP_I,PT_EMP_FT,A,1997,15.706948608
AUS,Incidence of low and high pay,LP_I,PT_EMP_FT,A,1997,10.321304998
AUS,Incidence of low and high pay,HP_I,PT_EMP_FT,A,1997,19.522815591
AUS,Incidence of low and high pay,LP_I,PT_EMP_FT,A,1998,12.761721428
AUS,Incidence of low and high pay,HP_I,PT_EMP_FT,A,1998,16.6521402
AUS,Incidence of low and high pay,HP_I,PT_EMP_FT,A,1998,8.4046983451
AUS,Incidence of low and high pay,LP_I,PT_EMP_FT,A,1998,15.543417023
AUS,Incidence of low and high pay,LP_I,PT_EMP_FT,A,1998,11.262540446
AUS,Incidence of low and high pay,HP_I,PT_EMP_FT,A,1998,21.090864295
AUS,Incidence of low and high pay,LP_I,PT_EMP_FT,A,1999,14.353784828
AUS,Incidence of low and high pay,HP_I,PT_EMP_FT,A,1999,17.774829315
AUS,Incidence of low and high pay,HP_I,PT_EMP_FT,A,1999,9.0759288351
AUS,Incidence of low and high pay,LP_I,PT_EMP_FT,A,1999,17.83153077
AUS,Incidence of low and high pay,LP_I,PT_EMP_FT,A,1999,12.467505282
AUS,Incidence of low and high pay,HP_I,PT_EMP_FT,A,1999,22.489770818
AUS,Incidence of low and high pay,LP_I,PT_EMP_FT,A,2000,16.354819508
AUS,Incidence of low and high pay,HP_I,PT_EMP_FT,A,2000,16.002610838
AUS,Incidence of low and high pay,HP_I,PT_EMP_FT,A,2000,7.7156196428
AUS,Incidence of low and high pay,LP_I,PT_EMP_FT,A,2000,19.504909341
AUS,Incidence of low and high pay,LP_I,PT_EMP_FT,A,2000,14.586610159
AUS,Incidence of low and high pay,HP_I,PT_EMP_FT,A,2000,20.654267165
AUS,Incidence of low and high pay,LP_I,PT_EMP_FT,A,2001,15.53776913
AUS,Incidence of low and high pay,HP_I,PT_EMP_FT,A,2001,17.239533985
AUS,Incidence of low and high pay,HP_I,PT_EMP_FT,A,2001,9.0241851617
AUS,Incidence of low and high pay,LP_I,PT_EMP_FT,A,2001,18.18241942
AUS,Incidence of low and high pay,LP_I,PT_EMP_FT,A,2001,14.048184757
AUS,Incidence of low and high pay,HP_I,PT_EMP_FT,A,2001,21.857420266
AUS,Incidence of low and high pay,LP_I,PT_EMP_FT,A,2002,15.12831888
AUS,Incidence of low and high pay,HP_I,PT_EMP_FT,A,2002,15.989682586
AUS,Incidence of low and high pay,HP_I,PT_EMP_FT,A,2002,8.2788116257
AUS,Incidence of low and high pay,LP_I,PT_EMP_FT,A,2002,17.997894597
AUS,Incidence of low and high pay,LP_I,PT_EMP_FT,A,2002,13.512719461
AUS,Incidence of low and high pay,HP_I,PT_EMP_FT,A,2002,20.330978959
AUS,Incidence of low and high pay,LP_I,PT_EMP_FT,A,2003,14.920193357
AUS,Incidence of low and high pay,HP_I,PT_EMP_FT,A,2003,16.109061137
AUS,Incidence of low and high pay,HP_I,PT_EMP_FT,A,2003,8.1721357111
AUS,Incidence of low and high pay,LP_I,PT_EMP_FT,A,2003,18.838469731
AUS,Incidence of low and high pay,LP_I,PT_EMP_FT,A,2003,12.704705002
AUS,Incidence of low and high pay,HP_I,PT_EMP_FT,A,2003,20.59679099
AUS,Incidence of low and high pay,LP_I,PT_EMP_FT,A,2004,15.45430099
AUS,Incidence of low and high pay,HP_I,PT_EMP_FT,A,2004,18.174541692
AUS,Incidence of low and high pay,HP_I,PT_EMP_FT,A,2004,11.003270722
AUS,Incidence of low and high pay,LP_I,PT_EMP_FT,A,2004,18.896283587
AUS,Incidence of low and high pay,LP_I,PT_EMP_FT,A,2004,13.496142773
AUS,Incidence of low and high pay,HP_I,PT_EMP_FT,A,2004,22.251525439
AUS,Incidence of low and high pay,LP_I,PT_EMP_FT,A,2005,15.815597134
AUS,Incidence of low and high pay,HP_I,PT_EMP_FT,A,2005,16.784694248
AUS,Incidence of low and high pay,HP_I,PT_EMP_FT,A,2005,8.805696881
AUS,Incidence of low and high pay,LP_I,PT_EMP_FT,A,2005,20.007821408
AUS,Incidence of low and high pay,LP_I,PT_EMP_FT,A,2005,13.451737967
AUS,Incidence of low and high pay,HP_I,PT_EMP_FT,A,2005,21.283791824
AUS,Incidence of low and high pay,LP_I,PT_EMP_FT,A,2006,15.155183212
AUS,Incidence of low and high pay,HP_I,PT_EMP_FT,A,2006,17.816939919
AUS,Incidence of low and high pay,HP_I,PT_EMP_FT,A,2006,9.6476273227
AUS,Incidence of low and high pay,LP_I,PT_EMP_FT,A,2006,19.187710263
AUS,Incidence of low and high pay,LP_I,PT_EMP_FT,A,2006,12.840817855
AUS,Incidence of low and high pay,HP_I,PT_EMP_FT,A,2006,22.50550712
AUS,Incidence of low and high pay,LP_I,PT_EMP_FT,A,2007,15.972649436
AUS,Incidence of low and high pay,HP_I,PT_EMP_FT,A,2007,18.691229837
AUS,Incidence of low and high pay,HP_I,PT_EMP_FT,A,2007,10.750644537
AUS,Incidence of low and high pay,LP_I,PT_EMP_FT,A,2007,20.092160084
AUS,Incidence of low and high pay,LP_I,PT_EMP_FT,A,2007,13.648544005
AUS,Incidence of low and high pay,HP_I,PT_EMP_FT,A,2007,23.171071985
AUS,Incidence of low and high pay,LP_I,PT_EMP_FT,A,2008,17.510709532
AUS,Incidence of low and high pay,HP_I,PT_EMP_FT,A,2008,16.55408194
AUS,Incidence of low and high pay,HP_I,PT_EMP_FT,A,2008,9.1609745545
AUS,Incidence of low and high pay,LP_I,PT_EMP_FT,A,2008,21.150452773
AUS,Incidence of low and high pay,LP_I,PT_EMP_FT,A,2008,15.450847007
AUS,Incidence of low and high pay,HP_I,PT_EMP_FT,A,2008,20.738109173
AUS,Incidence of low and high pay,LP_I,PT_EMP_FT,A,2009,14.51990941
AUS,Incidence of low and high pay,HP_I,PT_EMP_FT,A,2009,18.953634404
AUS,Incidence of low and high pay,HP_I,PT_EMP_FT,A,2009,11.585340609
AUS,Incidence of low and high pay,LP_I,PT_EMP_FT,A,2009,18.680628747
AUS,Incidence of low and high pay,LP_I,PT_EMP_FT,A,2009,12.093876519
AUS,Incidence of low and high pay,HP_I,PT_EMP_FT,A,2009,23.24994032
AUS,Incidence of low and high pay,LP_I,PT_EMP_FT,A,2010,15.98026562
AUS,Incidence of low and high pay,HP_I,PT_EMP_FT,A,2010,20.386124164
AUS,Incidence of low and high pay,HP_I,PT_EMP_FT,A,2010,12.0186541
AUS,Incidence of low and high pay,LP_I,PT_EMP_FT,A,2010,19.643657558
AUS,Incidence of low and high pay,LP_I,PT_EMP_FT,A,2010,13.873785662
AUS,Incidence of low and high pay,HP_I,PT_EMP_FT,A,2010,25.197487044
AUS,Incidence of low and high pay,LP_I,PT_EMP_FT,A,2011,16.854955151
AUS,Incidence of low and high pay,HP_I,PT_EMP_FT,A,2011,20.438141444
AUS,Incidence of low and high pay,HP_I,PT_EMP_FT,A,2011,12.047979958
AUS,Incidence of low and high pay,LP_I,PT_EMP_FT,A,2011,20.642070215
AUS,Incidence of low and high pay,LP_I,PT_EMP_FT,A,2011,14.704816303
AUS,Incidence of low and high pay,HP_I,PT_EMP_FT,A,2011,25.201665091
AUS,Incidence of low and high pay,LP_I,PT_EMP_FT,A,2012,17.588759581
AUS,Incidence of low and high pay,HP_I,PT_EMP_FT,A,2012,20.055440804
AUS,Incidence of low and high pay,HP_I,PT_EMP_FT,A,2012,11.991914918
AUS,Incidence of low and high pay,LP_I,PT_EMP_FT,A,2012,21.530581883
AUS,Incidence of low and high pay,LP_I,PT_EMP_FT,A,2012,15.305347125
AUS,Incidence of low and high pay,HP_I,PT_EMP_FT,A,2012,24.724196905
AUS,Incidence of low and high pay,LP_I,PT_EMP_FT,A,2013,15.88054787
AUS,Incidence of low and high pay,HP_I,PT_EMP_FT,A,2013,20.572887765
AUS,Incidence of low and high pay,HP_I,PT_EMP_FT,A,2013,11.691806499
AUS,Incidence of low and high pay,LP_I,PT_EMP_FT,A,2013,20.569866231
AUS,Incidence of low and high pay,LP_I,PT_EMP_FT,A,2013,13.176296396
AUS,Incidence of low and high pay,HP_I,PT_EMP_FT,A,2013,25.694458801
AUS,Incidence of low and high pay,LP_I,PT_EMP_FT,A,2014,14.752998391
AUS,Incidence of low and high pay,HP_I,PT_EMP_FT,A,2014,20.105228781
AUS,Incidence of low and high pay,HP_I,PT_EMP_FT,A,2014,12.133845335
AUS,Incidence of low and high pay,LP_I,PT_EMP_FT,A,2014,17.845039934
AUS,Incidence of low and high pay,LP_I,PT_EMP_FT,A,2014,12.935895391
AUS,Incidence of low and high pay,HP_I,PT_EMP_FT,A,2014,24.789779287
AUS,Incidence of low and high pay,LP_I,PT_EMP_FT,A,2015,15.436090522
AUS,Incidence of low and high pay,HP_I,PT_EMP_FT,A,2015,19.251480089
AUS,Incidence of low and high pay,HP_I,PT_EMP_FT,A,2015,12.627728835
AUS,Incidence of low and high pay,LP_I,PT_EMP_FT,A,2015,19.139682815
AUS,Incidence of low and high pay,LP_I,PT_EMP_FT,A,2015,13.242897752
AUS,Incidence of low and high pay,HP_I,PT_EMP_FT,A,2015,23.176209946
AUS,Incidence of low and high pay,LP_I,PT_EMP_FT,A,2016,15.632662037
AUS,Incidence of low and high pay,HP_I,PT_EMP_FT,A,2016,19.127321158
AUS,Incidence of low and high pay,HP_I,PT_EMP_FT,A,2016,12.096112204
AUS,Incidence of low and high pay,LP_I,PT_EMP_FT,A,2016,19.148735215
AUS,Incidence of low and high pay,LP_I,PT_EMP_FT,A,2016,13.512250539
AUS,Incidence of low and high pay,HP_I,PT_EMP_FT,A,2016,23.374379707
AUS,Incidence of low and high pay,LP_I,PT_EMP_FT,A,2017,15.061644364
AUS,Incidence of low and high pay,HP_I,PT_EMP_FT,A,2017,19.433177974
AUS,Incidence of low and high pay,HP_I,PT_EMP_FT,A,2017,13.479820352
AUS,Incidence of low and high pay,LP_I,PT_EMP_FT,A,2017,17.9365334
AUS,Incidence of low and high pay,LP_I,PT_EMP_FT,A,2017,13.316532407
AUS,Incidence of low and high pay,HP_I,PT_EMP_FT,A,2017,23.042388633
AUS,Incidence of low and high pay,LP_I,PT_EMP_FT,A,2018,15.432425828
AUS,Incidence of low and high pay,HP_I,PT_EMP_FT,A,2018,19.546257856
AUS,Incidence of low and high pay,HP_I,PT_EMP_FT,A,2018,14.436833892
AUS,Incidence of low and high pay,LP_I,PT_EMP_FT,A,2018,18.928762701
AUS,Incidence of low and high pay,LP_I,PT_EMP_FT,A,2018,13.289943197
AUS,Incidence of low and high pay,HP_I,PT_EMP_FT,A,2018,24.118865617
AUS,Incidence of low and high pay,LP_I,PT_EMP_FT,A,2019,16.51638654
AUS,Incidence of low and high pay,HP_I,PT_EMP_FT,A,2019,18.486903186
AUS,Incidence of low and high pay,HP_I,PT_EMP_FT,A,2019,11.608632883
AUS,Incidence of low and high pay,LP_I,PT_EMP_FT,A,2019,19.790960182
AUS,Incidence of low and high pay,LP_I,PT_EMP_FT,A,2019,14.395422994
AUS,Incidence of low and high pay,HP_I,PT_EMP_FT,A,2019,22.941993372
AUS,Incidence of low and high pay,LP_I,PT_EMP_FT,A,2020,18.60420531
AUS,Incidence of low and high pay,HP_I,PT_EMP_FT,A,2020,19.127586363
AUS,Incidence of low and high pay,HP_I,PT_EMP_FT,A,2020,13.506672547
AUS,Incidence of low and high pay,LP_I,PT_EMP_FT,A,2020,21.248826227
AUS,Incidence of low and high pay,LP_I,PT_EMP_FT,A,2020,16.863247319
AUS,Incidence of low and high pay,HP_I,PT_EMP_FT,A,2020,22.827884028
AUS,Incidence of low and high pay,LP_I,PT_EMP_FT,A,2021,17.875709972
AUS,Incidence of low and high pay,HP_I,PT_EMP_FT,A,2021,19.416648855
AUS,Incidence of low and high pay,HP_I,PT_EMP_FT,A,2021,13.149744812
AUS,Incidence of low and high pay,LP_I,PT_EMP_FT,A,2021,20.949398593
AUS,Incidence of low and high pay,LP_I,PT_EMP_FT,A,2021,15.830797527
AUS,Incidence of low and high pay,HP_I,PT_EMP_FT,A,2021,23.585956344
AUS,Incidence of low and high pay,LP_I,PT_EMP_FT,A,2022,16.672408585
AUS,Incidence of low and high pay,HP_I,PT_EMP_FT,A,2022,20.845248288
AUS,Incidence of low and high pay,HP_I,PT_EMP_FT,A,2022,14.055608862
AUS,Incidence of low and high pay,LP_I,PT_EMP_FT,A,2022,18.985329264
AUS,Incidence of low and high pay,LP_I,PT_EMP_FT,A,2022,15.088574337
AUS,Incidence of low and high pay,HP_I,PT_EMP_FT,A,2022,25.494561068
AUS,Incidence of low and high pay,LP_I,PT_EMP_FT,A,2023,17.49097695
AUS,Incidence of low and high pay,HP_I,PT_EMP_FT,A,2023,19.726159532
AUS,Incidence of low and high pay,HP_I,PT_EMP_FT,A,2023,14.432193262
AUS,Incidence of low and high pay,LP_I,PT_EMP_FT,A,2023,19.632071395
AUS,Incidence of low and high pay,LP_I,PT_EMP_FT,A,2023,15.994732712
AUS,Incidence of low and high pay,HP_I,PT_EMP_FT,A,2023,23.420561711
AUS,Incidence of low and high pay,LP_I,PT_EMP_FT,A,2024,22.1
AUS,Incidence of low and high pay,LP_I,PT_EMP_FT,A,2024,19.027106084
AUS,Incidence of low and high pay,LP_I,PT_EMP_FT,A,2024,16.9
AUS,Incidence of low and high pay,HP_I,PT_EMP_FT,A,2024,14.5
AUS,Incidence of low and high pay,HP_I,PT_EMP_FT,A,2024,18.990760132
AUS,Incidence of low and high pay,HP_I,PT_EMP_FT,A,2024,22.2
AUT,Incidence of low and high pay,LP_I,PT_EMP_FT,A,2004,15.153088147
AUT,Incidence of low and high pay,HP_I,PT_EMP_FT,A,2004,19.678053929
AUT,Incidence of low and high pay,HP_I,PT_EMP_FT,A,2004,10.623556259
AUT,Incidence of low and high pay,LP_I,PT_EMP_FT,A,2004,28.947626314
AUT,Incidence of low and high pay,LP_I,PT_EMP_FT,A,2004,7.3588529463
AUT,Incidence of low and high pay,HP_I,PT_EMP_FT,A,2004,24.7940559
AUT,Incidence of low and high pay,LP_I,PT_EMP_FT,A,2005,15.275961642
AUT,Incidence of low and high pay,HP_I,PT_EMP_FT,A,2005,20.000020102
AUT,Incidence of low and high pay,HP_I,PT_EMP_FT,A,2005,11.067537577
AUT,Incidence of low and high pay,LP_I,PT_EMP_FT,A,2005,28.703610298
AUT,Incidence of low and high pay,LP_I,PT_EMP_FT,A,2005,7.76598529
AUT,Incidence of low and high pay,HP_I,PT_EMP_FT,A,2005,24.995886038
AUT,Incidence of low and high pay,LP_I,PT_EMP_FT,A,2006,15.789915057
AUT,Incidence of low and high pay,HP_I,PT_EMP_FT,A,2006,20.203231175
AUT,Incidence of low and high pay,HP_I,PT_EMP_FT,A,2006,11.364516107
AUT,Incidence of low and high pay,LP_I,PT_EMP_FT,A,2006,29.067754
AUT,Incidence of low and high pay,LP_I,PT_EMP_FT,A,2006,8.3139236815
AUT,Incidence of low and high pay,HP_I,PT_EMP_FT,A,2006,25.179805896
AUT,Incidence of low and high pay,LP_I,PT_EMP_FT,A,2007,16.193482479
AUT,Incidence of low and high pay,HP_I,PT_EMP_FT,A,2007,20.37993331
AUT,Incidence of low and high pay,HP_I,PT_EMP_FT,A,2007,11.789491613
AUT,Incidence of low and high pay,LP_I,PT_EMP_FT,A,2007,29.413235787
AUT,Incidence of low and high pay,LP_I,PT_EMP_FT,A,2007,8.8329089553
AUT,Incidence of low and high pay,HP_I,PT_EMP_FT,A,2007,25.162970952
AUT,Incidence of low and high pay,LP_I,PT_EMP_FT,A,2008,15.865555786
AUT,Incidence of low and high pay,HP_I,PT_EMP_FT,A,2008,20.455820742
AUT,Incidence of low and high pay,HP_I,PT_EMP_FT,A,2008,12.119340509
AUT,Incidence of low and high pay,LP_I,PT_EMP_FT,A,2008,28.6528612
AUT,Incidence of low and high pay,LP_I,PT_EMP_FT,A,2008,8.8172353124
AUT,Incidence of low and high pay,HP_I,PT_EMP_FT,A,2008,25.050861089
AUT,Incidence of low and high pay,LP_I,PT_EMP_FT,A,2009,16.021808499
AUT,Incidence of low and high pay,HP_I,PT_EMP_FT,A,2009,20.793625538
AUT,Incidence of low and high pay,HP_I,PT_EMP_FT,A,2009,13.009410346
AUT,Incidence of low and high pay,LP_I,PT_EMP_FT,A,2009,27.878762374
AUT,Incidence of low and high pay,LP_I,PT_EMP_FT,A,2009,9.3660699998
AUT,Incidence of low and high pay,HP_I,PT_EMP_FT,A,2009,25.163188015
AUT,Incidence of low and high pay,LP_I,PT_EMP_FT,A,2010,16.470112803
AUT,Incidence of low and high pay,HP_I,PT_EMP_FT,A,2010,20.734133537
AUT,Incidence of low and high pay,HP_I,PT_EMP_FT,A,2010,13.112079972
AUT,Incidence of low and high pay,LP_I,PT_EMP_FT,A,2010,27.937277592
AUT,Incidence of low and high pay,LP_I,PT_EMP_FT,A,2010,10.086363595
AUT,Incidence of low and high pay,HP_I,PT_EMP_FT,A,2010,24.977316513
AUT,Incidence of low and high pay,LP_I,PT_EMP_FT,A,2011,16.076300579
AUT,Incidence of low and high pay,HP_I,PT_EMP_FT,A,2011,20.726448269
AUT,Incidence of low and high pay,HP_I,PT_EMP_FT,A,2011,13.218133471
AUT,Incidence of low and high pay,LP_I,PT_EMP_FT,A,2011,27.125625628
AUT,Incidence of low and high pay,LP_I,PT_EMP_FT,A,2011,10.106525474
AUT,Incidence of low and high pay,HP_I,PT_EMP_FT,A,2011,24.783071689
AUT,Incidence of low and high pay,LP_I,PT_EMP_FT,A,2012,16.072726683
AUT,Incidence of low and high pay,HP_I,PT_EMP_FT,A,2012,20.853101805
AUT,Incidence of low and high pay,HP_I,PT_EMP_FT,A,2012,13.520767576
AUT,Incidence of low and high pay,LP_I,PT_EMP_FT,A,2012,26.74064285
AUT,Incidence of low and high pay,LP_I,PT_EMP_FT,A,2012,10.349517592
AUT,Incidence of low and high pay,HP_I,PT_EMP_FT,A,2012,24.786811188
AUT,Incidence of low and high pay,LP_I,PT_EMP_FT,A,2013,15.853638053
AUT,Incidence of low and high pay,HP_I,PT_EMP_FT,A,2013,20.701864341
AUT,Incidence of low and high pay,HP_I,PT_EMP_FT,A,2013,13.317362729
AUT,Incidence of low and high pay,LP_I,PT_EMP_FT,A,2013,26.30658877
AUT,Incidence of low and high pay,LP_I,PT_EMP_FT,A,2013,10.265517617
AUT,Incidence of low and high pay,HP_I,PT_EMP_FT,A,2013,24.649599816
AUT,Incidence of low and high pay,LP_I,PT_EMP_FT,A,2014,15.886988686
AUT,Incidence of low and high pay,HP_I,PT_EMP_FT,A,2014,20.777864887
AUT,Incidence of low and high pay,HP_I,PT_EMP_FT,A,2014,13.513182906
AUT,Incidence of low and high pay,LP_I,PT_EMP_FT,A,2014,26.016979786
AUT,Incidence of low and high pay,LP_I,PT_EMP_FT,A,2014,10.514945287
AUT,Incidence of low and high pay,HP_I,PT_EMP_FT,A,2014,24.630403995
AUT,Incidence of low and high pay,LP_I,PT_EMP_FT,A,2015,15.861106165
AUT,Incidence of low and high pay,HP_I,PT_EMP_FT,A,2015,20.906917388
AUT,Incidence of low and high pay,HP_I,PT_EMP_FT,A,2015,13.869401566
AUT,Incidence of low and high pay,LP_I,PT_EMP_FT,A,2015,25.596284519
AUT,Incidence of low and high pay,LP_I,PT_EMP_FT,A,2015,10.741129066
AUT,Incidence of low and high pay,HP_I,PT_EMP_FT,A,2015,24.608125371
AUT,Incidence of low and high pay,LP_I,PT_EMP_FT,A,2016,15.430690984
AUT,Incidence of low and high pay,HP_I,PT_EMP_FT,A,2016,20.948628694
AUT,Incidence of low and high pay,HP_I,PT_EMP_FT,A,2016,14.459070112
AUT,Incidence of low and high pay,LP_I,PT_EMP_FT,A,2016,24.357309645
AUT,Incidence of low and high pay,LP_I,PT_EMP_FT,A,2016,10.875819577
AUT,Incidence of low and high pay,HP_I,PT_EMP_FT,A,2016,24.259972659
AUT,Incidence of low and high pay,LP_I,PT_EMP_FT,A,2017,15.137064913
AUT,Incidence of low and high pay,HP_I,PT_EMP_FT,A,2017,20.789987959
AUT,Incidence of low and high pay,HP_I,PT_EMP_FT,A,2017,14.295412395
AUT,Incidence of low and high pay,LP_I,PT_EMP_FT,A,2017,23.908457851
AUT,Incidence of low and high pay,LP_I,PT_EMP_FT,A,2017,10.702966843
AUT,Incidence of low and high pay,HP_I,PT_EMP_FT,A,2017,24.07311359
AUT,Incidence of low and high pay,LP_I,PT_EMP_FT,A,2018,14.926682818
AUT,Incidence of low and high pay,HP_I,PT_EMP_FT,A,2018,20.810223382
AUT,Incidence of low and high pay,HP_I,PT_EMP_FT,A,2018,14.420312336
AUT,Incidence of low and high pay,LP_I,PT_EMP_FT,A,2018,23.456465257
AUT,Incidence of low and high pay,LP_I,PT_EMP_FT,A,2018,10.686035815
AUT,Incidence of low and high pay,HP_I,PT_EMP_FT,A,2018,23.98701685
AUT,Incidence of low and high pay,LP_I,PT_EMP_FT,A,2019,14.744641086
AUT,Incidence of low and high pay,HP_I,PT_EMP_FT,A,2019,20.607252742
AUT,Incidence of low and high pay,HP_I,PT_EMP_FT,A,2019,14.511755682
AUT,Incidence of low and high pay,LP_I,PT_EMP_FT,A,2019,23.093938421
AUT,Incidence of low and high pay,LP_I,PT_EMP_FT,A,2019,10.61546271
AUT,Incidence of low and high pay,HP_I,PT_EMP_FT,A,2019,23.621805182
AUT,Incidence of low and high pay,LP_I,PT_EMP_FT,A,2020,14.67434242
AUT,Incidence of low and high pay,HP_I,PT_EMP_FT,A,2020,20.624857607
AUT,Incidence of low and high pay,HP_I,PT_EMP_FT,A,2020,15.171130203
AUT,Incidence of low and high pay,LP_I,PT_EMP_FT,A,2020,22.557360361
AUT,Incidence of low and high pay,LP_I,PT_EMP_FT,A,2020,10.818266637
AUT,Incidence of low and high pay,HP_I,PT_EMP_FT,A,2020,23.292615859
AUT,Incidence of low and high pay,LP_I,PT_EMP_FT,A,2021,14.956957691
AUT,Incidence of low and high pay,HP_I,PT_EMP_FT,A,2021,20.394819973
AUT,Incidence of low and high pay,HP_I,PT_EMP_FT,A,2021,14.844335693
AUT,Incidence of low and high pay,LP_I,PT_EMP_FT,A,2021,22.708912927
AUT,Incidence of low and high pay,LP_I,PT_EMP_FT,A,2021,11.128960327
AUT,Incidence of low and high pay,HP_I,PT_EMP_FT,A,2021,23.13570773
AUT,Incidence of low and high pay,LP_I,PT_EMP_FT,A,2022,14.36
AUT,Incidence of low and high pay,HP_I,PT_EMP_FT,A,2022,20.050513989
AUT,Incidence of low and high pay,HP_I,PT_EMP_FT,A,2022,14.50966211
AUT,Incidence of low and high pay,LP_I,PT_EMP_FT,A,2022,21.74
AUT,Incidence of low and high pay,LP_I,PT_EMP_FT,A,2022,10.71
AUT,Incidence of low and high pay,HP_I,PT_EMP_FT,A,2022,22.793124781
AUT,Incidence of low and high pay,LP_I,PT_EMP_FT,A,2023,10.788217886
AUT,Incidence of low and high pay,LP_I,PT_EMP_FT,A,2023,14.263734774
AUT,Incidence of low and high pay,LP_I,PT_EMP_FT,A,2023,21.183895363
AUT,Incidence of low and high pay,HP_I,PT_EMP_FT,A,2023,22.46282924
AUT,Incidence of low and high pay,HP_I,PT_EMP_FT,A,2023,14.176618671
AUT,Incidence of low and high pay,HP_I,PT_EMP_FT,A,2023,19.692556227
BEL,Incidence of low and high pay,HP_I,PT_EMP_FT,A,1999,12.397520496
BEL,Incidence of low and high pay,HP_I,PT_EMP_FT,A,1999,10.6
BEL,Incidence of low and high pay,HP_I,PT_EMP_FT,A,1999,4.8
BEL,Incidence of low and high pay,HP_I,PT_EMP_FT,A,2000,11.601160116
BEL,Incidence of low and high pay,HP_I,PT_EMP_FT,A,2000,5.50110022
BEL,Incidence of low and high pay,HP_I,PT_EMP_FT,A,2000,13.498650135
BEL,Incidence of low and high pay,HP_I,PT_EMP_FT,A,2001,11.00110011
BEL,Incidence of low and high pay,HP_I,PT_EMP_FT,A,2001,5.299470053
BEL,Incidence of low and high pay,HP_I,PT_EMP_FT,A,2001,12.901290129
BEL,Incidence of low and high pay,HP_I,PT_EMP_FT,A,2002,10.698930107
BEL,Incidence of low and high pay,HP_I,PT_EMP_FT,A,2002,5.901180236
BEL,Incidence of low and high pay,HP_I,PT_EMP_FT,A,2002,12.202440488
BEL,Incidence of low and high pay,HP_I,PT_EMP_FT,A,2003,14.705882353
BEL,Incidence of low and high pay,HP_I,PT_EMP_FT,A,2003,12.4
BEL,Incidence of low and high pay,HP_I,PT_EMP_FT,A,2003,5.8
BEL,Incidence of low and high pay,LP_I,PT_EMP_FT,A,2004,6.2987402519
BEL,Incidence of low and high pay,HP_I,PT_EMP_FT,A,2004,12.697460508
BEL,Incidence of low and high pay,LP_I,PT_EMP_FT,A,2004,13.3
BEL,Incidence of low and high pay,LP_I,PT_EMP_FT,A,2004,4.2
BEL,Incidence of low and high pay,HP_I,PT_EMP_FT,A,2004,14.5
BEL,Incidence of low and high pay,HP_I,PT_EMP_FT,A,2004,6.9
BEL,Incidence of low and high pay,LP_I,PT_EMP_FT,A,2005,6.699330067
BEL,Incidence of low and high pay,HP_I,PT_EMP_FT,A,2005,13.398660134
BEL,Incidence of low and high pay,HP_I,PT_EMP_FT,A,2005,7.3977806658
BEL,Incidence of low and high pay,LP_I,PT_EMP_FT,A,2005,12.496251125
BEL,Incidence of low and high pay,LP_I,PT_EMP_FT,A,2005,4.799520048
BEL,Incidence of low and high pay,HP_I,PT_EMP_FT,A,2005,15.298470153
BEL,Incidence of low and high pay,LP_I,PT_EMP_FT,A,2006,6.299370063
BEL,Incidence of low and high pay,HP_I,PT_EMP_FT,A,2006,12.798720128
BEL,Incidence of low and high pay,HP_I,PT_EMP_FT,A,2006,8.5017003401
BEL,Incidence of low and high pay,LP_I,PT_EMP_FT,A,2006,11.802360472
BEL,Incidence of low and high pay,LP_I,PT_EMP_FT,A,2006,4.600460046
BEL,Incidence of low and high pay,HP_I,PT_EMP_FT,A,2006,14.00140014
BEL,Incidence of low and high pay,LP_I,PT_EMP_FT,A,2007,5.600560056
BEL,Incidence of low and high pay,HP_I,PT_EMP_FT,A,2007,11.401140114
BEL,Incidence of low and high pay,HP_I,PT_EMP_FT,A,2007,7.799220078
BEL,Incidence of low and high pay,LP_I,PT_EMP_FT,A,2007,10.898910109
BEL,Incidence of low and high pay,LP_I,PT_EMP_FT,A,2007,4
BEL,Incidence of low and high pay,HP_I,PT_EMP_FT,A,2007,12.5
BEL,Incidence of low and high pay,LP_I,PT_EMP_FT,A,2008,3.9998800036
BEL,Incidence of low and high pay,HP_I,PT_EMP_FT,A,2008,11.19966401
BEL,Incidence of low and high pay,LP_I,PT_EMP_FT,A,2008,8.3
BEL,Incidence of low and high pay,LP_I,PT_EMP_FT,A,2008,2.5
BEL,Incidence of low and high pay,HP_I,PT_EMP_FT,A,2008,12.6
BEL,Incidence of low and high pay,HP_I,PT_EMP_FT,A,2008,7.2
BEL,Incidence of low and high pay,LP_I,PT_EMP_FT,A,2009,7
BEL,Incidence of low and high pay,LP_I,PT_EMP_FT,A,2009,3.7
BEL,Incidence of low and high pay,LP_I,PT_EMP_FT,A,2009,2.6
BEL,Incidence of low and high pay,HP_I,PT_EMP_FT,A,2009,11.7
BEL,Incidence of low and high pay,HP_I,PT_EMP_FT,A,2009,13
BEL,Incidence of low and high pay,HP_I,PT_EMP_FT,A,2009,7.9
BEL,Incidence of low and high pay,HP_I,PT_EMP_FT,A,2010,9.200920092
BEL,Incidence of low and high pay,LP_I,PT_EMP_FT,A,2010,7.700770077
BEL,Incidence of low and high pay,LP_I,PT_EMP_FT,A,2010,3.199360128
BEL,Incidence of low and high pay,HP_I,PT_EMP_FT,A,2010,14.49710058
BEL,Incidence of low and high pay,LP_I,PT_EMP_FT,A,2010,4.3
BEL,Incidence of low and high pay,HP_I,PT_EMP_FT,A,2010,13.1
BEL,Incidence of low and high pay,LP_I,PT_EMP_FT,A,2011,9.4
BEL,Incidence of low and high pay,LP_I,PT_EMP_FT,A,2011,5.4
BEL,Incidence of low and high pay,LP_I,PT_EMP_FT,A,2011,4
BEL,Incidence of low and high pay,HP_I,PT_EMP_FT,A,2011,13.8
BEL,Incidence of low and high pay,HP_I,PT_EMP_FT,A,2011,14.7
BEL,Incidence of low and high pay,HP_I,PT_EMP_FT,A,2011,10.8
BEL,Incidence of low and high pay,LP_I,PT_EMP_FT,A,2012,11.2
BEL,Incidence of low and high pay,LP_I,PT_EMP_FT,A,2012,6
BEL,Incidence of low and high pay,LP_I,PT_EMP_FT,A,2012,4.7
BEL,Incidence of low and high pay,HP_I,PT_EMP_FT,A,2012,13.4
BEL,Incidence of low and high pay,HP_I,PT_EMP_FT,A,2012,14.3
BEL,Incidence of low and high pay,HP_I,PT_EMP_FT,A,2012,10.9
BEL,Incidence of low and high pay,LP_I,PT_EMP_FT,A,2013,4.6001320396
BEL,Incidence of low and high pay,HP_I,PT_EMP_FT,A,2013,11.399740706
BEL,Incidence of low and high pay,LP_I,PT_EMP_FT,A,2013,7.299833961
BEL,Incidence of low and high pay,LP_I,PT_EMP_FT,A,2013,3.6999526763
BEL,Incidence of low and high pay,HP_I,PT_EMP_FT,A,2013,14.699811984
BEL,Incidence of low and high pay,HP_I,PT_EMP_FT,A,2013,13.8
BEL,Incidence of low and high pay,LP_I,PT_EMP_FT,A,2014,4.7
BEL,Incidence of low and high pay,LP_I,PT_EMP_FT,A,2014,3.4
BEL,Incidence of low and high pay,LP_I,PT_EMP_FT,A,2014,3
BEL,Incidence of low and high pay,HP_I,PT_EMP_FT,A,2014,12.9
BEL,Incidence of low and high pay,HP_I,PT_EMP_FT,A,2014,13.9
BEL,Incidence of low and high pay,HP_I,PT_EMP_FT,A,2014,10.4
BEL,Incidence of low and high pay,LP_I,PT_EMP_FT,A,2015,6.4
BEL,Incidence of low and high pay,LP_I,PT_EMP_FT,A,2015,4.6
BEL,Incidence of low and high pay,LP_I,PT_EMP_FT,A,2015,3.9
BEL,Incidence of low and high pay,HP_I,PT_EMP_FT,A,2015,13.5
BEL,Incidence of low and high pay,HP_I,PT_EMP_FT,A,2015,14.6
BEL,Incidence of low and high pay,HP_I,PT_EMP_FT,A,2015,10.1
BEL,Incidence of low and high pay,LP_I,PT_EMP_FT,A,2016,5.4
BEL,Incidence of low and high pay,LP_I,PT_EMP_FT,A,2016,4.1
BEL,Incidence of low and high pay,LP_I,PT_EMP_FT,A,2016,3.9
BEL,Incidence of low and high pay,HP_I,PT_EMP_FT,A,2016,13.9
BEL,Incidence of low and high pay,HP_I,PT_EMP_FT,A,2016,14.9
BEL,Incidence of low and high pay,HP_I,PT_EMP_FT,A,2016,10.7
BEL,Incidence of low and high pay,LP_I,PT_EMP_FT,A,2017,7.1
BEL,Incidence of low and high pay,LP_I,PT_EMP_FT,A,2017,5.5
BEL,Incidence of low and high pay,LP_I,PT_EMP_FT,A,2017,4.9
BEL,Incidence of low and high pay,HP_I,PT_EMP_FT,A,2017,13.8
BEL,Incidence of low and high pay,HP_I,PT_EMP_FT,A,2017,14.6
BEL,Incidence of low and high pay,HP_I,PT_EMP_FT,A,2017,12.1
BEL,Incidence of low and high pay,LP_I,PT_EMP_FT,A,2018,11.4
BEL,Incidence of low and high pay,LP_I,PT_EMP_FT,A,2018,9.2
BEL,Incidence of low and high pay,LP_I,PT_EMP_FT,A,2018,7.8
BEL,Incidence of low and high pay,HP_I,PT_EMP_FT,A,2018,11.9
BEL,Incidence of low and high pay,HP_I,PT_EMP_FT,A,2018,12.8
BEL,Incidence of low and high pay,HP_I,PT_EMP_FT,A,2018,10.1
BEL,Incidence of low and high pay,LP_I,PT_EMP_FT,A,2019,13.5
BEL,Incidence of low and high pay,LP_I,PT_EMP_FT,A,2019,11.5
BEL,Incidence of low and high pay,LP_I,PT_EMP_FT,A,2019,10
BEL,Incidence of low and high pay,HP_I,PT_EMP_FT,A,2019,12.6
BEL,Incidence of low and high pay,HP_I,PT_EMP_FT,A,2019,13.4
BEL,Incidence of low and high pay,HP_I,PT_EMP_FT,A,2019,11
BEL,Incidence of low and high pay,LP_I,PT_EMP_FT,A,2020,14.3
BEL,Incidence of low and high pay,LP_I,PT_EMP_FT,A,2020,12
BEL,Incidence of low and high pay,LP_I,PT_EMP_FT,A,2020,10.6
BEL,Incidence of low and high pay,HP_I,PT_EMP_FT,A,2020,12.7
BEL,Incidence of low and high pay,HP_I,PT_EMP_FT,A,2020,13.5
BEL,Incidence of low and high pay,HP_I,PT_EMP_FT,A,2020,10.9
BEL,Incidence of low and high pay,LP_I,PT_EMP_FT,A,2021,11.1
BEL,Incidence of low and high pay,HP_I,PT_EMP_FT,A,2021,12.6
BEL,Incidence of low and high pay,HP_I,PT_EMP_FT,A,2021,11.2
BEL,Incidence of low and high pay,LP_I,PT_EMP_FT,A,2021,13.5
BEL,Incidence of low and high pay,LP_I,PT_EMP_FT,A,2021,9.8
BEL,Incidence of low and high pay,HP_I,PT_EMP_FT,A,2021,13.4
BEL,Incidence of low and high pay,LP_I,PT_EMP_FT,A,2022,14.1
BEL,Incidence of low and high pay,LP_I,PT_EMP_FT,A,2022,10.7
BEL,Incidence of low and high pay,LP_I,PT_EMP_FT,A,2022,9.8
BEL,Incidence of low and high pay,HP_I,PT_EMP_FT,A,2022,12.8
BEL,Incidence of low and high pay,HP_I,PT_EMP_FT,A,2022,13.9
BEL,Incidence of low and high pay,HP_I,PT_EMP_FT,A,2022,10.9
BEL,Incidence of low and high pay,LP_I,PT_EMP_FT,A,2023,15.395567577
BEL,Incidence of low and high pay,LP_I,PT_EMP_FT,A,2023,11.443371754
BEL,Incidence of low and high pay,LP_I,PT_EMP_FT,A,2023,10.314543408
BEL,Incidence of low and high pay,HP_I,PT_EMP_FT,A,2023,13.01669547
BEL,Incidence of low and high pay,HP_I,PT_EMP_FT,A,2023,14.068129613
BEL,Incidence of low and high pay,HP_I,PT_EMP_FT,A,2023,11.189797894
BGR,Incidence of low and high pay,LP_I,PT_EMP_FT,A,2002,28.220779221
BGR,Incidence of low and high pay,HP_I,PT_EMP_FT,A,2002,23.999863673
BGR,Incidence of low and high pay,HP_I,PT_EMP_FT,A,2002,17.999381841
BGR,Incidence of low and high pay,LP_I,PT_EMP_FT,A,2002,29.333333333
BGR,Incidence of low and high pay,HP_I,PT_EMP_FT,A,2002,30.999452244
BGR,Incidence of low and high pay,LP_I,PT_EMP_FT,A,2002,27.1328125
BGR,Incidence of low and high pay,LP_I,PT_EMP_FT,A,2006,23.333333333
BGR,Incidence of low and high pay,HP_I,PT_EMP_FT,A,2006,26.999590667
BGR,Incidence of low and high pay,LP_I,PT_EMP_FT,A,2006,23.333333333
BGR,Incidence of low and high pay,LP_I,PT_EMP_FT,A,2006,22.333333333
BGR,Incidence of low and high pay,HP_I,PT_EMP_FT,A,2006,31.999682035
BGR,Incidence of low and high pay,HP_I,PT_EMP_FT,A,2006,29
BGR,Incidence of low and high pay,LP_I,PT_EMP_FT,A,2010,19.833333333
BGR,Incidence of low and high pay,HP_I,PT_EMP_FT,A,2010,27.99960626
BGR,Incidence of low and high pay,HP_I,PT_EMP_FT,A,2010,23.999334553
BGR,Incidence of low and high pay,LP_I,PT_EMP_FT,A,2010,19.833333333
BGR,Incidence of low and high pay,LP_I,PT_EMP_FT,A,2010,20.222222222
BGR,Incidence of low and high pay,HP_I,PT_EMP_FT,A,2010,31.999311159
BGR,Incidence of low and high pay,LP_I,PT_EMP_FT,A,2014,16.888888889
BGR,Incidence of low and high pay,HP_I,PT_EMP_FT,A,2014,27.999327711
BGR,Incidence of low and high pay,HP_I,PT_EMP_FT,A,2014,23.999682822
BGR,Incidence of low and high pay,LP_I,PT_EMP_FT,A,2014,15.833333333
BGR,Incidence of low and high pay,LP_I,PT_EMP_FT,A,2014,17.916666667
BGR,Incidence of low and high pay,HP_I,PT_EMP_FT,A,2014,30.999694302
BGR,Incidence of low and high pay,LP_I,PT_EMP_FT,A,2018,20.416666667
BGR,Incidence of low and high pay,HP_I,PT_EMP_FT,A,2018,26.99992671
BGR,Incidence of low and high pay,HP_I,PT_EMP_FT,A,2018,22.999706422
BGR,Incidence of low and high pay,LP_I,PT_EMP_FT,A,2018,18.416666667
BGR,Incidence of low and high pay,LP_I,PT_EMP_FT,A,2018,22.533333333
BGR,Incidence of low and high pay,HP_I,PT_EMP_FT,A,2018,30.99992671
BGR,Incidence of low and high pay,LP_I,PT_EMP_FT,A,2022,24.619719921
BGR,Incidence of low and high pay,LP_I,PT_EMP_FT,A,2022,27.427565136
BGR,Incidence of low and high pay,HP_I,PT_EMP_FT,A,2022,28.207788031
BGR,Incidence of low and high pay,HP_I,PT_EMP_FT,A,2022,30.337789324
BGR,Incidence of low and high pay,LP_I,PT_EMP_FT,A,2022,22.018893333
BGR,Incidence of low and high pay,HP_I,PT_EMP_FT,A,2022,26.221798738
BGR,Incidence of low and high pay,LP_I,PT_EMP_FT,A,2023,23.44840944
BGR,Incidence of low and high pay,LP_I,PT_EMP_FT,A,2023,26.504354392
BGR,Incidence of low and high pay,HP_I,PT_EMP_FT,A,2023,27.281424034
BGR,Incidence of low and high pay,HP_I,PT_EMP_FT,A,2023,29.337512666
BGR,Incidence of low and high pay,LP_I,PT_EMP_FT,A,2023,21.604577388
BGR,Incidence of low and high pay,HP_I,PT_EMP_FT,A,2023,25.416398887
BRA,Incidence of low and high pay,LP_I,PT_EMP_FT,A,2012,8.6192579285
BRA,Incidence of low and high pay,HP_I,PT_EMP_FT,A,2012,28.854028282
BRA,Incidence of low and high pay,HP_I,PT_EMP_FT,A,2012,26.007633178
BRA,Incidence of low and high pay,LP_I,PT_EMP_FT,A,2012,7.9988414122
BRA,Incidence of low and high pay,LP_I,PT_EMP_FT,A,2012,9.0185285659
BRA,Incidence of low and high pay,HP_I,PT_EMP_FT,A,2012,30.685833139
BRA,Incidence of low and high pay,LP_I,PT_EMP_FT,A,2013,7.2429929044
BRA,Incidence of low and high pay,HP_I,PT_EMP_FT,A,2013,26.142880194
BRA,Incidence of low and high pay,HP_I,PT_EMP_FT,A,2013,23.349512385
BRA,Incidence of low and high pay,LP_I,PT_EMP_FT,A,2013,6.5216232807
BRA,Incidence of low and high pay,LP_I,PT_EMP_FT,A,2013,7.7175365258
BRA,Incidence of low and high pay,HP_I,PT_EMP_FT,A,2013,27.980460863
BRA,Incidence of low and high pay,LP_I,PT_EMP_FT,A,2014,20.734878273
BRA,Incidence of low and high pay,HP_I,PT_EMP_FT,A,2014,27.196323306
BRA,Incidence of low and high pay,HP_I,PT_EMP_FT,A,2014,24.003793441
BRA,Incidence of low and high pay,LP_I,PT_EMP_FT,A,2014,23.282382231
BRA,Incidence of low and high pay,LP_I,PT_EMP_FT,A,2014,18.999934997
BRA,Incidence of low and high pay,HP_I,PT_EMP_FT,A,2014,29.370552792
BRA,Incidence of low and high pay,LP_I,PT_EMP_FT,A,2015,18.658201475
BRA,Incidence of low and high pay,HP_I,PT_EMP_FT,A,2015,26.978181098
BRA,Incidence of low and high pay,HP_I,PT_EMP_FT,A,2015,24.601274508
BRA,Incidence of low and high pay,LP_I,PT_EMP_FT,A,2015,20.658857282
BRA,Incidence of low and high pay,LP_I,PT_EMP_FT,A,2015,17.264512137
BRA,Incidence of low and high pay,HP_I,PT_EMP_FT,A,2015,28.633972844
BRA,Incidence of low and high pay,LP_I,PT_EMP_FT,A,2016,7.4386641005
BRA,Incidence of low and high pay,HP_I,PT_EMP_FT,A,2016,29.613146541
BRA,Incidence of low and high pay,HP_I,PT_EMP_FT,A,2016,27.314871486
BRA,Incidence of low and high pay,LP_I,PT_EMP_FT,A,2016,6.2353789549
BRA,Incidence of low and high pay,LP_I,PT_EMP_FT,A,2016,8.2805278063
BRA,Incidence of low and high pay,HP_I,PT_EMP_FT,A,2016,31.221106519
BRA,Incidence of low and high pay,LP_I,PT_EMP_FT,A,2017,7.5588188435
BRA,Incidence of low and high pay,HP_I,PT_EMP_FT,A,2017,24.633931401
BRA,Incidence of low and high pay,HP_I,PT_EMP_FT,A,2017,23.356634652
BRA,Incidence of low and high pay,LP_I,PT_EMP_FT,A,2017,6.2059091689
BRA,Incidence of low and high pay,LP_I,PT_EMP_FT,A,2017,8.5191699538
BRA,Incidence of low and high pay,HP_I,PT_EMP_FT,A,2017,25.540609338
BRA,Incidence of low and high pay,LP_I,PT_EMP_FT,A,2018,20.71609667
BRA,Incidence of low and high pay,HP_I,PT_EMP_FT,A,2018,25.245747574
BRA,Incidence of low and high pay,HP_I,PT_EMP_FT,A,2018,24.07041014
BRA,Incidence of low and high pay,LP_I,PT_EMP_FT,A,2018,22.055657223
BRA,Incidence of low and high pay,LP_I,PT_EMP_FT,A,2018,19.754777024
BRA,Incidence of low and high pay,HP_I,PT_EMP_FT,A,2018,26.089214458
BRA,Incidence of low and high pay,LP_I,PT_EMP_FT,A,2019,19.005138879
BRA,Incidence of low and high pay,HP_I,PT_EMP_FT,A,2019,26.264623912
BRA,Incidence of low and high pay,HP_I,PT_EMP_FT,A,2019,24.628200664
BRA,Incidence of low and high pay,LP_I,PT_EMP_FT,A,2019,19.921816366
BRA,Incidence of low and high pay,LP_I,PT_EMP_FT,A,2019,18.371769192
BRA,Incidence of low and high pay,HP_I,PT_EMP_FT,A,2019,27.395295162
BRA,Incidence of low and high pay,LP_I,PT_EMP_FT,A,2020,6.2758506747
BRA,Incidence of low and high pay,HP_I,PT_EMP_FT,A,2020,29.093153904
BRA,Incidence of low and high pay,HP_I,PT_EMP_FT,A,2020,27.977567639
BRA,Incidence of low and high pay,LP_I,PT_EMP_FT,A,2020,4.9719822778
BRA,Incidence of low and high pay,LP_I,PT_EMP_FT,A,2020,7.1643963958
BRA,Incidence of low and high pay,HP_I,PT_EMP_FT,A,2020,29.853391214
BRA,Incidence of low and high pay,LP_I,PT_EMP_FT,A,2021,8.1788840584
BRA,Incidence of low and high pay,HP_I,PT_EMP_FT,A,2021,28.723718136
BRA,Incidence of low and high pay,HP_I,PT_EMP_FT,A,2021,27.845633998
BRA,Incidence of low and high pay,LP_I,PT_EMP_FT,A,2021,6.8357843442
BRA,Incidence of low and high pay,LP_I,PT_EMP_FT,A,2021,9.0858685038
BRA,Incidence of low and high pay,HP_I,PT_EMP_FT,A,2021,29.316681299
BRA,Incidence of low and high pay,LP_I,PT_EMP_FT,A,2022,7.264483017
BRA,Incidence of low and high pay,HP_I,PT_EMP_FT,A,2022,26.498361828
BRA,Incidence of low and high pay,HP_I,PT_EMP_FT,A,2022,25.263999988
BRA,Incidence of low and high pay,LP_I,PT_EMP_FT,A,2022,6.5031661281
BRA,Incidence of low and high pay,LP_I,PT_EMP_FT,A,2022,7.7974599529
BRA,Incidence of low and high pay,HP_I,PT_EMP_FT,A,2022,27.362504475
BRA,Incidence of low and high pay,LP_I,PT_EMP_FT,A,2023,25.826426545
BRA,Incidence of low and high pay,HP_I,PT_EMP_FT,A,2023,22.554139932
BRA,Incidence of low and high pay,HP_I,PT_EMP_FT,A,2023,21.93533899
BRA,Incidence of low and high pay,LP_I,PT_EMP_FT,A,2023,27.36791402
BRA,Incidence of low and high pay,LP_I,PT_EMP_FT,A,2023,24.722830459
BRA,Incidence of low and high pay,HP_I,PT_EMP_FT,A,2023,22.997157672
BRA,Incidence of low and high pay,LP_I,PT_EMP_FT,A,2024,7.0573126846
BRA,Incidence of low and high pay,LP_I,PT_EMP_FT,A,2024,7.0573126846
BRA,Incidence of low and high pay,LP_I,PT_EMP_FT,A,2024,6.2577160354
BRA,Incidence of low and high pay,HP_I,PT_EMP_FT,A,2024,25.471475594
BRA,Incidence of low and high pay,HP_I,PT_EMP_FT,A,2024,25.471475594
BRA,Incidence of low and high pay,HP_I,PT_EMP_FT,A,2024,24.655054821
CAN,Incidence of low and high pay,LP_I,PT_EMP_FT,A,1997,21.88098218
CAN,Incidence of low and high pay,HP_I,PT_EMP_FT,A,1997,19.578151328
CAN,Incidence of low and high pay,HP_I,PT_EMP_FT,A,1997,11.113642617
CAN,Incidence of low and high pay,LP_I,PT_EMP_FT,A,1997,30.343229499
CAN,Incidence of low and high pay,LP_I,PT_EMP_FT,A,1997,15.692406736
CAN,Incidence of low and high pay,HP_I,PT_EMP_FT,A,1997,25.768380563
CAN,Incidence of low and high pay,LP_I,PT_EMP_FT,A,1998,21.177603253
CAN,Incidence of low and high pay,HP_I,PT_EMP_FT,A,1998,20.632271564
CAN,Incidence of low and high pay,HP_I,PT_EMP_FT,A,1998,11.680527333
CAN,Incidence of low and high pay,LP_I,PT_EMP_FT,A,1998,29.72811628
CAN,Incidence of low and high pay,LP_I,PT_EMP_FT,A,1998,14.785442023
CAN,Incidence of low and high pay,HP_I,PT_EMP_FT,A,1998,27.324383748
CAN,Incidence of low and high pay,LP_I,PT_EMP_FT,A,1999,23.064301914
CAN,Incidence of low and high pay,HP_I,PT_EMP_FT,A,1999,20.470521038
CAN,Incidence of low and high pay,HP_I,PT_EMP_FT,A,1999,11.974176444
CAN,Incidence of low and high pay,LP_I,PT_EMP_FT,A,1999,31.414642668
CAN,Incidence of low and high pay,LP_I,PT_EMP_FT,A,1999,16.73395496
CAN,Incidence of low and high pay,HP_I,PT_EMP_FT,A,1999,26.911552693
CAN,Incidence of low and high pay,LP_I,PT_EMP_FT,A,2000,23.250933612
CAN,Incidence of low and high pay,HP_I,PT_EMP_FT,A,2000,20.423111383
CAN,Incidence of low and high pay,HP_I,PT_EMP_FT,A,2000,11.887745573
CAN,Incidence of low and high pay,LP_I,PT_EMP_FT,A,2000,32.173398171
CAN,Incidence of low and high pay,LP_I,PT_EMP_FT,A,2000,16.460610726
CAN,Incidence of low and high pay,HP_I,PT_EMP_FT,A,2000,26.918837919
CAN,Incidence of low and high pay,LP_I,PT_EMP_FT,A,2001,22.023671413
CAN,Incidence of low and high pay,HP_I,PT_EMP_FT,A,2001,20.147808677
CAN,Incidence of low and high pay,HP_I,PT_EMP_FT,A,2001,11.50533493
CAN,Incidence of low and high pay,LP_I,PT_EMP_FT,A,2001,30.602905746
CAN,Incidence of low and high pay,LP_I,PT_EMP_FT,A,2001,15.354694419
CAN,Incidence of low and high pay,HP_I,PT_EMP_FT,A,2001,26.86594416
CAN,Incidence of low and high pay,LP_I,PT_EMP_FT,A,2002,22.382220241
CAN,Incidence of low and high pay,HP_I,PT_EMP_FT,A,2002,19.74130033
CAN,Incidence of low and high pay,HP_I,PT_EMP_FT,A,2002,12.200411159
CAN,Incidence of low and high pay,LP_I,PT_EMP_FT,A,2002,30.320412655
CAN,Incidence of low and high pay,LP_I,PT_EMP_FT,A,2002,16.211399581
CAN,Incidence of low and high pay,HP_I,PT_EMP_FT,A,2002,25.603273972
CAN,Incidence of low and high pay,LP_I,PT_EMP_FT,A,2003,22.006858313
CAN,Incidence of low and high pay,HP_I,PT_EMP_FT,A,2003,20.408280922
CAN,Incidence of low and high pay,HP_I,PT_EMP_FT,A,2003,12.873164343
CAN,Incidence of low and high pay,LP_I,PT_EMP_FT,A,2003,29.319198903
CAN,Incidence of low and high pay,LP_I,PT_EMP_FT,A,2003,16.24364656
CAN,Incidence of low and high pay,HP_I,PT_EMP_FT,A,2003,26.347073281
CAN,Incidence of low and high pay,LP_I,PT_EMP_FT,A,2004,22.400129972
CAN,Incidence of low and high pay,HP_I,PT_EMP_FT,A,2004,20.726258552
CAN,Incidence of low and high pay,HP_I,PT_EMP_FT,A,2004,13.53890737
CAN,Incidence of low and high pay,LP_I,PT_EMP_FT,A,2004,29.769227325
CAN,Incidence of low and high pay,LP_I,PT_EMP_FT,A,2004,16.51253743
CAN,Incidence of low and high pay,HP_I,PT_EMP_FT,A,2004,26.468643703
CAN,Incidence of low and high pay,LP_I,PT_EMP_FT,A,2005,21.341240698
CAN,Incidence of low and high pay,HP_I,PT_EMP_FT,A,2005,20.545999835
CAN,Incidence of low and high pay,HP_I,PT_EMP_FT,A,2005,13.557105555
CAN,Incidence of low and high pay,LP_I,PT_EMP_FT,A,2005,28.299966747
CAN,Incidence of low and high pay,LP_I,PT_EMP_FT,A,2005,15.766257445
CAN,Incidence of low and high pay,HP_I,PT_EMP_FT,A,2005,26.145152367
CAN,Incidence of low and high pay,LP_I,PT_EMP_FT,A,2006,22.501240722
CAN,Incidence of low and high pay,HP_I,PT_EMP_FT,A,2006,21.563114335
CAN,Incidence of low and high pay,HP_I,PT_EMP_FT,A,2006,14.511920399
CAN,Incidence of low and high pay,LP_I,PT_EMP_FT,A,2006,29.516141974
CAN,Incidence of low and high pay,LP_I,PT_EMP_FT,A,2006,16.819755008
CAN,Incidence of low and high pay,HP_I,PT_EMP_FT,A,2006,27.273994101
CAN,Incidence of low and high pay,LP_I,PT_EMP_FT,A,2007,22.008781706
CAN,Incidence of low and high pay,HP_I,PT_EMP_FT,A,2007,22.306648436
CAN,Incidence of low and high pay,HP_I,PT_EMP_FT,A,2007,15.308492497
CAN,Incidence of low and high pay,LP_I,PT_EMP_FT,A,2007,28.638197456
CAN,Incidence of low and high pay,LP_I,PT_EMP_FT,A,2007,16.543767515
CAN,Incidence of low and high pay,HP_I,PT_EMP_FT,A,2007,28.07563668
CAN,Incidence of low and high pay,LP_I,PT_EMP_FT,A,2008,22.118432175
CAN,Incidence of low and high pay,HP_I,PT_EMP_FT,A,2008,21.485928794
CAN,Incidence of low and high pay,HP_I,PT_EMP_FT,A,2008,14.423986883
CAN,Incidence of low and high pay,LP_I,PT_EMP_FT,A,2008,29.108605674
CAN,Incidence of low and high pay,LP_I,PT_EMP_FT,A,2008,16.331977461
CAN,Incidence of low and high pay,HP_I,PT_EMP_FT,A,2008,27.331793288
CAN,Incidence of low and high pay,LP_I,PT_EMP_FT,A,2009,20.630793017
CAN,Incidence of low and high pay,HP_I,PT_EMP_FT,A,2009,22.130055819
CAN,Incidence of low and high pay,HP_I,PT_EMP_FT,A,2009,15.746161622
CAN,Incidence of low and high pay,LP_I,PT_EMP_FT,A,2009,26.795601631
CAN,Incidence of low and high pay,LP_I,PT_EMP_FT,A,2009,15.379172343
CAN,Incidence of low and high pay,HP_I,PT_EMP_FT,A,2009,27.568309113
CAN,Incidence of low and high pay,LP_I,PT_EMP_FT,A,2010,21.20768341
CAN,Incidence of low and high pay,HP_I,PT_EMP_FT,A,2010,21.416655789
CAN,Incidence of low and high pay,HP_I,PT_EMP_FT,A,2010,15.121149342
CAN,Incidence of low and high pay,LP_I,PT_EMP_FT,A,2010,27.387521746
CAN,Incidence of low and high pay,LP_I,PT_EMP_FT,A,2010,16.004215133
CAN,Incidence of low and high pay,HP_I,PT_EMP_FT,A,2010,26.717517446
CAN,Incidence of low and high pay,LP_I,PT_EMP_FT,A,2011,21.595123589
CAN,Incidence of low and high pay,HP_I,PT_EMP_FT,A,2011,22.292648828
CAN,Incidence of low and high pay,HP_I,PT_EMP_FT,A,2011,16.273670858
CAN,Incidence of low and high pay,LP_I,PT_EMP_FT,A,2011,27.671494678
CAN,Incidence of low and high pay,LP_I,PT_EMP_FT,A,2011,16.514030754
CAN,Incidence of low and high pay,HP_I,PT_EMP_FT,A,2011,27.32574924
CAN,Incidence of low and high pay,LP_I,PT_EMP_FT,A,2012,21.84974432
CAN,Incidence of low and high pay,HP_I,PT_EMP_FT,A,2012,22.063541995
CAN,Incidence of low and high pay,HP_I,PT_EMP_FT,A,2012,15.975282182
CAN,Incidence of low and high pay,LP_I,PT_EMP_FT,A,2012,28.078984129
CAN,Incidence of low and high pay,LP_I,PT_EMP_FT,A,2012,16.630042459
CAN,Incidence of low and high pay,HP_I,PT_EMP_FT,A,2012,27.165111697
CAN,Incidence of low and high pay,LP_I,PT_EMP_FT,A,2013,20.960124713
CAN,Incidence of low and high pay,HP_I,PT_EMP_FT,A,2013,23.143756301
CAN,Incidence of low and high pay,HP_I,PT_EMP_FT,A,2013,17.123043103
CAN,Incidence of low and high pay,LP_I,PT_EMP_FT,A,2013,26.765633328
CAN,Incidence of low and high pay,LP_I,PT_EMP_FT,A,2013,16.082549939
CAN,Incidence of low and high pay,HP_I,PT_EMP_FT,A,2013,28.202138049
CAN,Incidence of low and high pay,LP_I,PT_EMP_FT,A,2014,22.44542815
CAN,Incidence of low and high pay,HP_I,PT_EMP_FT,A,2014,22.429211392
CAN,Incidence of low and high pay,HP_I,PT_EMP_FT,A,2014,16.390386876
CAN,Incidence of low and high pay,LP_I,PT_EMP_FT,A,2014,28.165987758
CAN,Incidence of low and high pay,LP_I,PT_EMP_FT,A,2014,17.692708101
CAN,Incidence of low and high pay,HP_I,PT_EMP_FT,A,2014,27.446350329
CAN,Incidence of low and high pay,LP_I,PT_EMP_FT,A,2015,22.180347366
CAN,Incidence of low and high pay,HP_I,PT_EMP_FT,A,2015,22.875850665
CAN,Incidence of low and high pay,HP_I,PT_EMP_FT,A,2015,16.549608821
CAN,Incidence of low and high pay,LP_I,PT_EMP_FT,A,2015,27.960246317
CAN,Incidence of low and high pay,LP_I,PT_EMP_FT,A,2015,17.378884191
CAN,Incidence of low and high pay,HP_I,PT_EMP_FT,A,2015,28.13117044
CAN,Incidence of low and high pay,LP_I,PT_EMP_FT,A,2016,22.342815043
CAN,Incidence of low and high pay,HP_I,PT_EMP_FT,A,2016,22.316324833
CAN,Incidence of low and high pay,HP_I,PT_EMP_FT,A,2016,16.692323411
CAN,Incidence of low and high pay,LP_I,PT_EMP_FT,A,2016,27.680017278
CAN,Incidence of low and high pay,LP_I,PT_EMP_FT,A,2016,17.847879067
CAN,Incidence of low and high pay,HP_I,PT_EMP_FT,A,2016,27.052800088
CAN,Incidence of low and high pay,LP_I,PT_EMP_FT,A,2017,22.010780985
CAN,Incidence of low and high pay,HP_I,PT_EMP_FT,A,2017,22.505658254
CAN,Incidence of low and high pay,HP_I,PT_EMP_FT,A,2017,16.84828222
CAN,Incidence of low and high pay,LP_I,PT_EMP_FT,A,2017,27.291875691
CAN,Incidence of low and high pay,LP_I,PT_EMP_FT,A,2017,17.554298983
CAN,Incidence of low and high pay,HP_I,PT_EMP_FT,A,2017,27.279667409
CAN,Incidence of low and high pay,LP_I,PT_EMP_FT,A,2018,20.679295275
CAN,Incidence of low and high pay,HP_I,PT_EMP_FT,A,2018,22.176115055
CAN,Incidence of low and high pay,HP_I,PT_EMP_FT,A,2018,16.377412982
CAN,Incidence of low and high pay,LP_I,PT_EMP_FT,A,2018,26.232483819
CAN,Incidence of low and high pay,LP_I,PT_EMP_FT,A,2018,15.998824672
CAN,Incidence of low and high pay,HP_I,PT_EMP_FT,A,2018,27.063515215
CAN,Incidence of low and high pay,LP_I,PT_EMP_FT,A,2019,19.37747765
CAN,Incidence of low and high pay,HP_I,PT_EMP_FT,A,2019,22.685520572
CAN,Incidence of low and high pay,HP_I,PT_EMP_FT,A,2019,17.179392912
CAN,Incidence of low and high pay,LP_I,PT_EMP_FT,A,2019,24.619043921
CAN,Incidence of low and high pay,LP_I,PT_EMP_FT,A,2019,14.929937446
CAN,Incidence of low and high pay,HP_I,PT_EMP_FT,A,2019,27.35754471
CAN,Incidence of low and high pay,LP_I,PT_EMP_FT,A,2020,18.674312545
CAN,Incidence of low and high pay,HP_I,PT_EMP_FT,A,2020,21.603937513
CAN,Incidence of low and high pay,HP_I,PT_EMP_FT,A,2020,16.590070455
CAN,Incidence of low and high pay,LP_I,PT_EMP_FT,A,2020,23.087370572
CAN,Incidence of low and high pay,LP_I,PT_EMP_FT,A,2020,14.988304223
CAN,Incidence of low and high pay,HP_I,PT_EMP_FT,A,2020,25.791771796
CAN,Incidence of low and high pay,LP_I,PT_EMP_FT,A,2021,19.543631583
CAN,Incidence of low and high pay,HP_I,PT_EMP_FT,A,2021,20.70860115
CAN,Incidence of low and high pay,HP_I,PT_EMP_FT,A,2021,15.818161109
CAN,Incidence of low and high pay,LP_I,PT_EMP_FT,A,2021,23.74466405
CAN,Incidence of low and high pay,LP_I,PT_EMP_FT,A,2021,16.00165907
CAN,Incidence of low and high pay,HP_I,PT_EMP_FT,A,2021,24.831826652
CAN,Incidence of low and high pay,LP_I,PT_EMP_FT,A,2022,19.1198295
CAN,Incidence of low and high pay,HP_I,PT_EMP_FT,A,2022,21.263267432
CAN,Incidence of low and high pay,HP_I,PT_EMP_FT,A,2022,15.897999116
CAN,Incidence of low and high pay,LP_I,PT_EMP_FT,A,2022,23.875490968
CAN,Incidence of low and high pay,LP_I,PT_EMP_FT,A,2022,15.102067122
CAN,Incidence of low and high pay,HP_I,PT_EMP_FT,A,2022,25.796048694
CAN,Incidence of low and high pay,LP_I,PT_EMP_FT,A,2023,19.158724973
CAN,Incidence of low and high pay,HP_I,PT_EMP_FT,A,2023,21.615292966
CAN,Incidence of low and high pay,HP_I,PT_EMP_FT,A,2023,16.338044735
CAN,Incidence of low and high pay,LP_I,PT_EMP_FT,A,2023,23.459211516
CAN,Incidence of low and high pay,LP_I,PT_EMP_FT,A,2023,15.493522723
CAN,Incidence of low and high pay,HP_I,PT_EMP_FT,A,2023,26.112965937
CAN,Incidence of low and high pay,LP_I,PT_EMP_FT,A,2024,17.9583532715881
CAN,Incidence of low and high pay,LP_I,PT_EMP_FT,A,2024,22.2706674410741
CAN,Incidence of low and high pay,LP_I,PT_EMP_FT,A,2024,14.3320581883653
CAN,Incidence of low and high pay,HP_I,PT_EMP_FT,A,2024,21.8496310383994
CAN,Incidence of low and high pay,HP_I,PT_EMP_FT,A,2024,26.2515459663479
CAN,Incidence of low and high pay,HP_I,PT_EMP_FT,A,2024,16.6149659929412
CHE,Incidence of low and high pay,LP_I,PT_EMP_FT,A,2008,7.31
CHE,Incidence of low and high pay,LP_I,PT_EMP_FT,A,2008,19.85
CHE,Incidence of low and high pay,LP_I,PT_EMP_FT,A,2008,12.95
CHE,Incidence of low and high pay,LP_I,PT_EMP_FT,A,2010,13.06
CHE,Incidence of low and high pay,LP_I,PT_EMP_FT,A,2010,19.57
CHE,Incidence of low and high pay,LP_I,PT_EMP_FT,A,2010,7.68
CHE,Incidence of low and high pay,LP_I,PT_EMP_FT,A,2012,7.49
CHE,Incidence of low and high pay,LP_I,PT_EMP_FT,A,2012,17.41
CHE,Incidence of low and high pay,LP_I,PT_EMP_FT,A,2012,12.08
CHE,Incidence of low and high pay,LP_I,PT_EMP_FT,A,2014,11.89
CHE,Incidence of low and high pay,LP_I,PT_EMP_FT,A,2014,16.95
CHE,Incidence of low and high pay,LP_I,PT_EMP_FT,A,2014,7.5
CHE,Incidence of low and high pay,LP_I,PT_EMP_FT,A,2016,7.63
CHE,Incidence of low and high pay,LP_I,PT_EMP_FT,A,2016,16.98
CHE,Incidence of low and high pay,LP_I,PT_EMP_FT,A,2016,12.03
CHE,Incidence of low and high pay,LP_I,PT_EMP_FT,A,2018,12.12
CHE,Incidence of low and high pay,LP_I,PT_EMP_FT,A,2018,16.75
CHE,Incidence of low and high pay,LP_I,PT_EMP_FT,A,2018,8.08
CHE,Incidence of low and high pay,LP_I,PT_EMP_FT,A,2020,8.2
CHE,Incidence of low and high pay,LP_I,PT_EMP_FT,A,2020,16.3
CHE,Incidence of low and high pay,LP_I,PT_EMP_FT,A,2020,12
CHE,Incidence of low and high pay,LP_I,PT_EMP_FT,A,2022,12.1
CHE,Incidence of low and high pay,LP_I,PT_EMP_FT,A,2022,16
CHE,Incidence of low and high pay,LP_I,PT_EMP_FT,A,2022,8.7
CHL,Incidence of low and high pay,LP_I,PT_EMP_FT,A,1998,25.468796505
CHL,Incidence of low and high pay,HP_I,PT_EMP_FT,A,1998,30.565226923
CHL,Incidence of low and high pay,HP_I,PT_EMP_FT,A,1998,27.630182802
CHL,Incidence of low and high pay,LP_I,PT_EMP_FT,A,1998,29.434390474
CHL,Incidence of low and high pay,LP_I,PT_EMP_FT,A,1998,23.228620565
CHL,Incidence of low and high pay,HP_I,PT_EMP_FT,A,1998,32.22324216
CHL,Incidence of low and high pay,LP_I,PT_EMP_FT,A,2000,18.532314199
CHL,Incidence of low and high pay,HP_I,PT_EMP_FT,A,2000,29.759480525
CHL,Incidence of low and high pay,HP_I,PT_EMP_FT,A,2000,30.767663805
CHL,Incidence of low and high pay,LP_I,PT_EMP_FT,A,2000,19.00525097
CHL,Incidence of low and high pay,LP_I,PT_EMP_FT,A,2000,18.304008039
CHL,Incidence of low and high pay,HP_I,PT_EMP_FT,A,2000,29.272788713
CHL,Incidence of low and high pay,LP_I,PT_EMP_FT,A,2003,14.391580362
CHL,Incidence of low and high pay,HP_I,PT_EMP_FT,A,2003,30.80304919
CHL,Incidence of low and high pay,HP_I,PT_EMP_FT,A,2003,31.754014407
CHL,Incidence of low and high pay,LP_I,PT_EMP_FT,A,2003,16.730314299
CHL,Incidence of low and high pay,LP_I,PT_EMP_FT,A,2003,13.185636515
CHL,Incidence of low and high pay,HP_I,PT_EMP_FT,A,2003,30.31269386
CHL,Incidence of low and high pay,LP_I,PT_EMP_FT,A,2006,13.015256847
CHL,Incidence of low and high pay,HP_I,PT_EMP_FT,A,2006,27.525473179
CHL,Incidence of low and high pay,HP_I,PT_EMP_FT,A,2006,27.515458825
CHL,Incidence of low and high pay,LP_I,PT_EMP_FT,A,2006,15.730659194
CHL,Incidence of low and high pay,LP_I,PT_EMP_FT,A,2006,11.649471729
CHL,Incidence of low and high pay,HP_I,PT_EMP_FT,A,2006,27.530510169
CHL,Incidence of low and high pay,LP_I,PT_EMP_FT,A,2009,9.6937591498
CHL,Incidence of low and high pay,HP_I,PT_EMP_FT,A,2009,28.692188678
CHL,Incidence of low and high pay,HP_I,PT_EMP_FT,A,2009,27.883067405
CHL,Incidence of low and high pay,LP_I,PT_EMP_FT,A,2009,12.624149043
CHL,Incidence of low and high pay,LP_I,PT_EMP_FT,A,2009,8.0977158297
CHL,Incidence of low and high pay,HP_I,PT_EMP_FT,A,2009,29.132878364
CHL,Incidence of low and high pay,LP_I,PT_EMP_FT,A,2011,9.3779875626
CHL,Incidence of low and high pay,HP_I,PT_EMP_FT,A,2011,27.565689207
CHL,Incidence of low and high pay,HP_I,PT_EMP_FT,A,2011,26.555740107
CHL,Incidence of low and high pay,LP_I,PT_EMP_FT,A,2011,12.404624654
CHL,Incidence of low and high pay,LP_I,PT_EMP_FT,A,2011,7.6793924216
CHL,Incidence of low and high pay,HP_I,PT_EMP_FT,A,2011,28.132488126
CHL,Incidence of low and high pay,LP_I,PT_EMP_FT,A,2013,11.48146075
CHL,Incidence of low and high pay,HP_I,PT_EMP_FT,A,2013,26.172860769
CHL,Incidence of low and high pay,HP_I,PT_EMP_FT,A,2013,23.89755954
CHL,Incidence of low and high pay,LP_I,PT_EMP_FT,A,2013,15.076521959
CHL,Incidence of low and high pay,LP_I,PT_EMP_FT,A,2013,9.2408095655
CHL,Incidence of low and high pay,HP_I,PT_EMP_FT,A,2013,27.590960796
CHL,Incidence of low and high pay,LP_I,PT_EMP_FT,A,2015,12.096354841
CHL,Incidence of low and high pay,HP_I,PT_EMP_FT,A,2015,24.910239147
CHL,Incidence of low and high pay,HP_I,PT_EMP_FT,A,2015,23.19388981
CHL,Incidence of low and high pay,LP_I,PT_EMP_FT,A,2015,15.70996671
CHL,Incidence of low and high pay,LP_I,PT_EMP_FT,A,2015,9.6349236701
CHL,Incidence of low and high pay,HP_I,PT_EMP_FT,A,2015,26.079339734
CHL,Incidence of low and high pay,LP_I,PT_EMP_FT,A,2017,10.568061463
CHL,Incidence of low and high pay,HP_I,PT_EMP_FT,A,2017,27.813240034
CHL,Incidence of low and high pay,HP_I,PT_EMP_FT,A,2017,27.021455495
CHL,Incidence of low and high pay,LP_I,PT_EMP_FT,A,2017,13.605878077
CHL,Incidence of low and high pay,LP_I,PT_EMP_FT,A,2017,8.4551927651
CHL,Incidence of low and high pay,HP_I,PT_EMP_FT,A,2017,28.363943706
CHL,Incidence of low and high pay,LP_I,PT_EMP_FT,A,2020,11.812793927
CHL,Incidence of low and high pay,HP_I,PT_EMP_FT,A,2020,32.527693642
CHL,Incidence of low and high pay,HP_I,PT_EMP_FT,A,2020,31.087260854
CHL,Incidence of low and high pay,LP_I,PT_EMP_FT,A,2020,15.341327364
CHL,Incidence of low and high pay,LP_I,PT_EMP_FT,A,2020,8.8764986434
CHL,Incidence of low and high pay,HP_I,PT_EMP_FT,A,2020,33.726360476
CHL,Incidence of low and high pay,LP_I,PT_EMP_FT,A,2021,8.7269483681
CHL,Incidence of low and high pay,HP_I,PT_EMP_FT,A,2021,33.294312611
CHL,Incidence of low and high pay,HP_I,PT_EMP_FT,A,2021,31.58145547
CHL,Incidence of low and high pay,LP_I,PT_EMP_FT,A,2021,12.66031257
CHL,Incidence of low and high pay,LP_I,PT_EMP_FT,A,2021,5.7578954474
CHL,Incidence of low and high pay,HP_I,PT_EMP_FT,A,2021,34.778963194
CHL,Incidence of low and high pay,LP_I,PT_EMP_FT,A,2022,8.1676270939
CHL,Incidence of low and high pay,HP_I,PT_EMP_FT,A,2022,30.572236631
CHL,Incidence of low and high pay,HP_I,PT_EMP_FT,A,2022,26.934935337
CHL,Incidence of low and high pay,LP_I,PT_EMP_FT,A,2022,12.303825828
CHL,Incidence of low and high pay,LP_I,PT_EMP_FT,A,2022,5.0095483161
CHL,Incidence of low and high pay,HP_I,PT_EMP_FT,A,2022,33.561046356
CHL,Incidence of low and high pay,LP_I,PT_EMP_FT,A,2023,12.18808585
CHL,Incidence of low and high pay,LP_I,PT_EMP_FT,A,2023,5.3691176289
CHL,Incidence of low and high pay,LP_I,PT_EMP_FT,A,2023,8.3892643879
CHL,Incidence of low and high pay,HP_I,PT_EMP_FT,A,2023,35.508908669
CHL,Incidence of low and high pay,HP_I,PT_EMP_FT,A,2023,32.479599381
CHL,Incidence of low and high pay,HP_I,PT_EMP_FT,A,2023,28.969379712
COL,Incidence of low and high pay,LP_I,PT_EMP_FT,A,2007,18.577011816
COL,Incidence of low and high pay,HP_I,PT_EMP_FT,A,2007,28.798921224
COL,Incidence of low and high pay,HP_I,PT_EMP_FT,A,2007,27.501524531
COL,Incidence of low and high pay,LP_I,PT_EMP_FT,A,2007,25.06513243
COL,Incidence of low and high pay,LP_I,PT_EMP_FT,A,2007,13.742563024
COL,Incidence of low and high pay,HP_I,PT_EMP_FT,A,2007,29.76564152
COL,Incidence of low and high pay,LP_I,PT_EMP_FT,A,2008,16.278360776
COL,Incidence of low and high pay,HP_I,PT_EMP_FT,A,2008,28.196460993
COL,Incidence of low and high pay,HP_I,PT_EMP_FT,A,2008,27.014957558
COL,Incidence of low and high pay,LP_I,PT_EMP_FT,A,2008,23.21714846
COL,Incidence of low and high pay,LP_I,PT_EMP_FT,A,2008,10.958972181
COL,Incidence of low and high pay,HP_I,PT_EMP_FT,A,2008,29.10222093
COL,Incidence of low and high pay,LP_I,PT_EMP_FT,A,2009,15.52239367
COL,Incidence of low and high pay,HP_I,PT_EMP_FT,A,2009,27.361010379
COL,Incidence of low and high pay,HP_I,PT_EMP_FT,A,2009,25.973884845
COL,Incidence of low and high pay,LP_I,PT_EMP_FT,A,2009,22.559560064
COL,Incidence of low and high pay,LP_I,PT_EMP_FT,A,2009,10.085500566
COL,Incidence of low and high pay,HP_I,PT_EMP_FT,A,2009,28.432699299
COL,Incidence of low and high pay,LP_I,PT_EMP_FT,A,2010,14.696187946
COL,Incidence of low and high pay,HP_I,PT_EMP_FT,A,2010,28.111381986
COL,Incidence of low and high pay,HP_I,PT_EMP_FT,A,2010,26.463150087
COL,Incidence of low and high pay,LP_I,PT_EMP_FT,A,2010,21.99768017
COL,Incidence of low and high pay,LP_I,PT_EMP_FT,A,2010,9.0628097915
COL,Incidence of low and high pay,HP_I,PT_EMP_FT,A,2010,29.383055404
COL,Incidence of low and high pay,LP_I,PT_EMP_FT,A,2011,15.943716416
COL,Incidence of low and high pay,HP_I,PT_EMP_FT,A,2011,27.424529885
COL,Incidence of low and high pay,HP_I,PT_EMP_FT,A,2011,25.875159921
COL,Incidence of low and high pay,LP_I,PT_EMP_FT,A,2011,23.107570933
COL,Incidence of low and high pay,LP_I,PT_EMP_FT,A,2011,10.52707719
COL,Incidence of low and high pay,HP_I,PT_EMP_FT,A,2011,28.596019075
COL,Incidence of low and high pay,LP_I,PT_EMP_FT,A,2012,14.988499467
COL,Incidence of low and high pay,HP_I,PT_EMP_FT,A,2012,26.635679028
COL,Incidence of low and high pay,HP_I,PT_EMP_FT,A,2012,24.622030265
COL,Incidence of low and high pay,LP_I,PT_EMP_FT,A,2012,21.897979741
COL,Incidence of low and high pay,LP_I,PT_EMP_FT,A,2012,9.7586813432
COL,Incidence of low and high pay,HP_I,PT_EMP_FT,A,2012,28.159819249
COL,Incidence of low and high pay,LP_I,PT_EMP_FT,A,2013,14.030578583
COL,Incidence of low and high pay,HP_I,PT_EMP_FT,A,2013,27.262665621
COL,Incidence of low and high pay,HP_I,PT_EMP_FT,A,2013,25.336407329
COL,Incidence of low and high pay,LP_I,PT_EMP_FT,A,2013,19.944074428
COL,Incidence of low and high pay,LP_I,PT_EMP_FT,A,2013,9.4982281358
COL,Incidence of low and high pay,HP_I,PT_EMP_FT,A,2013,28.739030509
COL,Incidence of low and high pay,LP_I,PT_EMP_FT,A,2014,12.627571781
COL,Incidence of low and high pay,HP_I,PT_EMP_FT,A,2014,26.569568005
COL,Incidence of low and high pay,HP_I,PT_EMP_FT,A,2014,24.086817403
COL,Incidence of low and high pay,LP_I,PT_EMP_FT,A,2014,18.45584503
COL,Incidence of low and high pay,LP_I,PT_EMP_FT,A,2014,8.0966980955
COL,Incidence of low and high pay,HP_I,PT_EMP_FT,A,2014,28.499647273
COL,Incidence of low and high pay,LP_I,PT_EMP_FT,A,2015,12.742315188
COL,Incidence of low and high pay,HP_I,PT_EMP_FT,A,2015,26.214447678
COL,Incidence of low and high pay,HP_I,PT_EMP_FT,A,2015,23.751727198
COL,Incidence of low and high pay,LP_I,PT_EMP_FT,A,2015,18.434584115
COL,Incidence of low and high pay,LP_I,PT_EMP_FT,A,2015,8.222558714
COL,Incidence of low and high pay,HP_I,PT_EMP_FT,A,2015,28.169888816
COL,Incidence of low and high pay,LP_I,PT_EMP_FT,A,2016,11.068130711
COL,Incidence of low and high pay,HP_I,PT_EMP_FT,A,2016,25.981563655
COL,Incidence of low and high pay,HP_I,PT_EMP_FT,A,2016,24.172924352
COL,Incidence of low and high pay,LP_I,PT_EMP_FT,A,2016,16.124026187
COL,Incidence of low and high pay,LP_I,PT_EMP_FT,A,2016,7.0651344648
COL,Incidence of low and high pay,HP_I,PT_EMP_FT,A,2016,27.413550605
COL,Incidence of low and high pay,LP_I,PT_EMP_FT,A,2017,10.307481143
COL,Incidence of low and high pay,HP_I,PT_EMP_FT,A,2017,25.162282894
COL,Incidence of low and high pay,HP_I,PT_EMP_FT,A,2017,23.366365298
COL,Incidence of low and high pay,LP_I,PT_EMP_FT,A,2017,15.11698859
COL,Incidence of low and high pay,LP_I,PT_EMP_FT,A,2017,6.4188082312
COL,Incidence of low and high pay,HP_I,PT_EMP_FT,A,2017,26.614351777
COL,Incidence of low and high pay,LP_I,PT_EMP_FT,A,2018,9.7169140001
COL,Incidence of low and high pay,HP_I,PT_EMP_FT,A,2018,24.8986147
COL,Incidence of low and high pay,HP_I,PT_EMP_FT,A,2018,23.543908853
COL,Incidence of low and high pay,LP_I,PT_EMP_FT,A,2018,14.590411957
COL,Incidence of low and high pay,LP_I,PT_EMP_FT,A,2018,5.780243902
COL,Incidence of low and high pay,HP_I,PT_EMP_FT,A,2018,25.992906736
COL,Incidence of low and high pay,LP_I,PT_EMP_FT,A,2019,11.677027549
COL,Incidence of low and high pay,HP_I,PT_EMP_FT,A,2019,25.022644727
COL,Incidence of low and high pay,HP_I,PT_EMP_FT,A,2019,24.277222499
COL,Incidence of low and high pay,LP_I,PT_EMP_FT,A,2019,16.301459138
COL,Incidence of low and high pay,LP_I,PT_EMP_FT,A,2019,8.1317027577
COL,Incidence of low and high pay,HP_I,PT_EMP_FT,A,2019,25.594123373
COL,Incidence of low and high pay,LP_I,PT_EMP_FT,A,2020,12.79860094
COL,Incidence of low and high pay,HP_I,PT_EMP_FT,A,2020,25.303089969
COL,Incidence of low and high pay,HP_I,PT_EMP_FT,A,2020,26.44321726
COL,Incidence of low and high pay,LP_I,PT_EMP_FT,A,2020,15.751125953
COL,Incidence of low and high pay,LP_I,PT_EMP_FT,A,2020,10.672675276
COL,Incidence of low and high pay,HP_I,PT_EMP_FT,A,2020,24.482156749
COL,Incidence of low and high pay,LP_I,PT_EMP_FT,A,2021,11.42434912
COL,Incidence of low and high pay,HP_I,PT_EMP_FT,A,2021,25.106448118
COL,Incidence of low and high pay,HP_I,PT_EMP_FT,A,2021,25.892356297
COL,Incidence of low and high pay,LP_I,PT_EMP_FT,A,2021,15.506664404
COL,Incidence of low and high pay,LP_I,PT_EMP_FT,A,2021,8.219010518
COL,Incidence of low and high pay,HP_I,PT_EMP_FT,A,2021,24.489371375
COL,Incidence of low and high pay,LP_I,PT_EMP_FT,A,2022,12.17517419
COL,Incidence of low and high pay,HP_I,PT_EMP_FT,A,2022,26.987759965
COL,Incidence of low and high pay,HP_I,PT_EMP_FT,A,2022,28.307128263
COL,Incidence of low and high pay,LP_I,PT_EMP_FT,A,2022,14.117080851
COL,Incidence of low and high pay,LP_I,PT_EMP_FT,A,2022,10.765137563
COL,Incidence of low and high pay,HP_I,PT_EMP_FT,A,2022,26.029754277
COL,Incidence of low and high pay,LP_I,PT_EMP_FT,A,2023,12.64462098
COL,Incidence of low and high pay,HP_I,PT_EMP_FT,A,2023,26.927228333
COL,Incidence of low and high pay,HP_I,PT_EMP_FT,A,2023,28.084424356
COL,Incidence of low and high pay,LP_I,PT_EMP_FT,A,2023,14.751054628
COL,Incidence of low and high pay,LP_I,PT_EMP_FT,A,2023,11.095358401
COL,Incidence of low and high pay,HP_I,PT_EMP_FT,A,2023,26.076121299
COL,Incidence of low and high pay,LP_I,PT_EMP_FT,A,2024,12.169294617
COL,Incidence of low and high pay,LP_I,PT_EMP_FT,A,2024,13.703294372
COL,Incidence of low and high pay,LP_I,PT_EMP_FT,A,2024,11.051402514
COL,Incidence of low and high pay,HP_I,PT_EMP_FT,A,2024,26.968833514
COL,Incidence of low and high pay,HP_I,PT_EMP_FT,A,2024,24.510696555
COL,Incidence of low and high pay,HP_I,PT_EMP_FT,A,2024,25.546912223
CRI,Incidence of low and high pay,LP_I,PT_EMP_FT,A,2010,17.958375315
CRI,Incidence of low and high pay,HP_I,PT_EMP_FT,A,2010,18.794850089
CRI,Incidence of low and high pay,HP_I,PT_EMP_FT,A,2010,16.941473002
CRI,Incidence of low and high pay,LP_I,PT_EMP_FT,A,2010,25.369825814
CRI,Incidence of low and high pay,LP_I,PT_EMP_FT,A,2010,14.80998762
CRI,Incidence of low and high pay,HP_I,PT_EMP_FT,A,2010,19.582165556
CRI,Incidence of low and high pay,LP_I,PT_EMP_FT,A,2011,15.512932521
CRI,Incidence of low and high pay,HP_I,PT_EMP_FT,A,2011,20.358047483
CRI,Incidence of low and high pay,HP_I,PT_EMP_FT,A,2011,17.587852773
CRI,Incidence of low and high pay,LP_I,PT_EMP_FT,A,2011,24.734874313
CRI,Incidence of low and high pay,LP_I,PT_EMP_FT,A,2011,11.202940557
CRI,Incidence of low and high pay,HP_I,PT_EMP_FT,A,2011,21.652733268
CRI,Incidence of low and high pay,LP_I,PT_EMP_FT,A,2012,15.642385906
CRI,Incidence of low and high pay,HP_I,PT_EMP_FT,A,2012,19.063212756
CRI,Incidence of low and high pay,HP_I,PT_EMP_FT,A,2012,17.28526434
CRI,Incidence of low and high pay,LP_I,PT_EMP_FT,A,2012,25.593103243
CRI,Incidence of low and high pay,LP_I,PT_EMP_FT,A,2012,10.729678302
CRI,Incidence of low and high pay,HP_I,PT_EMP_FT,A,2012,19.940992759
CRI,Incidence of low and high pay,LP_I,PT_EMP_FT,A,2013,14.723195028
CRI,Incidence of low and high pay,HP_I,PT_EMP_FT,A,2013,17.334473488
CRI,Incidence of low and high pay,HP_I,PT_EMP_FT,A,2013,15.865782509
CRI,Incidence of low and high pay,LP_I,PT_EMP_FT,A,2013,24.583673908
CRI,Incidence of low and high pay,LP_I,PT_EMP_FT,A,2013,10.036840067
CRI,Incidence of low and high pay,HP_I,PT_EMP_FT,A,2013,18.032493061
CRI,Incidence of low and high pay,LP_I,PT_EMP_FT,A,2014,15.059434857
CRI,Incidence of low and high pay,HP_I,PT_EMP_FT,A,2014,19.34480857
CRI,Incidence of low and high pay,HP_I,PT_EMP_FT,A,2014,15.958776697
CRI,Incidence of low and high pay,LP_I,PT_EMP_FT,A,2014,25.280939859
CRI,Incidence of low and high pay,LP_I,PT_EMP_FT,A,2014,10.212015662
CRI,Incidence of low and high pay,HP_I,PT_EMP_FT,A,2014,20.950591269
CRI,Incidence of low and high pay,LP_I,PT_EMP_FT,A,2015,14.865608517
CRI,Incidence of low and high pay,HP_I,PT_EMP_FT,A,2015,18.163603569
CRI,Incidence of low and high pay,HP_I,PT_EMP_FT,A,2015,16.059322521
CRI,Incidence of low and high pay,LP_I,PT_EMP_FT,A,2015,23.622445655
CRI,Incidence of low and high pay,LP_I,PT_EMP_FT,A,2015,10.551983855
CRI,Incidence of low and high pay,HP_I,PT_EMP_FT,A,2015,19.20017402
CRI,Incidence of low and high pay,LP_I,PT_EMP_FT,A,2016,14.04413397
CRI,Incidence of low and high pay,HP_I,PT_EMP_FT,A,2016,19.077858774
CRI,Incidence of low and high pay,HP_I,PT_EMP_FT,A,2016,18.017784771
CRI,Incidence of low and high pay,LP_I,PT_EMP_FT,A,2016,23.720473354
CRI,Incidence of low and high pay,LP_I,PT_EMP_FT,A,2016,9.3314468086
CRI,Incidence of low and high pay,HP_I,PT_EMP_FT,A,2016,19.594148762
CRI,Incidence of low and high pay,LP_I,PT_EMP_FT,A,2017,12.795401587
CRI,Incidence of low and high pay,HP_I,PT_EMP_FT,A,2017,17.08618411
CRI,Incidence of low and high pay,HP_I,PT_EMP_FT,A,2017,14.905086175
CRI,Incidence of low and high pay,LP_I,PT_EMP_FT,A,2017,21.418098407
CRI,Incidence of low and high pay,LP_I,PT_EMP_FT,A,2017,8.7119666075
CRI,Incidence of low and high pay,HP_I,PT_EMP_FT,A,2017,18.119082724
CRI,Incidence of low and high pay,LP_I,PT_EMP_FT,A,2018,11.736006162
CRI,Incidence of low and high pay,HP_I,PT_EMP_FT,A,2018,16.74509206
CRI,Incidence of low and high pay,HP_I,PT_EMP_FT,A,2018,16.495948319
CRI,Incidence of low and high pay,LP_I,PT_EMP_FT,A,2018,20.837483465
CRI,Incidence of low and high pay,LP_I,PT_EMP_FT,A,2018,7.5688675561
CRI,Incidence of low and high pay,HP_I,PT_EMP_FT,A,2018,16.859163267
CRI,Incidence of low and high pay,LP_I,PT_EMP_FT,A,2019,11.593536686
CRI,Incidence of low and high pay,HP_I,PT_EMP_FT,A,2019,18.51171405
CRI,Incidence of low and high pay,HP_I,PT_EMP_FT,A,2019,17.842074962
CRI,Incidence of low and high pay,LP_I,PT_EMP_FT,A,2019,19.375158006
CRI,Incidence of low and high pay,LP_I,PT_EMP_FT,A,2019,7.8346453847
CRI,Incidence of low and high pay,HP_I,PT_EMP_FT,A,2019,18.835181415
CRI,Incidence of low and high pay,LP_I,PT_EMP_FT,A,2020,14.389350405
CRI,Incidence of low and high pay,HP_I,PT_EMP_FT,A,2020,18.261828548
CRI,Incidence of low and high pay,HP_I,PT_EMP_FT,A,2020,18.829102115
CRI,Incidence of low and high pay,LP_I,PT_EMP_FT,A,2020,19.12328617
CRI,Incidence of low and high pay,LP_I,PT_EMP_FT,A,2020,12.245426218
CRI,Incidence of low and high pay,HP_I,PT_EMP_FT,A,2020,18.004919375
CRI,Incidence of low and high pay,LP_I,PT_EMP_FT,A,2021,11.630331248
CRI,Incidence of low and high pay,HP_I,PT_EMP_FT,A,2021,20.197394761
CRI,Incidence of low and high pay,HP_I,PT_EMP_FT,A,2021,22.399834708
CRI,Incidence of low and high pay,LP_I,PT_EMP_FT,A,2021,17.138552661
CRI,Incidence of low and high pay,LP_I,PT_EMP_FT,A,2021,9.045279933
CRI,Incidence of low and high pay,HP_I,PT_EMP_FT,A,2021,19.163772498
CRI,Incidence of low and high pay,LP_I,PT_EMP_FT,A,2022,10.122474566
CRI,Incidence of low and high pay,HP_I,PT_EMP_FT,A,2022,17.85016066
CRI,Incidence of low and high pay,HP_I,PT_EMP_FT,A,2022,19.730541798
CRI,Incidence of low and high pay,LP_I,PT_EMP_FT,A,2022,15.766262235
CRI,Incidence of low and high pay,LP_I,PT_EMP_FT,A,2022,7.4137186134
CRI,Incidence of low and high pay,HP_I,PT_EMP_FT,A,2022,16.94766505
CRI,Incidence of low and high pay,LP_I,PT_EMP_FT,A,2023,9.1731832963
CRI,Incidence of low and high pay,HP_I,PT_EMP_FT,A,2023,19.810427195
CRI,Incidence of low and high pay,HP_I,PT_EMP_FT,A,2023,20.00042177
CRI,Incidence of low and high pay,LP_I,PT_EMP_FT,A,2023,14.7479995
CRI,Incidence of low and high pay,LP_I,PT_EMP_FT,A,2023,6.4602020764
CRI,Incidence of low and high pay,HP_I,PT_EMP_FT,A,2023,19.71796644
CRI,Incidence of low and high pay,LP_I,PT_EMP_FT,A,2024,8.8975705558
CRI,Incidence of low and high pay,LP_I,PT_EMP_FT,A,2024,13.002566237
CRI,Incidence of low and high pay,LP_I,PT_EMP_FT,A,2024,6.7534835284
CRI,Incidence of low and high pay,HP_I,PT_EMP_FT,A,2024,17.818985775
CRI,Incidence of low and high pay,HP_I,PT_EMP_FT,A,2024,19.364458802
CRI,Incidence of low and high pay,HP_I,PT_EMP_FT,A,2024,18.834200391
CYP,Incidence of low and high pay,LP_I,PT_EMP_FT,A,2002,17.2
CYP,Incidence of low and high pay,HP_I,PT_EMP_FT,A,2002,22.99917738
CYP,Incidence of low and high pay,HP_I,PT_EMP_FT,A,2002,10.99885006
CYP,Incidence of low and high pay,LP_I,PT_EMP_FT,A,2002,31.714050945
CYP,Incidence of low and high pay,LP_I,PT_EMP_FT,A,2002,7.1763113367
CYP,Incidence of low and high pay,HP_I,PT_EMP_FT,A,2002,30.99917738
CYP,Incidence of low and high pay,LP_I,PT_EMP_FT,A,2006,22.238095238
CYP,Incidence of low and high pay,HP_I,PT_EMP_FT,A,2006,24.99870964
CYP,Incidence of low and high pay,HP_I,PT_EMP_FT,A,2006,18.997998358
CYP,Incidence of low and high pay,LP_I,PT_EMP_FT,A,2006,35.111111111
CYP,Incidence of low and high pay,LP_I,PT_EMP_FT,A,2006,11.128205128
CYP,Incidence of low and high pay,HP_I,PT_EMP_FT,A,2006,29.998996099
CYP,Incidence of low and high pay,LP_I,PT_EMP_FT,A,2010,20.253968254
CYP,Incidence of low and high pay,HP_I,PT_EMP_FT,A,2010,27.999238733
CYP,Incidence of low and high pay,HP_I,PT_EMP_FT,A,2010,23.993715218
CYP,Incidence of low and high pay,LP_I,PT_EMP_FT,A,2010,29.222222222
CYP,Incidence of low and high pay,LP_I,PT_EMP_FT,A,2010,12.430107527
CYP,Incidence of low and high pay,HP_I,PT_EMP_FT,A,2010,31.998989843
CYP,Incidence of low and high pay,LP_I,PT_EMP_FT,A,2014,18.076923077
CYP,Incidence of low and high pay,HP_I,PT_EMP_FT,A,2014,27.998665657
CYP,Incidence of low and high pay,HP_I,PT_EMP_FT,A,2014,24.999295845
CYP,Incidence of low and high pay,HP_I,PT_EMP_FT,A,2014,29.999170124
CYP,Incidence of low and high pay,LP_I,PT_EMP_FT,A,2014,22
CYP,Incidence of low and high pay,LP_I,PT_EMP_FT,A,2014,14.5
CYP,Incidence of low and high pay,LP_I,PT_EMP_FT,A,2018,16.541666667
CYP,Incidence of low and high pay,HP_I,PT_EMP_FT,A,2018,26.999795041
CYP,Incidence of low and high pay,HP_I,PT_EMP_FT,A,2018,23.998785184
CYP,Incidence of low and high pay,LP_I,PT_EMP_FT,A,2018,20.966666667
CYP,Incidence of low and high pay,LP_I,PT_EMP_FT,A,2018,12.333333333
CYP,Incidence of low and high pay,HP_I,PT_EMP_FT,A,2018,29.999993387
CYP,Incidence of low and high pay,LP_I,PT_EMP_FT,A,2022,12.256746232
CYP,Incidence of low and high pay,LP_I,PT_EMP_FT,A,2022,16.681116971
CYP,Incidence of low and high pay,HP_I,PT_EMP_FT,A,2022,31.576412609
CYP,Incidence of low and high pay,HP_I,PT_EMP_FT,A,2022,28.649797654
CYP,Incidence of low and high pay,LP_I,PT_EMP_FT,A,2022,21.177742564
CYP,Incidence of low and high pay,HP_I,PT_EMP_FT,A,2022,26.102137295
CYP,Incidence of low and high pay,LP_I,PT_EMP_FT,A,2023,12.439241033
CYP,Incidence of low and high pay,LP_I,PT_EMP_FT,A,2023,16.0997398
CYP,Incidence of low and high pay,HP_I,PT_EMP_FT,A,2023,31.82790788
CYP,Incidence of low and high pay,HP_I,PT_EMP_FT,A,2023,29.266253448
CYP,Incidence of low and high pay,LP_I,PT_EMP_FT,A,2023,21.957745452
CYP,Incidence of low and high pay,HP_I,PT_EMP_FT,A,2023,25.84807818
CZE,Incidence of low and high pay,LP_I,PT_EMP_FT,A,1996,16.954210986
CZE,Incidence of low and high pay,LP_I,PT_EMP_FT,A,1996,24.939754353
CZE,Incidence of low and high pay,LP_I,PT_EMP_FT,A,1996,10.350981359
CZE,Incidence of low and high pay,LP_I,PT_EMP_FT,A,1997,17.149790212
CZE,Incidence of low and high pay,LP_I,PT_EMP_FT,A,1997,24.241819172
CZE,Incidence of low and high pay,LP_I,PT_EMP_FT,A,1997,9.586555624
CZE,Incidence of low and high pay,LP_I,PT_EMP_FT,A,1999,17.625243897
CZE,Incidence of low and high pay,LP_I,PT_EMP_FT,A,1999,24.527195843
CZE,Incidence of low and high pay,LP_I,PT_EMP_FT,A,1999,10.229832336
CZE,Incidence of low and high pay,LP_I,PT_EMP_FT,A,2001,17.444441712
CZE,Incidence of low and high pay,LP_I,PT_EMP_FT,A,2001,24.037122642
CZE,Incidence of low and high pay,LP_I,PT_EMP_FT,A,2001,11.148999705
CZE,Incidence of low and high pay,LP_I,PT_EMP_FT,A,2002,18.392320473
CZE,Incidence of low and high pay,LP_I,PT_EMP_FT,A,2002,25.368004564
CZE,Incidence of low and high pay,LP_I,PT_EMP_FT,A,2002,12.317871621
CZE,Incidence of low and high pay,LP_I,PT_EMP_FT,A,2003,19.036227301
CZE,Incidence of low and high pay,LP_I,PT_EMP_FT,A,2003,25.854774157
CZE,Incidence of low and high pay,LP_I,PT_EMP_FT,A,2003,12.940141897
CZE,Incidence of low and high pay,LP_I,PT_EMP_FT,A,2004,19.679878286
CZE,Incidence of low and high pay,LP_I,PT_EMP_FT,A,2004,26.521531212
CZE,Incidence of low and high pay,LP_I,PT_EMP_FT,A,2004,14.126843884
CZE,Incidence of low and high pay,LP_I,PT_EMP_FT,A,2005,20.031095626
CZE,Incidence of low and high pay,LP_I,PT_EMP_FT,A,2005,26.552327764
CZE,Incidence of low and high pay,LP_I,PT_EMP_FT,A,2005,14.970892372
CZE,Incidence of low and high pay,LP_I,PT_EMP_FT,A,2006,19.738417273
CZE,Incidence of low and high pay,LP_I,PT_EMP_FT,A,2006,25.939466222
CZE,Incidence of low and high pay,LP_I,PT_EMP_FT,A,2006,15.065309091
CZE,Incidence of low and high pay,LP_I,PT_EMP_FT,A,2007,19.656465566
CZE,Incidence of low and high pay,LP_I,PT_EMP_FT,A,2007,26.296978491
CZE,Incidence of low and high pay,LP_I,PT_EMP_FT,A,2007,14.651263108
CZE,Incidence of low and high pay,LP_I,PT_EMP_FT,A,2008,19.703294746
CZE,Incidence of low and high pay,LP_I,PT_EMP_FT,A,2008,26.256296365
CZE,Incidence of low and high pay,LP_I,PT_EMP_FT,A,2008,14.691378312
CZE,Incidence of low and high pay,LP_I,PT_EMP_FT,A,2009,20.042805677
CZE,Incidence of low and high pay,LP_I,PT_EMP_FT,A,2009,25.920725184
CZE,Incidence of low and high pay,LP_I,PT_EMP_FT,A,2009,15.497511687
CZE,Incidence of low and high pay,LP_I,PT_EMP_FT,A,2010,20.183292431
CZE,Incidence of low and high pay,LP_I,PT_EMP_FT,A,2010,25.759476247
CZE,Incidence of low and high pay,LP_I,PT_EMP_FT,A,2010,15.777410027
CZE,Incidence of low and high pay,LP_I,PT_EMP_FT,A,2011,20.15306324
CZE,Incidence of low and high pay,LP_I,PT_EMP_FT,A,2011,25.372189859
CZE,Incidence of low and high pay,LP_I,PT_EMP_FT,A,2011,16.06595851
CZE,Incidence of low and high pay,LP_I,PT_EMP_FT,A,2012,19.75000158
CZE,Incidence of low and high pay,LP_I,PT_EMP_FT,A,2012,25.320003545
CZE,Incidence of low and high pay,LP_I,PT_EMP_FT,A,2012,15.290001529
CZE,Incidence of low and high pay,LP_I,PT_EMP_FT,A,2013,19.950002195
CZE,Incidence of low and high pay,LP_I,PT_EMP_FT,A,2013,25.420003305
CZE,Incidence of low and high pay,LP_I,PT_EMP_FT,A,2013,15.540001554
CZE,Incidence of low and high pay,LP_I,PT_EMP_FT,A,2014,20.260002026
CZE,Incidence of low and high pay,LP_I,PT_EMP_FT,A,2014,25.660002566
CZE,Incidence of low and high pay,LP_I,PT_EMP_FT,A,2014,15.870001746
CZE,Incidence of low and high pay,LP_I,PT_EMP_FT,A,2015,20.650002272
CZE,Incidence of low and high pay,LP_I,PT_EMP_FT,A,2015,26.070003389
CZE,Incidence of low and high pay,LP_I,PT_EMP_FT,A,2015,16.240001786
CZE,Incidence of low and high pay,LP_I,PT_EMP_FT,A,2016,19.760001778
CZE,Incidence of low and high pay,LP_I,PT_EMP_FT,A,2016,24.790002727
CZE,Incidence of low and high pay,LP_I,PT_EMP_FT,A,2016,15.720001886
CZE,Incidence of low and high pay,LP_I,PT_EMP_FT,A,2017,19.870002384
CZE,Incidence of low and high pay,LP_I,PT_EMP_FT,A,2017,24.440002933
CZE,Incidence of low and high pay,LP_I,PT_EMP_FT,A,2017,16.150001615
CZE,Incidence of low and high pay,LP_I,PT_EMP_FT,A,2018,19.680002558
CZE,Incidence of low and high pay,LP_I,PT_EMP_FT,A,2018,23.67000284
CZE,Incidence of low and high pay,LP_I,PT_EMP_FT,A,2018,16.420001806
CZE,Incidence of low and high pay,LP_I,PT_EMP_FT,A,2019,18.36
CZE,Incidence of low and high pay,LP_I,PT_EMP_FT,A,2019,15.45
CZE,Incidence of low and high pay,LP_I,PT_EMP_FT,A,2019,21.91
CZE,Incidence of low and high pay,LP_I,PT_EMP_FT,A,2020,15.110014808
CZE,Incidence of low and high pay,LP_I,PT_EMP_FT,A,2020,21.02
CZE,Incidence of low and high pay,LP_I,PT_EMP_FT,A,2020,17.77
CZE,Incidence of low and high pay,LP_I,PT_EMP_FT,A,2021,17.25
CZE,Incidence of low and high pay,LP_I,PT_EMP_FT,A,2021,14.91
CZE,Incidence of low and high pay,LP_I,PT_EMP_FT,A,2021,20.09
CZE,Incidence of low and high pay,LP_I,PT_EMP_FT,A,2022,20.36
CZE,Incidence of low and high pay,LP_I,PT_EMP_FT,A,2022,14.81
CZE,Incidence of low and high pay,LP_I,PT_EMP_FT,A,2022,17.34
CZE,Incidence of low and high pay,LP_I,PT_EMP_FT,A,2023,17.49
CZE,Incidence of low and high pay,LP_I,PT_EMP_FT,A,2023,19.94
CZE,Incidence of low and high pay,LP_I,PT_EMP_FT,A,2023,15.39
CZE,Incidence of low and high pay,LP_I,PT_EMP_FT,A,2024,39.680007142
CZE,Incidence of low and high pay,LP_I,PT_EMP_FT,A,2024,30.380004861
CZE,Incidence of low and high pay,LP_I,PT_EMP_FT,A,2024,34.680005549
DEU,Incidence of low and high pay,LP_I,PT_EMP_FT,A,1992,20.8478302
DEU,Incidence of low and high pay,HP_I,PT_EMP_FT,A,1992,16.765799246
DEU,Incidence of low and high pay,HP_I,PT_EMP_FT,A,1992,6.4410103567
DEU,Incidence of low and high pay,LP_I,PT_EMP_FT,A,1992,33.10452798
DEU,Incidence of low and high pay,LP_I,PT_EMP_FT,A,1992,14.713263798
DEU,Incidence of low and high pay,HP_I,PT_EMP_FT,A,1992,21.933431195
DEU,Incidence of low and high pay,LP_I,PT_EMP_FT,A,1993,16.545755223
DEU,Incidence of low and high pay,HP_I,PT_EMP_FT,A,1993,17.220936118
DEU,Incidence of low and high pay,HP_I,PT_EMP_FT,A,1993,6.8017514443
DEU,Incidence of low and high pay,LP_I,PT_EMP_FT,A,1993,27.348913484
DEU,Incidence of low and high pay,LP_I,PT_EMP_FT,A,1993,11.145335195
DEU,Incidence of low and high pay,HP_I,PT_EMP_FT,A,1993,22.42941055
DEU,Incidence of low and high pay,LP_I,PT_EMP_FT,A,1994,14.508393938
DEU,Incidence of low and high pay,HP_I,PT_EMP_FT,A,1994,15.538115482
DEU,Incidence of low and high pay,HP_I,PT_EMP_FT,A,1994,5.747406447
DEU,Incidence of low and high pay,LP_I,PT_EMP_FT,A,1994,24.392722107
DEU,Incidence of low and high pay,LP_I,PT_EMP_FT,A,1994,9.6641847502
DEU,Incidence of low and high pay,HP_I,PT_EMP_FT,A,1994,20.336442879
DEU,Incidence of low and high pay,LP_I,PT_EMP_FT,A,1995,13.55547607
DEU,Incidence of low and high pay,HP_I,PT_EMP_FT,A,1995,16.699460877
DEU,Incidence of low and high pay,HP_I,PT_EMP_FT,A,1995,6.316872595
DEU,Incidence of low and high pay,LP_I,PT_EMP_FT,A,1995,23.842295956
DEU,Incidence of low and high pay,LP_I,PT_EMP_FT,A,1995,8.7364491044
DEU,Incidence of low and high pay,HP_I,PT_EMP_FT,A,1995,21.563352094
DEU,Incidence of low and high pay,LP_I,PT_EMP_FT,A,1996,13.776317212
DEU,Incidence of low and high pay,HP_I,PT_EMP_FT,A,1996,16.619945681
DEU,Incidence of low and high pay,HP_I,PT_EMP_FT,A,1996,6.6053132656
DEU,Incidence of low and high pay,LP_I,PT_EMP_FT,A,1996,23.067976643
DEU,Incidence of low and high pay,LP_I,PT_EMP_FT,A,1996,9.3973297352
DEU,Incidence of low and high pay,HP_I,PT_EMP_FT,A,1996,21.339656973
DEU,Incidence of low and high pay,LP_I,PT_EMP_FT,A,1997,14.10156837
DEU,Incidence of low and high pay,HP_I,PT_EMP_FT,A,1997,15.75038798
DEU,Incidence of low and high pay,HP_I,PT_EMP_FT,A,1997,5.0966766972
DEU,Incidence of low and high pay,LP_I,PT_EMP_FT,A,1997,24.265247335
DEU,Incidence of low and high pay,LP_I,PT_EMP_FT,A,1997,9.2977796136
DEU,Incidence of low and high pay,HP_I,PT_EMP_FT,A,1997,20.785786938
DEU,Incidence of low and high pay,LP_I,PT_EMP_FT,A,1998,15.211497965
DEU,Incidence of low and high pay,HP_I,PT_EMP_FT,A,1998,17.015208245
DEU,Incidence of low and high pay,HP_I,PT_EMP_FT,A,1998,7.4842434313
DEU,Incidence of low and high pay,LP_I,PT_EMP_FT,A,1998,25.671947885
DEU,Incidence of low and high pay,LP_I,PT_EMP_FT,A,1998,10.220480766
DEU,Incidence of low and high pay,HP_I,PT_EMP_FT,A,1998,21.562738195
DEU,Incidence of low and high pay,LP_I,PT_EMP_FT,A,1999,15.513608832
DEU,Incidence of low and high pay,HP_I,PT_EMP_FT,A,1999,17.270962187
DEU,Incidence of low and high pay,HP_I,PT_EMP_FT,A,1999,7.6904207886
DEU,Incidence of low and high pay,LP_I,PT_EMP_FT,A,1999,24.816569867
DEU,Incidence of low and high pay,LP_I,PT_EMP_FT,A,1999,11.017999839
DEU,Incidence of low and high pay,HP_I,PT_EMP_FT,A,1999,21.900710492
DEU,Incidence of low and high pay,LP_I,PT_EMP_FT,A,2000,15.649206349
DEU,Incidence of low and high pay,HP_I,PT_EMP_FT,A,2000,16.092836421
DEU,Incidence of low and high pay,HP_I,PT_EMP_FT,A,2000,6.7473258412
DEU,Incidence of low and high pay,LP_I,PT_EMP_FT,A,2000,25.92079681
DEU,Incidence of low and high pay,LP_I,PT_EMP_FT,A,2000,10.896383193
DEU,Incidence of low and high pay,HP_I,PT_EMP_FT,A,2000,20.417148149
DEU,Incidence of low and high pay,LP_I,PT_EMP_FT,A,2001,16.410454112
DEU,Incidence of low and high pay,HP_I,PT_EMP_FT,A,2001,15.927930872
DEU,Incidence of low and high pay,HP_I,PT_EMP_FT,A,2001,7.3098357626
DEU,Incidence of low and high pay,LP_I,PT_EMP_FT,A,2001,27.587330869
DEU,Incidence of low and high pay,LP_I,PT_EMP_FT,A,2001,11.115913729
DEU,Incidence of low and high pay,HP_I,PT_EMP_FT,A,2001,20.010364056
DEU,Incidence of low and high pay,LP_I,PT_EMP_FT,A,2002,17.329957802
DEU,Incidence of low and high pay,HP_I,PT_EMP_FT,A,2002,16.003238344
DEU,Incidence of low and high pay,HP_I,PT_EMP_FT,A,2002,7.7090629218
DEU,Incidence of low and high pay,LP_I,PT_EMP_FT,A,2002,28.626224452
DEU,Incidence of low and high pay,LP_I,PT_EMP_FT,A,2002,12.069580849
DEU,Incidence of low and high pay,HP_I,PT_EMP_FT,A,2002,19.865619659
DEU,Incidence of low and high pay,LP_I,PT_EMP_FT,A,2003,17.309779572
DEU,Incidence of low and high pay,HP_I,PT_EMP_FT,A,2003,15.943701314
DEU,Incidence of low and high pay,HP_I,PT_EMP_FT,A,2003,7.3694513529
DEU,Incidence of low and high pay,LP_I,PT_EMP_FT,A,2003,27.761261671
DEU,Incidence of low and high pay,LP_I,PT_EMP_FT,A,2003,12.362915697
DEU,Incidence of low and high pay,HP_I,PT_EMP_FT,A,2003,20.002039354
DEU,Incidence of low and high pay,LP_I,PT_EMP_FT,A,2004,17.573364973
DEU,Incidence of low and high pay,HP_I,PT_EMP_FT,A,2004,17.01584511
DEU,Incidence of low and high pay,HP_I,PT_EMP_FT,A,2004,7.8598990915
DEU,Incidence of low and high pay,LP_I,PT_EMP_FT,A,2004,28.976995977
DEU,Incidence of low and high pay,LP_I,PT_EMP_FT,A,2004,12.184025701
DEU,Incidence of low and high pay,HP_I,PT_EMP_FT,A,2004,21.342931758
DEU,Incidence of low and high pay,LP_I,PT_EMP_FT,A,2005,17.368725922
DEU,Incidence of low and high pay,HP_I,PT_EMP_FT,A,2005,16.281740917
DEU,Incidence of low and high pay,HP_I,PT_EMP_FT,A,2005,8.5414007645
DEU,Incidence of low and high pay,LP_I,PT_EMP_FT,A,2005,29.172172034
DEU,Incidence of low and high pay,LP_I,PT_EMP_FT,A,2005,11.855227575
DEU,Incidence of low and high pay,HP_I,PT_EMP_FT,A,2005,19.897325063
DEU,Incidence of low and high pay,LP_I,PT_EMP_FT,A,2006,18.235983769
DEU,Incidence of low and high pay,HP_I,PT_EMP_FT,A,2006,17.975565972
DEU,Incidence of low and high pay,HP_I,PT_EMP_FT,A,2006,10.013161668
DEU,Incidence of low and high pay,LP_I,PT_EMP_FT,A,2006,28.452427041
DEU,Incidence of low and high pay,LP_I,PT_EMP_FT,A,2006,13.494718872
DEU,Incidence of low and high pay,HP_I,PT_EMP_FT,A,2006,21.670772515
DEU,Incidence of low and high pay,LP_I,PT_EMP_FT,A,2007,17.721315431
DEU,Incidence of low and high pay,HP_I,PT_EMP_FT,A,2007,16.608397795
DEU,Incidence of low and high pay,HP_I,PT_EMP_FT,A,2007,7.6827332361
DEU,Incidence of low and high pay,LP_I,PT_EMP_FT,A,2007,27.636035634
DEU,Incidence of low and high pay,LP_I,PT_EMP_FT,A,2007,13.063836721
DEU,Incidence of low and high pay,HP_I,PT_EMP_FT,A,2007,20.801263737
DEU,Incidence of low and high pay,LP_I,PT_EMP_FT,A,2008,17.290333938
DEU,Incidence of low and high pay,HP_I,PT_EMP_FT,A,2008,17.244495201
DEU,Incidence of low and high pay,HP_I,PT_EMP_FT,A,2008,8.805631837
DEU,Incidence of low and high pay,LP_I,PT_EMP_FT,A,2008,26.101862771
DEU,Incidence of low and high pay,LP_I,PT_EMP_FT,A,2008,12.991359657
DEU,Incidence of low and high pay,HP_I,PT_EMP_FT,A,2008,21.361653218
DEU,Incidence of low and high pay,LP_I,PT_EMP_FT,A,2009,19.039059386
DEU,Incidence of low and high pay,HP_I,PT_EMP_FT,A,2009,16.911182015
DEU,Incidence of low and high pay,HP_I,PT_EMP_FT,A,2009,9.295429506
DEU,Incidence of low and high pay,LP_I,PT_EMP_FT,A,2009,28.436398992
DEU,Incidence of low and high pay,LP_I,PT_EMP_FT,A,2009,14.286512626
DEU,Incidence of low and high pay,HP_I,PT_EMP_FT,A,2009,20.762721006
DEU,Incidence of low and high pay,LP_I,PT_EMP_FT,A,2010,18.93096087
DEU,Incidence of low and high pay,HP_I,PT_EMP_FT,A,2010,17.185707873
DEU,Incidence of low and high pay,HP_I,PT_EMP_FT,A,2010,10.358646848
DEU,Incidence of low and high pay,LP_I,PT_EMP_FT,A,2010,27.181660686
DEU,Incidence of low and high pay,LP_I,PT_EMP_FT,A,2010,14.692484354
DEU,Incidence of low and high pay,HP_I,PT_EMP_FT,A,2010,20.692845265
DEU,Incidence of low and high pay,LP_I,PT_EMP_FT,A,2011,18.901569207
DEU,Incidence of low and high pay,HP_I,PT_EMP_FT,A,2011,18.78831367
DEU,Incidence of low and high pay,HP_I,PT_EMP_FT,A,2011,9.5322004312
DEU,Incidence of low and high pay,LP_I,PT_EMP_FT,A,2011,26.194444913
DEU,Incidence of low and high pay,LP_I,PT_EMP_FT,A,2011,15.215089473
DEU,Incidence of low and high pay,HP_I,PT_EMP_FT,A,2011,23.46719142
DEU,Incidence of low and high pay,LP_I,PT_EMP_FT,A,2012,19.10093322
DEU,Incidence of low and high pay,HP_I,PT_EMP_FT,A,2012,18.362454712
DEU,Incidence of low and high pay,HP_I,PT_EMP_FT,A,2012,9.4819523927
DEU,Incidence of low and high pay,LP_I,PT_EMP_FT,A,2012,26.982262101
DEU,Incidence of low and high pay,LP_I,PT_EMP_FT,A,2012,15.086012503
DEU,Incidence of low and high pay,HP_I,PT_EMP_FT,A,2012,22.886376156
DEU,Incidence of low and high pay,LP_I,PT_EMP_FT,A,2013,18.614740065
DEU,Incidence of low and high pay,HP_I,PT_EMP_FT,A,2013,18.91700617
DEU,Incidence of low and high pay,HP_I,PT_EMP_FT,A,2013,10.273450212
DEU,Incidence of low and high pay,LP_I,PT_EMP_FT,A,2013,25.104020022
DEU,Incidence of low and high pay,LP_I,PT_EMP_FT,A,2013,15.428211597
DEU,Incidence of low and high pay,HP_I,PT_EMP_FT,A,2013,23.161381095
DEU,Incidence of low and high pay,LP_I,PT_EMP_FT,A,2014,18.011811204
DEU,Incidence of low and high pay,HP_I,PT_EMP_FT,A,2014,18.711913223
DEU,Incidence of low and high pay,HP_I,PT_EMP_FT,A,2014,9.802549279
DEU,Incidence of low and high pay,LP_I,PT_EMP_FT,A,2014,25.747031221
DEU,Incidence of low and high pay,LP_I,PT_EMP_FT,A,2014,14.205114395
DEU,Incidence of low and high pay,HP_I,PT_EMP_FT,A,2014,23.096435864
DEU,Incidence of low and high pay,LP_I,PT_EMP_FT,A,2015,19.22987801
DEU,Incidence of low and high pay,HP_I,PT_EMP_FT,A,2015,20.057715065
DEU,Incidence of low and high pay,HP_I,PT_EMP_FT,A,2015,11.680719625
DEU,Incidence of low and high pay,LP_I,PT_EMP_FT,A,2015,26.219352841
DEU,Incidence of low and high pay,LP_I,PT_EMP_FT,A,2015,15.765734943
DEU,Incidence of low and high pay,HP_I,PT_EMP_FT,A,2015,24.209544977
DEU,Incidence of low and high pay,LP_I,PT_EMP_FT,A,2016,18.830444265
DEU,Incidence of low and high pay,HP_I,PT_EMP_FT,A,2016,18.33852664
DEU,Incidence of low and high pay,HP_I,PT_EMP_FT,A,2016,11.144056974
DEU,Incidence of low and high pay,LP_I,PT_EMP_FT,A,2016,26.382002507
DEU,Incidence of low and high pay,LP_I,PT_EMP_FT,A,2016,14.943436028
DEU,Incidence of low and high pay,HP_I,PT_EMP_FT,A,2016,22.041730928
DEU,Incidence of low and high pay,LP_I,PT_EMP_FT,A,2017,17.165991791
DEU,Incidence of low and high pay,HP_I,PT_EMP_FT,A,2017,19.150928367
DEU,Incidence of low and high pay,HP_I,PT_EMP_FT,A,2017,11.958581814
DEU,Incidence of low and high pay,LP_I,PT_EMP_FT,A,2017,22.463289567
DEU,Incidence of low and high pay,LP_I,PT_EMP_FT,A,2017,14.532298577
DEU,Incidence of low and high pay,HP_I,PT_EMP_FT,A,2017,22.726795745
DEU,Incidence of low and high pay,LP_I,PT_EMP_FT,A,2018,17.634435356
DEU,Incidence of low and high pay,HP_I,PT_EMP_FT,A,2018,18.982891955
DEU,Incidence of low and high pay,HP_I,PT_EMP_FT,A,2018,11.295937951
DEU,Incidence of low and high pay,LP_I,PT_EMP_FT,A,2018,24.618568884
DEU,Incidence of low and high pay,LP_I,PT_EMP_FT,A,2018,14.097549452
DEU,Incidence of low and high pay,HP_I,PT_EMP_FT,A,2018,22.875698294
DEU,Incidence of low and high pay,LP_I,PT_EMP_FT,A,2019,17.766070794
DEU,Incidence of low and high pay,HP_I,PT_EMP_FT,A,2019,17.767710775
DEU,Incidence of low and high pay,HP_I,PT_EMP_FT,A,2019,10.92232057
DEU,Incidence of low and high pay,LP_I,PT_EMP_FT,A,2019,23.549930437
DEU,Incidence of low and high pay,LP_I,PT_EMP_FT,A,2019,14.779528505
DEU,Incidence of low and high pay,HP_I,PT_EMP_FT,A,2019,21.29646996
DEU,Incidence of low and high pay,LP_I,PT_EMP_FT,A,2020,17.451741749
DEU,Incidence of low and high pay,HP_I,PT_EMP_FT,A,2020,17.952344411
DEU,Incidence of low and high pay,HP_I,PT_EMP_FT,A,2020,10.7225406
DEU,Incidence of low and high pay,LP_I,PT_EMP_FT,A,2020,22.946831869
DEU,Incidence of low and high pay,LP_I,PT_EMP_FT,A,2020,14.682849102
DEU,Incidence of low and high pay,HP_I,PT_EMP_FT,A,2020,21.591900313
DEU,Incidence of low and high pay,LP_I,PT_EMP_FT,A,2021,22.0215253
DEU,Incidence of low and high pay,LP_I,PT_EMP_FT,A,2021,16.234537999
DEU,Incidence of low and high pay,LP_I,PT_EMP_FT,A,2021,13.158840807
DEU,Incidence of low and high pay,HP_I,PT_EMP_FT,A,2021,21.529887088
DEU,Incidence of low and high pay,HP_I,PT_EMP_FT,A,2021,11.880937806
DEU,Incidence of low and high pay,HP_I,PT_EMP_FT,A,2021,18.181325348
DEU,Incidence of low and high pay,LP_I,PT_EMP_FT,A,2022,16.399492296
DEU,Incidence of low and high pay,LP_I,PT_EMP_FT,A,2022,21.785405049
DEU,Incidence of low and high pay,LP_I,PT_EMP_FT,A,2022,13.652078976
DEU,Incidence of low and high pay,HP_I,PT_EMP_FT,A,2022,22.556592837
DEU,Incidence of low and high pay,HP_I,PT_EMP_FT,A,2022,18.078607685
DEU,Incidence of low and high pay,HP_I,PT_EMP_FT,A,2022,9.3001551845
DEU,Incidence of low and high pay,LP_I,PT_EMP_FT,A,2023,20.477619782
DEU,Incidence of low and high pay,LP_I,PT_EMP_FT,A,2023,15.468742254
DEU,Incidence of low and high pay,LP_I,PT_EMP_FT,A,2023,12.931181906
DEU,Incidence of low and high pay,HP_I,PT_EMP_FT,A,2023,22.78528372
DEU,Incidence of low and high pay,HP_I,PT_EMP_FT,A,2023,9.6732895657
DEU,Incidence of low and high pay,HP_I,PT_EMP_FT,A,2023,18.402811421
DNK,Incidence of low and high pay,LP_I,PT_EMP_FT,A,2002,7.3612284977
DNK,Incidence of low and high pay,HP_I,PT_EMP_FT,A,2002,2.0916445104
DNK,Incidence of low and high pay,HP_I,PT_EMP_FT,A,2002,0.7936808934
DNK,Incidence of low and high pay,LP_I,PT_EMP_FT,A,2002,11.429418599
DNK,Incidence of low and high pay,LP_I,PT_EMP_FT,A,2002,5.0991436245
DNK,Incidence of low and high pay,HP_I,PT_EMP_FT,A,2002,2.8133668956
DNK,Incidence of low and high pay,LP_I,PT_EMP_FT,A,2003,7.4618161259
DNK,Incidence of low and high pay,HP_I,PT_EMP_FT,A,2003,2.0338205967
DNK,Incidence of low and high pay,HP_I,PT_EMP_FT,A,2003,0.7517273452
DNK,Incidence of low and high pay,LP_I,PT_EMP_FT,A,2003,11.316104172
DNK,Incidence of low and high pay,LP_I,PT_EMP_FT,A,2003,5.3165900313
DNK,Incidence of low and high pay,HP_I,PT_EMP_FT,A,2003,2.7474102054
DNK,Incidence of low and high pay,LP_I,PT_EMP_FT,A,2004,6.6795768888
DNK,Incidence of low and high pay,HP_I,PT_EMP_FT,A,2004,2.0872264613
DNK,Incidence of low and high pay,HP_I,PT_EMP_FT,A,2004,0.8493598782
DNK,Incidence of low and high pay,LP_I,PT_EMP_FT,A,2004,10.259244637
DNK,Incidence of low and high pay,LP_I,PT_EMP_FT,A,2004,4.7201653035
DNK,Incidence of low and high pay,HP_I,PT_EMP_FT,A,2004,2.7648005532
DNK,Incidence of low and high pay,LP_I,PT_EMP_FT,A,2005,6.4025518214
DNK,Incidence of low and high pay,HP_I,PT_EMP_FT,A,2005,2.5524879925
DNK,Incidence of low and high pay,HP_I,PT_EMP_FT,A,2005,1.0675733434
DNK,Incidence of low and high pay,LP_I,PT_EMP_FT,A,2005,9.635154721
DNK,Incidence of low and high pay,LP_I,PT_EMP_FT,A,2005,4.6944251049
DNK,Incidence of low and high pay,HP_I,PT_EMP_FT,A,2005,3.337125779
DNK,Incidence of low and high pay,LP_I,PT_EMP_FT,A,2006,7.5726129136
DNK,Incidence of low and high pay,HP_I,PT_EMP_FT,A,2006,2.5176802802
DNK,Incidence of low and high pay,HP_I,PT_EMP_FT,A,2006,1.0403187462
DNK,Incidence of low and high pay,LP_I,PT_EMP_FT,A,2006,11.486238422
DNK,Incidence of low and high pay,LP_I,PT_EMP_FT,A,2006,5.4855963578
DNK,Incidence of low and high pay,HP_I,PT_EMP_FT,A,2006,3.3055119146
DNK,Incidence of low and high pay,LP_I,PT_EMP_FT,A,2007,7.8392765911
DNK,Incidence of low and high pay,HP_I,PT_EMP_FT,A,2007,2.5171695495
DNK,Incidence of low and high pay,HP_I,PT_EMP_FT,A,2007,1.0405523381
DNK,Incidence of low and high pay,LP_I,PT_EMP_FT,A,2007,11.223824806
DNK,Incidence of low and high pay,LP_I,PT_EMP_FT,A,2007,6.0409667245
DNK,Incidence of low and high pay,HP_I,PT_EMP_FT,A,2007,3.3017396403
DNK,Incidence of low and high pay,LP_I,PT_EMP_FT,A,2008,7.888245723
DNK,Incidence of low and high pay,HP_I,PT_EMP_FT,A,2008,2.5273741887
DNK,Incidence of low and high pay,HP_I,PT_EMP_FT,A,2008,1.1328467315
DNK,Incidence of low and high pay,LP_I,PT_EMP_FT,A,2008,11.641560084
DNK,Incidence of low and high pay,LP_I,PT_EMP_FT,A,2008,5.8011488492
DNK,Incidence of low and high pay,HP_I,PT_EMP_FT,A,2008,3.3028258607
DNK,Incidence of low and high pay,LP_I,PT_EMP_FT,A,2009,7.2773244659
DNK,Incidence of low and high pay,HP_I,PT_EMP_FT,A,2009,2.3919062691
DNK,Incidence of low and high pay,HP_I,PT_EMP_FT,A,2009,1.0683108289
DNK,Incidence of low and high pay,LP_I,PT_EMP_FT,A,2009,11.060397415
DNK,Incidence of low and high pay,LP_I,PT_EMP_FT,A,2009,5.1750525452
DNK,Incidence of low and high pay,HP_I,PT_EMP_FT,A,2009,3.1274346518
DNK,Incidence of low and high pay,LP_I,PT_EMP_FT,A,2010,7.5777896707
DNK,Incidence of low and high pay,HP_I,PT_EMP_FT,A,2010,2.693649371
DNK,Incidence of low and high pay,HP_I,PT_EMP_FT,A,2010,1.3420934747
DNK,Incidence of low and high pay,LP_I,PT_EMP_FT,A,2010,11.223831566
DNK,Incidence of low and high pay,LP_I,PT_EMP_FT,A,2010,5.5282101559
DNK,Incidence of low and high pay,HP_I,PT_EMP_FT,A,2010,3.4534106018
DNK,Incidence of low and high pay,LP_I,PT_EMP_FT,A,2011,7.4913779875
DNK,Incidence of low and high pay,HP_I,PT_EMP_FT,A,2011,2.8066484986
DNK,Incidence of low and high pay,HP_I,PT_EMP_FT,A,2011,1.4569135623
DNK,Incidence of low and high pay,LP_I,PT_EMP_FT,A,2011,10.962470764
DNK,Incidence of low and high pay,LP_I,PT_EMP_FT,A,2011,5.57801806
DNK,Incidence of low and high pay,HP_I,PT_EMP_FT,A,2011,3.5506587875
DNK,Incidence of low and high pay,LP_I,PT_EMP_FT,A,2012,7.5725151737
DNK,Incidence of low and high pay,HP_I,PT_EMP_FT,A,2012,2.854549519
DNK,Incidence of low and high pay,HP_I,PT_EMP_FT,A,2012,1.4527845036
DNK,Incidence of low and high pay,LP_I,PT_EMP_FT,A,2012,10.957050315
DNK,Incidence of low and high pay,LP_I,PT_EMP_FT,A,2012,5.7141514737
DNK,Incidence of low and high pay,HP_I,PT_EMP_FT,A,2012,3.6242236727
DNK,Incidence of low and high pay,LP_I,PT_EMP_FT,A,2013,7.886259629
DNK,Incidence of low and high pay,HP_I,PT_EMP_FT,A,2013,2.9588130873
DNK,Incidence of low and high pay,HP_I,PT_EMP_FT,A,2013,1.5086114922
DNK,Incidence of low and high pay,LP_I,PT_EMP_FT,A,2013,11.391556165
DNK,Incidence of low and high pay,LP_I,PT_EMP_FT,A,2013,5.9470990481
DNK,Incidence of low and high pay,HP_I,PT_EMP_FT,A,2013,3.7610772435
DNK,Incidence of low and high pay,LP_I,PT_EMP_FT,A,2014,8.41933543
DNK,Incidence of low and high pay,HP_I,PT_EMP_FT,A,2014,2.784260692
DNK,Incidence of low and high pay,HP_I,PT_EMP_FT,A,2014,1.5100516194
DNK,Incidence of low and high pay,LP_I,PT_EMP_FT,A,2014,11.906862105
DNK,Incidence of low and high pay,LP_I,PT_EMP_FT,A,2014,6.5261509314
DNK,Incidence of low and high pay,HP_I,PT_EMP_FT,A,2014,3.4759580147
DNK,Incidence of low and high pay,LP_I,PT_EMP_FT,A,2015,8.2366633555
DNK,Incidence of low and high pay,HP_I,PT_EMP_FT,A,2015,2.8900387386
DNK,Incidence of low and high pay,HP_I,PT_EMP_FT,A,2015,1.6683224075
DNK,Incidence of low and high pay,LP_I,PT_EMP_FT,A,2015,11.347008041
DNK,Incidence of low and high pay,LP_I,PT_EMP_FT,A,2015,6.5566043121
DNK,Incidence of low and high pay,HP_I,PT_EMP_FT,A,2015,3.5499513136
DNK,Incidence of low and high pay,LP_I,PT_EMP_FT,A,2016,8.2325826752
DNK,Incidence of low and high pay,HP_I,PT_EMP_FT,A,2016,2.9164322685
DNK,Incidence of low and high pay,HP_I,PT_EMP_FT,A,2016,1.7728326222
DNK,Incidence of low and high pay,LP_I,PT_EMP_FT,A,2016,11.469153222
DNK,Incidence of low and high pay,LP_I,PT_EMP_FT,A,2016,6.5390591179
DNK,Incidence of low and high pay,HP_I,PT_EMP_FT,A,2016,3.5148165499
DNK,Incidence of low and high pay,LP_I,PT_EMP_FT,A,2017,8.5194499508
DNK,Incidence of low and high pay,HP_I,PT_EMP_FT,A,2017,2.770450637
DNK,Incidence of low and high pay,HP_I,PT_EMP_FT,A,2017,1.6952278157
DNK,Incidence of low and high pay,LP_I,PT_EMP_FT,A,2017,11.912155144
DNK,Incidence of low and high pay,LP_I,PT_EMP_FT,A,2017,6.7456243832
DNK,Incidence of low and high pay,HP_I,PT_EMP_FT,A,2017,3.3326149344
DNK,Incidence of low and high pay,LP_I,PT_EMP_FT,A,2018,8.7252921689
DNK,Incidence of low and high pay,HP_I,PT_EMP_FT,A,2018,2.8289117854
DNK,Incidence of low and high pay,HP_I,PT_EMP_FT,A,2018,1.7757586637
DNK,Incidence of low and high pay,LP_I,PT_EMP_FT,A,2018,11.805746204
DNK,Incidence of low and high pay,LP_I,PT_EMP_FT,A,2018,7.123810674
DNK,Incidence of low and high pay,HP_I,PT_EMP_FT,A,2018,3.3764301761
DNK,Incidence of low and high pay,LP_I,PT_EMP_FT,A,2021,9.54
DNK,Incidence of low and high pay,LP_I,PT_EMP_FT,A,2021,12.6
DNK,Incidence of low and high pay,LP_I,PT_EMP_FT,A,2021,7.88
DNK,Incidence of low and high pay,HP_I,PT_EMP_FT,A,2021,2.64
DNK,Incidence of low and high pay,HP_I,PT_EMP_FT,A,2021,1.73
DNK,Incidence of low and high pay,HP_I,PT_EMP_FT,A,2021,3.13
DNK,Incidence of low and high pay,LP_I,PT_EMP_FT,A,2022,9.772328657
DNK,Incidence of low and high pay,HP_I,PT_EMP_FT,A,2022,2.5191490454
DNK,Incidence of low and high pay,HP_I,PT_EMP_FT,A,2022,1.7218516117
DNK,Incidence of low and high pay,LP_I,PT_EMP_FT,A,2022,12.857184811
DNK,Incidence of low and high pay,LP_I,PT_EMP_FT,A,2022,8.0744430325
DNK,Incidence of low and high pay,HP_I,PT_EMP_FT,A,2022,2.9579765898
ESP,Incidence of low and high pay,LP_I,PT_EMP_FT,A,2002,13.333333333
ESP,Incidence of low and high pay,HP_I,PT_EMP_FT,A,2002,25.999678254
ESP,Incidence of low and high pay,HP_I,PT_EMP_FT,A,2002,17.999122261
ESP,Incidence of low and high pay,HP_I,PT_EMP_FT,A,2002,28.999933205
ESP,Incidence of low and high pay,LP_I,PT_EMP_FT,A,2002,22.2
ESP,Incidence of low and high pay,LP_I,PT_EMP_FT,A,2002,9
ESP,Incidence of low and high pay,LP_I,PT_EMP_FT,A,2006,10.111111111
ESP,Incidence of low and high pay,HP_I,PT_EMP_FT,A,2006,24.999189262
ESP,Incidence of low and high pay,HP_I,PT_EMP_FT,A,2006,18.998688791
ESP,Incidence of low and high pay,LP_I,PT_EMP_FT,A,2006,16.878787879
ESP,Incidence of low and high pay,LP_I,PT_EMP_FT,A,2006,6.5079365079
ESP,Incidence of low and high pay,HP_I,PT_EMP_FT,A,2006,27.999909853
ESP,Incidence of low and high pay,LP_I,PT_EMP_FT,A,2010,10.611111111
ESP,Incidence of low and high pay,HP_I,PT_EMP_FT,A,2010,24.999879844
ESP,Incidence of low and high pay,LP_I,PT_EMP_FT,A,2010,15.857142857
ESP,Incidence of low and high pay,LP_I,PT_EMP_FT,A,2010,7.1363636364
ESP,Incidence of low and high pay,HP_I,PT_EMP_FT,A,2010,28.999429515
ESP,Incidence of low and high pay,HP_I,PT_EMP_FT,A,2010,20
ESP,Incidence of low and high pay,LP_I,PT_EMP_FT,A,2014,9.9666666667
ESP,Incidence of low and high pay,HP_I,PT_EMP_FT,A,2014,25.999875898
ESP,Incidence of low and high pay,HP_I,PT_EMP_FT,A,2014,21.998354499
ESP,Incidence of low and high pay,LP_I,PT_EMP_FT,A,2014,14.083333333
ESP,Incidence of low and high pay,LP_I,PT_EMP_FT,A,2014,7.0533333333
ESP,Incidence of low and high pay,HP_I,PT_EMP_FT,A,2014,28.999906164
ESP,Incidence of low and high pay,LP_I,PT_EMP_FT,A,2018,10.825396825
ESP,Incidence of low and high pay,HP_I,PT_EMP_FT,A,2018,25.999873868
ESP,Incidence of low and high pay,HP_I,PT_EMP_FT,A,2018,22.999489896
ESP,Incidence of low and high pay,LP_I,PT_EMP_FT,A,2018,15.020833333
ESP,Incidence of low and high pay,LP_I,PT_EMP_FT,A,2018,7.8271604938
ESP,Incidence of low and high pay,HP_I,PT_EMP_FT,A,2018,27.999877231
ESP,Incidence of low and high pay,LP_I,PT_EMP_FT,A,2022,7.4604152406
ESP,Incidence of low and high pay,LP_I,PT_EMP_FT,A,2022,10.359687193
ESP,Incidence of low and high pay,HP_I,PT_EMP_FT,A,2022,26.705407274
ESP,Incidence of low and high pay,HP_I,PT_EMP_FT,A,2022,28.601501389
ESP,Incidence of low and high pay,LP_I,PT_EMP_FT,A,2022,14.456341782
ESP,Incidence of low and high pay,HP_I,PT_EMP_FT,A,2022,24.005266397
ESP,Incidence of low and high pay,LP_I,PT_EMP_FT,A,2023,6.3985840401
ESP,Incidence of low and high pay,LP_I,PT_EMP_FT,A,2023,8.8568394481
ESP,Incidence of low and high pay,HP_I,PT_EMP_FT,A,2023,26.162203856
ESP,Incidence of low and high pay,HP_I,PT_EMP_FT,A,2023,27.836827748
ESP,Incidence of low and high pay,LP_I,PT_EMP_FT,A,2023,12.419188126
ESP,Incidence of low and high pay,HP_I,PT_EMP_FT,A,2023,23.153208205
EST,Incidence of low and high pay,LP_I,PT_EMP_FT,A,2002,24.297052154
EST,Incidence of low and high pay,HP_I,PT_EMP_FT,A,2002,25.999611259
EST,Incidence of low and high pay,HP_I,PT_EMP_FT,A,2002,16.999500335
EST,Incidence of low and high pay,LP_I,PT_EMP_FT,A,2002,31.486163522
EST,Incidence of low and high pay,LP_I,PT_EMP_FT,A,2002,18.587886489
EST,Incidence of low and high pay,HP_I,PT_EMP_FT,A,2002,32.999793948
EST,Incidence of low and high pay,LP_I,PT_EMP_FT,A,2006,20.791666667
EST,Incidence of low and high pay,HP_I,PT_EMP_FT,A,2006,24.99988602
EST,Incidence of low and high pay,HP_I,PT_EMP_FT,A,2006,14.999566584
EST,Incidence of low and high pay,LP_I,PT_EMP_FT,A,2006,27.555555556
EST,Incidence of low and high pay,LP_I,PT_EMP_FT,A,2006,13.133333333
EST,Incidence of low and high pay,HP_I,PT_EMP_FT,A,2006,36.999430362
EST,Incidence of low and high pay,LP_I,PT_EMP_FT,A,2010,21.444444444
EST,Incidence of low and high pay,HP_I,PT_EMP_FT,A,2010,24.999404978
EST,Incidence of low and high pay,HP_I,PT_EMP_FT,A,2010,15.997393484
EST,Incidence of low and high pay,LP_I,PT_EMP_FT,A,2010,28.142857143
EST,Incidence of low and high pay,HP_I,PT_EMP_FT,A,2010,34.999933851
EST,Incidence of low and high pay,LP_I,PT_EMP_FT,A,2010,13.5
EST,Incidence of low and high pay,LP_I,PT_EMP_FT,A,2014,20.428571429
EST,Incidence of low and high pay,HP_I,PT_EMP_FT,A,2014,22.999761995
EST,Incidence of low and high pay,HP_I,PT_EMP_FT,A,2014,13.998335086
EST,Incidence of low and high pay,LP_I,PT_EMP_FT,A,2014,11.956521739
EST,Incidence of low and high pay,HP_I,PT_EMP_FT,A,2014,33.99998413
EST,Incidence of low and high pay,LP_I,PT_EMP_FT,A,2014,27.5
EST,Incidence of low and high pay,LP_I,PT_EMP_FT,A,2018,19.708333333
EST,Incidence of low and high pay,HP_I,PT_EMP_FT,A,2018,20.998887363
EST,Incidence of low and high pay,HP_I,PT_EMP_FT,A,2018,12.998840072
EST,Incidence of low and high pay,LP_I,PT_EMP_FT,A,2018,25.575757576
EST,Incidence of low and high pay,LP_I,PT_EMP_FT,A,2018,13.025641026
EST,Incidence of low and high pay,HP_I,PT_EMP_FT,A,2018,29.998780791
EST,Incidence of low and high pay,LP_I,PT_EMP_FT,A,2022,12.343982969
EST,Incidence of low and high pay,LP_I,PT_EMP_FT,A,2022,19.472379791
EST,Incidence of low and high pay,HP_I,PT_EMP_FT,A,2022,30.271357929
EST,Incidence of low and high pay,HP_I,PT_EMP_FT,A,2022,20.97869892
EST,Incidence of low and high pay,LP_I,PT_EMP_FT,A,2022,26.074958206
EST,Incidence of low and high pay,HP_I,PT_EMP_FT,A,2022,12.812640654
EST,Incidence of low and high pay,LP_I,PT_EMP_FT,A,2023,12.051220354
EST,Incidence of low and high pay,LP_I,PT_EMP_FT,A,2023,18.261672933
EST,Incidence of low and high pay,HP_I,PT_EMP_FT,A,2023,29.257666909
EST,Incidence of low and high pay,HP_I,PT_EMP_FT,A,2023,20.416965597
EST,Incidence of low and high pay,LP_I,PT_EMP_FT,A,2023,26.179177322
EST,Incidence of low and high pay,HP_I,PT_EMP_FT,A,2023,12.314090649
EU19OECD,Incidence of low and high pay,LP_I,PT_EMP_FT,A,1995,16.1852520622286
EU19OECD,Incidence of low and high pay,LP_I,PT_EMP_FT,A,1995,22.7187143078571
EU19OECD,Incidence of low and high pay,LP_I,PT_EMP_FT,A,1995,12.2523352442357
EU19OECD,Incidence of low and high pay,HP_I,PT_EMP_FT,A,1995,27.4108656702857
EU19OECD,Incidence of low and high pay,HP_I,PT_EMP_FT,A,1995,15.8377962551714
EU19OECD,Incidence of low and high pay,HP_I,PT_EMP_FT,A,1995,23.2838382548571
EU19OECD,Incidence of low and high pay,LP_I,PT_EMP_FT,A,1996,16.2010264295143
EU19OECD,Incidence of low and high pay,LP_I,PT_EMP_FT,A,1996,22.6634057855
EU19OECD,Incidence of low and high pay,LP_I,PT_EMP_FT,A,1996,12.2995410035786
EU19OECD,Incidence of low and high pay,HP_I,PT_EMP_FT,A,1996,27.3948874473571
EU19OECD,Incidence of low and high pay,HP_I,PT_EMP_FT,A,1996,23.278158598
EU19OECD,Incidence of low and high pay,HP_I,PT_EMP_FT,A,1996,15.8583991602143
EU19OECD,Incidence of low and high pay,LP_I,PT_EMP_FT,A,1997,16.2242586550857
EU19OECD,Incidence of low and high pay,LP_I,PT_EMP_FT,A,1997,22.7489251206429
EU19OECD,Incidence of low and high pay,LP_I,PT_EMP_FT,A,1997,12.2924302806071
EU19OECD,Incidence of low and high pay,HP_I,PT_EMP_FT,A,1997,27.355325302
EU19OECD,Incidence of low and high pay,HP_I,PT_EMP_FT,A,1997,15.7506394053286
EU19OECD,Incidence of low and high pay,HP_I,PT_EMP_FT,A,1997,23.2160473336429
EU19OECD,Incidence of low and high pay,LP_I,PT_EMP_FT,A,1998,16.3035393404429
EU19OECD,Incidence of low and high pay,LP_I,PT_EMP_FT,A,1998,22.8494037313571
EU19OECD,Incidence of low and high pay,LP_I,PT_EMP_FT,A,1998,12.3583375057786
EU19OECD,Incidence of low and high pay,HP_I,PT_EMP_FT,A,1998,27.4108218203571
EU19OECD,Incidence of low and high pay,HP_I,PT_EMP_FT,A,1998,23.3063916382857
EU19OECD,Incidence of low and high pay,HP_I,PT_EMP_FT,A,1998,15.9211798863357
EU19OECD,Incidence of low and high pay,LP_I,PT_EMP_FT,A,1999,16.3251186880857
EU19OECD,Incidence of low and high pay,LP_I,PT_EMP_FT,A,1999,22.7883053015
EU19OECD,Incidence of low and high pay,LP_I,PT_EMP_FT,A,1999,12.41530315385
EU19OECD,Incidence of low and high pay,HP_I,PT_EMP_FT,A,1999,27.4349626987143
EU19OECD,Incidence of low and high pay,HP_I,PT_EMP_FT,A,1999,15.9359068404286
EU19OECD,Incidence of low and high pay,HP_I,PT_EMP_FT,A,1999,23.324659777
EU19OECD,Incidence of low and high pay,LP_I,PT_EMP_FT,A,2000,16.3348042250143
EU19OECD,Incidence of low and high pay,LP_I,PT_EMP_FT,A,2000,22.8671786545714
EU19OECD,Incidence of low and high pay,LP_I,PT_EMP_FT,A,2000,12.4066162505643
EU19OECD,Incidence of low and high pay,HP_I,PT_EMP_FT,A,2000,27.407646077
EU19OECD,Incidence of low and high pay,HP_I,PT_EMP_FT,A,2000,23.3120193734286
EU19OECD,Incidence of low and high pay,HP_I,PT_EMP_FT,A,2000,15.9186215027571
EU19OECD,Incidence of low and high pay,LP_I,PT_EMP_FT,A,2001,15.6035097411333
EU19OECD,Incidence of low and high pay,LP_I,PT_EMP_FT,A,2001,22.0858671363467
EU19OECD,Incidence of low and high pay,LP_I,PT_EMP_FT,A,2001,11.90108648318
EU19OECD,Incidence of low and high pay,HP_I,PT_EMP_FT,A,2001,27.0928746535333
EU19OECD,Incidence of low and high pay,HP_I,PT_EMP_FT,A,2001,15.3325245980867
EU19OECD,Incidence of low and high pay,HP_I,PT_EMP_FT,A,2001,22.7639877498
EU19OECD,Incidence of low and high pay,LP_I,PT_EMP_FT,A,2002,15.7103928998059
EU19OECD,Incidence of low and high pay,LP_I,PT_EMP_FT,A,2002,22.3774912368824
EU19OECD,Incidence of low and high pay,LP_I,PT_EMP_FT,A,2002,11.6623294489706
EU19OECD,Incidence of low and high pay,HP_I,PT_EMP_FT,A,2002,27.0709685051176
EU19OECD,Incidence of low and high pay,HP_I,PT_EMP_FT,A,2002,22.6665415191765
EU19OECD,Incidence of low and high pay,HP_I,PT_EMP_FT,A,2002,15.0903295521353
EU19OECD,Incidence of low and high pay,LP_I,PT_EMP_FT,A,2003,15.7907496072495
EU19OECD,Incidence of low and high pay,LP_I,PT_EMP_FT,A,2003,22.1634602623257
EU19OECD,Incidence of low and high pay,LP_I,PT_EMP_FT,A,2003,11.6545188993611
EU19OECD,Incidence of low and high pay,HP_I,PT_EMP_FT,A,2003,27.0496637075536
EU19OECD,Incidence of low and high pay,HP_I,PT_EMP_FT,A,2003,15.0950960714468
EU19OECD,Incidence of low and high pay,HP_I,PT_EMP_FT,A,2003,22.5545510348987
EU19OECD,Incidence of low and high pay,LP_I,PT_EMP_FT,A,2004,15.3985937804782
EU19OECD,Incidence of low and high pay,LP_I,PT_EMP_FT,A,2004,21.7020377017376
EU19OECD,Incidence of low and high pay,LP_I,PT_EMP_FT,A,2004,11.3485850543737
EU19OECD,Incidence of low and high pay,HP_I,PT_EMP_FT,A,2004,26.8925627172251
EU19OECD,Incidence of low and high pay,HP_I,PT_EMP_FT,A,2004,22.4172275474005
EU19OECD,Incidence of low and high pay,HP_I,PT_EMP_FT,A,2004,15.2495174101499
EU19OECD,Incidence of low and high pay,LP_I,PT_EMP_FT,A,2005,15.5241723508959
EU19OECD,Incidence of low and high pay,LP_I,PT_EMP_FT,A,2005,21.5919739645752
EU19OECD,Incidence of low and high pay,LP_I,PT_EMP_FT,A,2005,11.4038998691768
EU19OECD,Incidence of low and high pay,HP_I,PT_EMP_FT,A,2005,26.7853885562025
EU19OECD,Incidence of low and high pay,HP_I,PT_EMP_FT,A,2005,15.4878534950536
EU19OECD,Incidence of low and high pay,HP_I,PT_EMP_FT,A,2005,22.3252982758374
EU19OECD,Incidence of low and high pay,LP_I,PT_EMP_FT,A,2006,15.7412244225833
EU19OECD,Incidence of low and high pay,LP_I,PT_EMP_FT,A,2006,21.4959248570611
EU19OECD,Incidence of low and high pay,LP_I,PT_EMP_FT,A,2006,11.7423846362611
EU19OECD,Incidence of low and high pay,HP_I,PT_EMP_FT,A,2006,26.6691948358824
EU19OECD,Incidence of low and high pay,HP_I,PT_EMP_FT,A,2006,22.2373893676471
EU19OECD,Incidence of low and high pay,HP_I,PT_EMP_FT,A,2006,15.7784070310824
EU19OECD,Incidence of low and high pay,LP_I,PT_EMP_FT,A,2007,15.4076396459921
EU19OECD,Incidence of low and high pay,LP_I,PT_EMP_FT,A,2007,20.9474361805679
EU19OECD,Incidence of low and high pay,LP_I,PT_EMP_FT,A,2007,11.5076239416316
EU19OECD,Incidence of low and high pay,HP_I,PT_EMP_FT,A,2007,26.679602580202
EU19OECD,Incidence of low and high pay,HP_I,PT_EMP_FT,A,2007,15.9060045125202
EU19OECD,Incidence of low and high pay,HP_I,PT_EMP_FT,A,2007,22.249133119919
EU19OECD,Incidence of low and high pay,LP_I,PT_EMP_FT,A,2008,15.0749518830761
EU19OECD,Incidence of low and high pay,LP_I,PT_EMP_FT,A,2008,20.2688359614279
EU19OECD,Incidence of low and high pay,LP_I,PT_EMP_FT,A,2008,11.330378215083
EU19OECD,Incidence of low and high pay,HP_I,PT_EMP_FT,A,2008,26.7884254263623
EU19OECD,Incidence of low and high pay,HP_I,PT_EMP_FT,A,2008,22.3917465742538
EU19OECD,Incidence of low and high pay,HP_I,PT_EMP_FT,A,2008,16.2400786215159
EU19OECD,Incidence of low and high pay,LP_I,PT_EMP_FT,A,2009,14.9543218949507
EU19OECD,Incidence of low and high pay,LP_I,PT_EMP_FT,A,2009,19.8269648032037
EU19OECD,Incidence of low and high pay,LP_I,PT_EMP_FT,A,2009,11.3204292918896
EU19OECD,Incidence of low and high pay,HP_I,PT_EMP_FT,A,2009,26.9204738678539
EU19OECD,Incidence of low and high pay,HP_I,PT_EMP_FT,A,2009,16.6782071658896
EU19OECD,Incidence of low and high pay,HP_I,PT_EMP_FT,A,2009,22.567499354076
EU19OECD,Incidence of low and high pay,LP_I,PT_EMP_FT,A,2010,14.7436146217444
EU19OECD,Incidence of low and high pay,LP_I,PT_EMP_FT,A,2010,19.2979310943222
EU19OECD,Incidence of low and high pay,LP_I,PT_EMP_FT,A,2010,11.3304070507611
EU19OECD,Incidence of low and high pay,HP_I,PT_EMP_FT,A,2010,27.1194239301176
EU19OECD,Incidence of low and high pay,HP_I,PT_EMP_FT,A,2010,22.8337148242941
EU19OECD,Incidence of low and high pay,HP_I,PT_EMP_FT,A,2010,17.1525094945235
EU19OECD,Incidence of low and high pay,LP_I,PT_EMP_FT,A,2011,14.6510258301813
EU19OECD,Incidence of low and high pay,LP_I,PT_EMP_FT,A,2011,19.7288739676795
EU19OECD,Incidence of low and high pay,LP_I,PT_EMP_FT,A,2011,11.2776848716138
EU19OECD,Incidence of low and high pay,HP_I,PT_EMP_FT,A,2011,27.3004909099851
EU19OECD,Incidence of low and high pay,HP_I,PT_EMP_FT,A,2011,17.1658677291711
EU19OECD,Incidence of low and high pay,HP_I,PT_EMP_FT,A,2011,22.9559348996718
EU19OECD,Incidence of low and high pay,LP_I,PT_EMP_FT,A,2012,14.4469487129551
EU19OECD,Incidence of low and high pay,LP_I,PT_EMP_FT,A,2012,19.5502078121363
EU19OECD,Incidence of low and high pay,LP_I,PT_EMP_FT,A,2012,11.2200382031218
EU19OECD,Incidence of low and high pay,HP_I,PT_EMP_FT,A,2012,27.2605466181914
EU19OECD,Incidence of low and high pay,HP_I,PT_EMP_FT,A,2012,22.8945184956833
EU19OECD,Incidence of low and high pay,HP_I,PT_EMP_FT,A,2012,17.1221847260769
EU19OECD,Incidence of low and high pay,LP_I,PT_EMP_FT,A,2013,14.2414867656108
EU19OECD,Incidence of low and high pay,LP_I,PT_EMP_FT,A,2013,18.9014761333698
EU19OECD,Incidence of low and high pay,LP_I,PT_EMP_FT,A,2013,11.1502551107089
EU19OECD,Incidence of low and high pay,HP_I,PT_EMP_FT,A,2013,27.3167860041793
EU19OECD,Incidence of low and high pay,HP_I,PT_EMP_FT,A,2013,17.1644409029798
EU19OECD,Incidence of low and high pay,HP_I,PT_EMP_FT,A,2013,22.9340534130511
EU19OECD,Incidence of low and high pay,LP_I,PT_EMP_FT,A,2014,13.97415372495
EU19OECD,Incidence of low and high pay,LP_I,PT_EMP_FT,A,2014,18.5621774021588
EU19OECD,Incidence of low and high pay,LP_I,PT_EMP_FT,A,2014,10.9206433284667
EU19OECD,Incidence of low and high pay,HP_I,PT_EMP_FT,A,2014,27.3765534964118
EU19OECD,Incidence of low and high pay,HP_I,PT_EMP_FT,A,2014,22.93798789
EU19OECD,Incidence of low and high pay,HP_I,PT_EMP_FT,A,2014,17.1160502582765
EU19OECD,Incidence of low and high pay,LP_I,PT_EMP_FT,A,2015,13.8453973275965
EU19OECD,Incidence of low and high pay,LP_I,PT_EMP_FT,A,2015,18.649763257485
EU19OECD,Incidence of low and high pay,LP_I,PT_EMP_FT,A,2015,11.0357580422807
EU19OECD,Incidence of low and high pay,HP_I,PT_EMP_FT,A,2015,27.2987437517247
EU19OECD,Incidence of low and high pay,HP_I,PT_EMP_FT,A,2015,17.3441706500786
EU19OECD,Incidence of low and high pay,HP_I,PT_EMP_FT,A,2015,22.9997717325756
EU19OECD,Incidence of low and high pay,LP_I,PT_EMP_FT,A,2016,13.6029759471398
EU19OECD,Incidence of low and high pay,LP_I,PT_EMP_FT,A,2016,18.4130589155098
EU19OECD,Incidence of low and high pay,LP_I,PT_EMP_FT,A,2016,10.8313235847639
EU19OECD,Incidence of low and high pay,HP_I,PT_EMP_FT,A,2016,26.9559292210523
EU19OECD,Incidence of low and high pay,HP_I,PT_EMP_FT,A,2016,22.8193635810506
EU19OECD,Incidence of low and high pay,HP_I,PT_EMP_FT,A,2016,17.4695792029936
EU19OECD,Incidence of low and high pay,LP_I,PT_EMP_FT,A,2017,13.4436221831286
EU19OECD,Incidence of low and high pay,LP_I,PT_EMP_FT,A,2017,18.3098061764248
EU19OECD,Incidence of low and high pay,LP_I,PT_EMP_FT,A,2017,10.7524553225807
EU19OECD,Incidence of low and high pay,HP_I,PT_EMP_FT,A,2017,26.8669381843033
EU19OECD,Incidence of low and high pay,HP_I,PT_EMP_FT,A,2017,17.7235708250176
EU19OECD,Incidence of low and high pay,HP_I,PT_EMP_FT,A,2017,22.8251288423941
EU19OECD,Incidence of low and high pay,LP_I,PT_EMP_FT,A,2018,13.5761721064222
EU19OECD,Incidence of low and high pay,LP_I,PT_EMP_FT,A,2018,18.6808744424188
EU19OECD,Incidence of low and high pay,LP_I,PT_EMP_FT,A,2018,10.8878029793778
EU19OECD,Incidence of low and high pay,HP_I,PT_EMP_FT,A,2018,26.6652769958235
EU19OECD,Incidence of low and high pay,HP_I,PT_EMP_FT,A,2018,22.6258078373529
EU19OECD,Incidence of low and high pay,HP_I,PT_EMP_FT,A,2018,17.6551413311765
EU19OECD,Incidence of low and high pay,LP_I,PT_EMP_FT,A,2019,13.0079188349739
EU19OECD,Incidence of low and high pay,LP_I,PT_EMP_FT,A,2019,18.642914445264
EU19OECD,Incidence of low and high pay,LP_I,PT_EMP_FT,A,2019,11.340095139757
EU19OECD,Incidence of low and high pay,HP_I,PT_EMP_FT,A,2019,25.9891052342614
EU19OECD,Incidence of low and high pay,HP_I,PT_EMP_FT,A,2019,17.9529346351318
EU19OECD,Incidence of low and high pay,HP_I,PT_EMP_FT,A,2019,23.6417366707972
EU19OECD,Incidence of low and high pay,LP_I,PT_EMP_FT,A,2020,12.6450433682803
EU19OECD,Incidence of low and high pay,LP_I,PT_EMP_FT,A,2020,18.8759979695361
EU19OECD,Incidence of low and high pay,LP_I,PT_EMP_FT,A,2020,12.1950691302415
EU19OECD,Incidence of low and high pay,HP_I,PT_EMP_FT,A,2020,25.6317965157285
EU19OECD,Incidence of low and high pay,HP_I,PT_EMP_FT,A,2020,25.2821524814065
EU19OECD,Incidence of low and high pay,HP_I,PT_EMP_FT,A,2020,18.7109090111817
EU19OECD,Incidence of low and high pay,LP_I,PT_EMP_FT,A,2021,11.6572838052689
EU19OECD,Incidence of low and high pay,LP_I,PT_EMP_FT,A,2021,18.171708473472
EU19OECD,Incidence of low and high pay,LP_I,PT_EMP_FT,A,2021,12.3516487026008
EU19OECD,Incidence of low and high pay,HP_I,PT_EMP_FT,A,2021,24.9905768470085
EU19OECD,Incidence of low and high pay,HP_I,PT_EMP_FT,A,2021,18.5692298366112
EU19OECD,Incidence of low and high pay,HP_I,PT_EMP_FT,A,2021,26.0213485660515
EU19OECD,Incidence of low and high pay,LP_I,PT_EMP_FT,A,2022,11.2084826332333
EU19OECD,Incidence of low and high pay,LP_I,PT_EMP_FT,A,2022,17.9156526215882
EU19OECD,Incidence of low and high pay,LP_I,PT_EMP_FT,A,2022,12.6356635997056
EU19OECD,Incidence of low and high pay,HP_I,PT_EMP_FT,A,2022,24.5356578346471
EU19OECD,Incidence of low and high pay,HP_I,PT_EMP_FT,A,2022,27.2935317890588
EU19OECD,Incidence of low and high pay,HP_I,PT_EMP_FT,A,2022,18.7085127660882
EU19OECD,Incidence of low and high pay,LP_I,PT_EMP_FT,A,2023,11.1769703694833
EU19OECD,Incidence of low and high pay,LP_I,PT_EMP_FT,A,2023,18.0159221672353
EU19OECD,Incidence of low and high pay,LP_I,PT_EMP_FT,A,2023,12.1557442324722
EU19OECD,Incidence of low and high pay,HP_I,PT_EMP_FT,A,2023,24.1763258575882
EU19OECD,Incidence of low and high pay,HP_I,PT_EMP_FT,A,2023,18.4904252364647
EU19OECD,Incidence of low and high pay,HP_I,PT_EMP_FT,A,2023,26.8285158545294
EU27,Incidence of low and high pay,LP_I,PT_EMP_FT,A,1995,11.9814350564333
EU27,Incidence of low and high pay,LP_I,PT_EMP_FT,A,1995,15.9570566221056
EU27,Incidence of low and high pay,LP_I,PT_EMP_FT,A,1995,21.982971589
EU27,Incidence of low and high pay,HP_I,PT_EMP_FT,A,1995,25.77103241864
EU27,Incidence of low and high pay,HP_I,PT_EMP_FT,A,1995,21.87102533856
EU27,Incidence of low and high pay,HP_I,PT_EMP_FT,A,1995,14.8348552310533
EU27,Incidence of low and high pay,LP_I,PT_EMP_FT,A,1996,12.0772085469222
EU27,Incidence of low and high pay,LP_I,PT_EMP_FT,A,1996,22.0815149141667
EU27,Incidence of low and high pay,LP_I,PT_EMP_FT,A,1996,16.0822892376056
EU27,Incidence of low and high pay,HP_I,PT_EMP_FT,A,1996,25.7561194105733
EU27,Incidence of low and high pay,HP_I,PT_EMP_FT,A,1996,14.8540846090933
EU27,Incidence of low and high pay,HP_I,PT_EMP_FT,A,1996,21.8657243254933
EU27,Incidence of low and high pay,LP_I,PT_EMP_FT,A,1997,12.2071071806419
EU27,Incidence of low and high pay,LP_I,PT_EMP_FT,A,1997,16.1627160041623
EU27,Incidence of low and high pay,LP_I,PT_EMP_FT,A,1997,22.0592993827886
EU27,Incidence of low and high pay,HP_I,PT_EMP_FT,A,1997,25.7191947415733
EU27,Incidence of low and high pay,HP_I,PT_EMP_FT,A,1997,21.8077538120933
EU27,Incidence of low and high pay,HP_I,PT_EMP_FT,A,1997,14.7535088378667
EU27,Incidence of low and high pay,LP_I,PT_EMP_FT,A,1998,12.2627462829189
EU27,Incidence of low and high pay,LP_I,PT_EMP_FT,A,1998,22.2084555188076
EU27,Incidence of low and high pay,LP_I,PT_EMP_FT,A,1998,16.2620702101421
EU27,Incidence of low and high pay,HP_I,PT_EMP_FT,A,1998,25.77099149204
EU27,Incidence of low and high pay,HP_I,PT_EMP_FT,A,1998,14.9126799534733
EU27,Incidence of low and high pay,HP_I,PT_EMP_FT,A,1998,21.8920751630933
EU27,Incidence of low and high pay,LP_I,PT_EMP_FT,A,1999,12.3878973609111
EU27,Incidence of low and high pay,LP_I,PT_EMP_FT,A,1999,16.31910542155
EU27,Incidence of low and high pay,LP_I,PT_EMP_FT,A,1999,22.1530786034444
EU27,Incidence of low and high pay,HP_I,PT_EMP_FT,A,1999,25.7935229785067
EU27,Incidence of low and high pay,HP_I,PT_EMP_FT,A,1999,21.9091254258933
EU27,Incidence of low and high pay,HP_I,PT_EMP_FT,A,1999,14.9264251106267
EU27,Incidence of low and high pay,LP_I,PT_EMP_FT,A,2000,12.5488384937281
EU27,Incidence of low and high pay,LP_I,PT_EMP_FT,A,2000,22.2358531657223
EU27,Incidence of low and high pay,LP_I,PT_EMP_FT,A,2000,16.4123491793755
EU27,Incidence of low and high pay,HP_I,PT_EMP_FT,A,2000,25.7680274649067
EU27,Incidence of low and high pay,HP_I,PT_EMP_FT,A,2000,14.9102921288
EU27,Incidence of low and high pay,HP_I,PT_EMP_FT,A,2000,21.8973277158933
EU27,Incidence of low and high pay,LP_I,PT_EMP_FT,A,2001,12.1437075864842
EU27,Incidence of low and high pay,LP_I,PT_EMP_FT,A,2001,15.7877895832474
EU27,Incidence of low and high pay,LP_I,PT_EMP_FT,A,2001,21.5705666091684
EU27,Incidence of low and high pay,HP_I,PT_EMP_FT,A,2001,25.5754054186625
EU27,Incidence of low and high pay,HP_I,PT_EMP_FT,A,2001,21.4719662973375
EU27,Incidence of low and high pay,HP_I,PT_EMP_FT,A,2001,14.4238468665438
EU27,Incidence of low and high pay,LP_I,PT_EMP_FT,A,2002,13.3313878857826
EU27,Incidence of low and high pay,LP_I,PT_EMP_FT,A,2002,22.5293500934783
EU27,Incidence of low and high pay,LP_I,PT_EMP_FT,A,2002,16.9602997282783
EU27,Incidence of low and high pay,HP_I,PT_EMP_FT,A,2002,26.30096257778
EU27,Incidence of low and high pay,HP_I,PT_EMP_FT,A,2002,14.966364370085
EU27,Incidence of low and high pay,HP_I,PT_EMP_FT,A,2002,21.97112698172
EU27,Incidence of low and high pay,LP_I,PT_EMP_FT,A,2003,13.6877060051787
EU27,Incidence of low and high pay,LP_I,PT_EMP_FT,A,2003,17.2729004984001
EU27,Incidence of low and high pay,LP_I,PT_EMP_FT,A,2003,22.5004716252921
EU27,Incidence of low and high pay,HP_I,PT_EMP_FT,A,2003,26.0631422319691
EU27,Incidence of low and high pay,HP_I,PT_EMP_FT,A,2003,21.9461082019548
EU27,Incidence of low and high pay,HP_I,PT_EMP_FT,A,2003,15.3335161160028
EU27,Incidence of low and high pay,LP_I,PT_EMP_FT,A,2004,13.3728127819215
EU27,Incidence of low and high pay,LP_I,PT_EMP_FT,A,2004,22.2212572606691
EU27,Incidence of low and high pay,LP_I,PT_EMP_FT,A,2004,16.9180951851937
EU27,Incidence of low and high pay,HP_I,PT_EMP_FT,A,2004,25.9246551222747
EU27,Incidence of low and high pay,HP_I,PT_EMP_FT,A,2004,15.5995610332451
EU27,Incidence of low and high pay,HP_I,PT_EMP_FT,A,2004,21.9073901076947
EU27,Incidence of low and high pay,LP_I,PT_EMP_FT,A,2005,13.4561752306216
EU27,Incidence of low and high pay,LP_I,PT_EMP_FT,A,2005,16.9976196885272
EU27,Incidence of low and high pay,LP_I,PT_EMP_FT,A,2005,22.0736506709987
EU27,Incidence of low and high pay,HP_I,PT_EMP_FT,A,2005,25.8534890588238
EU27,Incidence of low and high pay,HP_I,PT_EMP_FT,A,2005,21.9279489228013
EU27,Incidence of low and high pay,HP_I,PT_EMP_FT,A,2005,15.9511276076538
EU27,Incidence of low and high pay,LP_I,PT_EMP_FT,A,2006,13.7948666991
EU27,Incidence of low and high pay,LP_I,PT_EMP_FT,A,2006,21.958540383724
EU27,Incidence of low and high pay,LP_I,PT_EMP_FT,A,2006,17.173243296724
EU27,Incidence of low and high pay,HP_I,PT_EMP_FT,A,2006,25.7467356680762
EU27,Incidence of low and high pay,HP_I,PT_EMP_FT,A,2006,16.3463085376952
EU27,Incidence of low and high pay,HP_I,PT_EMP_FT,A,2006,21.9310037202952
EU27,Incidence of low and high pay,LP_I,PT_EMP_FT,A,2007,13.0631362142535
EU27,Incidence of low and high pay,LP_I,PT_EMP_FT,A,2007,16.5613828941769
EU27,Incidence of low and high pay,LP_I,PT_EMP_FT,A,2007,21.4698125473554
EU27,Incidence of low and high pay,HP_I,PT_EMP_FT,A,2007,25.4671398738179
EU27,Incidence of low and high pay,HP_I,PT_EMP_FT,A,2007,21.5875082921258
EU27,Incidence of low and high pay,HP_I,PT_EMP_FT,A,2007,15.8963876718761
EU27,Incidence of low and high pay,LP_I,PT_EMP_FT,A,2008,12.8631649273782
EU27,Incidence of low and high pay,LP_I,PT_EMP_FT,A,2008,20.9374535241402
EU27,Incidence of low and high pay,LP_I,PT_EMP_FT,A,2008,16.2695034355914
EU27,Incidence of low and high pay,HP_I,PT_EMP_FT,A,2008,25.5844838562266
EU27,Incidence of low and high pay,HP_I,PT_EMP_FT,A,2008,16.1597293396641
EU27,Incidence of low and high pay,HP_I,PT_EMP_FT,A,2008,21.7092376931936
EU27,Incidence of low and high pay,LP_I,PT_EMP_FT,A,2009,12.910224683432
EU27,Incidence of low and high pay,LP_I,PT_EMP_FT,A,2009,16.1832042338304
EU27,Incidence of low and high pay,LP_I,PT_EMP_FT,A,2009,20.5446243941381
EU27,Incidence of low and high pay,HP_I,PT_EMP_FT,A,2009,25.713148871457
EU27,Incidence of low and high pay,HP_I,PT_EMP_FT,A,2009,21.8518518929893
EU27,Incidence of low and high pay,HP_I,PT_EMP_FT,A,2009,16.5041566738391
EU27,Incidence of low and high pay,LP_I,PT_EMP_FT,A,2010,13.203225316904
EU27,Incidence of low and high pay,LP_I,PT_EMP_FT,A,2010,20.050663530472
EU27,Incidence of low and high pay,LP_I,PT_EMP_FT,A,2010,16.138806146964
EU27,Incidence of low and high pay,HP_I,PT_EMP_FT,A,2010,26.2134513187048
EU27,Incidence of low and high pay,HP_I,PT_EMP_FT,A,2010,17.2349391679333
EU27,Incidence of low and high pay,HP_I,PT_EMP_FT,A,2010,22.3744764225714
EU27,Incidence of low and high pay,LP_I,PT_EMP_FT,A,2011,13.1182125080511
EU27,Incidence of low and high pay,LP_I,PT_EMP_FT,A,2011,15.9963153768396
EU27,Incidence of low and high pay,LP_I,PT_EMP_FT,A,2011,20.2615921034132
EU27,Incidence of low and high pay,HP_I,PT_EMP_FT,A,2011,26.3161160710672
EU27,Incidence of low and high pay,HP_I,PT_EMP_FT,A,2011,22.4411059311837
EU27,Incidence of low and high pay,HP_I,PT_EMP_FT,A,2011,17.2337349209863
EU27,Incidence of low and high pay,LP_I,PT_EMP_FT,A,2012,12.9119747962871
EU27,Incidence of low and high pay,LP_I,PT_EMP_FT,A,2012,19.9885079122665
EU27,Incidence of low and high pay,LP_I,PT_EMP_FT,A,2012,15.7033435967455
EU27,Incidence of low and high pay,HP_I,PT_EMP_FT,A,2012,26.2393647220887
EU27,Incidence of low and high pay,HP_I,PT_EMP_FT,A,2012,17.1844795928956
EU27,Incidence of low and high pay,HP_I,PT_EMP_FT,A,2012,22.3573334771956
EU27,Incidence of low and high pay,LP_I,PT_EMP_FT,A,2013,12.8976545584304
EU27,Incidence of low and high pay,LP_I,PT_EMP_FT,A,2013,15.534752569027
EU27,Incidence of low and high pay,LP_I,PT_EMP_FT,A,2013,19.4411418742971
EU27,Incidence of low and high pay,HP_I,PT_EMP_FT,A,2013,26.2441070401954
EU27,Incidence of low and high pay,HP_I,PT_EMP_FT,A,2013,22.3592747117233
EU27,Incidence of low and high pay,HP_I,PT_EMP_FT,A,2013,17.2113144334888
EU27,Incidence of low and high pay,LP_I,PT_EMP_FT,A,2014,12.896264859192
EU27,Incidence of low and high pay,LP_I,PT_EMP_FT,A,2014,19.2113190952375
EU27,Incidence of low and high pay,LP_I,PT_EMP_FT,A,2014,15.433082698724
EU27,Incidence of low and high pay,HP_I,PT_EMP_FT,A,2014,26.2322199504619
EU27,Incidence of low and high pay,HP_I,PT_EMP_FT,A,2014,17.1657289536238
EU27,Incidence of low and high pay,HP_I,PT_EMP_FT,A,2014,22.3203798161429
EU27,Incidence of low and high pay,LP_I,PT_EMP_FT,A,2015,12.9724592138841
EU27,Incidence of low and high pay,LP_I,PT_EMP_FT,A,2015,15.397766164257
EU27,Incidence of low and high pay,LP_I,PT_EMP_FT,A,2015,19.4271219836668
EU27,Incidence of low and high pay,HP_I,PT_EMP_FT,A,2015,26.1473231667019
EU27,Incidence of low and high pay,HP_I,PT_EMP_FT,A,2015,22.350604687633
EU27,Incidence of low and high pay,HP_I,PT_EMP_FT,A,2015,17.3454144240179
EU27,Incidence of low and high pay,LP_I,PT_EMP_FT,A,2016,12.6914757605977
EU27,Incidence of low and high pay,LP_I,PT_EMP_FT,A,2016,18.9893108744257
EU27,Incidence of low and high pay,LP_I,PT_EMP_FT,A,2016,15.02855791912
EU27,Incidence of low and high pay,HP_I,PT_EMP_FT,A,2016,25.8438043046192
EU27,Incidence of low and high pay,HP_I,PT_EMP_FT,A,2016,17.4398072566032
EU27,Incidence of low and high pay,HP_I,PT_EMP_FT,A,2016,22.181681944962
EU27,Incidence of low and high pay,LP_I,PT_EMP_FT,A,2017,12.5286610204169
EU27,Incidence of low and high pay,LP_I,PT_EMP_FT,A,2017,14.7198970353399
EU27,Incidence of low and high pay,LP_I,PT_EMP_FT,A,2017,18.608642516119
EU27,Incidence of low and high pay,HP_I,PT_EMP_FT,A,2017,25.7398371107083
EU27,Incidence of low and high pay,HP_I,PT_EMP_FT,A,2017,22.1559487555162
EU27,Incidence of low and high pay,HP_I,PT_EMP_FT,A,2017,17.6300344450268
EU27,Incidence of low and high pay,LP_I,PT_EMP_FT,A,2018,12.627550298632
EU27,Incidence of low and high pay,LP_I,PT_EMP_FT,A,2018,18.7735770322478
EU27,Incidence of low and high pay,LP_I,PT_EMP_FT,A,2018,14.77533846378
EU27,Incidence of low and high pay,HP_I,PT_EMP_FT,A,2018,25.5564793245286
EU27,Incidence of low and high pay,HP_I,PT_EMP_FT,A,2018,17.5672002164619
EU27,Incidence of low and high pay,HP_I,PT_EMP_FT,A,2018,21.9746082716857
EU27,Incidence of low and high pay,LP_I,PT_EMP_FT,A,2019,12.9114590560669
EU27,Incidence of low and high pay,LP_I,PT_EMP_FT,A,2019,14.4226947085262
EU27,Incidence of low and high pay,LP_I,PT_EMP_FT,A,2019,19.254429326706
EU27,Incidence of low and high pay,HP_I,PT_EMP_FT,A,2019,25.8891389586323
EU27,Incidence of low and high pay,HP_I,PT_EMP_FT,A,2019,23.6281906484919
EU27,Incidence of low and high pay,HP_I,PT_EMP_FT,A,2019,18.1167079252686
EU27,Incidence of low and high pay,LP_I,PT_EMP_FT,A,2020,13.673940692666
EU27,Incidence of low and high pay,LP_I,PT_EMP_FT,A,2020,19.3657298134994
EU27,Incidence of low and high pay,LP_I,PT_EMP_FT,A,2020,14.1324591533669
EU27,Incidence of low and high pay,HP_I,PT_EMP_FT,A,2020,25.4168337710292
EU27,Incidence of low and high pay,HP_I,PT_EMP_FT,A,2020,18.7564778501082
EU27,Incidence of low and high pay,HP_I,PT_EMP_FT,A,2020,25.0900475371559
EU27,Incidence of low and high pay,LP_I,PT_EMP_FT,A,2021,13.551607120244
EU27,Incidence of low and high pay,LP_I,PT_EMP_FT,A,2021,13.1854935598466
EU27,Incidence of low and high pay,LP_I,PT_EMP_FT,A,2021,18.6493345588189
EU27,Incidence of low and high pay,HP_I,PT_EMP_FT,A,2021,23.6446816397797
EU27,Incidence of low and high pay,HP_I,PT_EMP_FT,A,2021,24.6121284518864
EU27,Incidence of low and high pay,HP_I,PT_EMP_FT,A,2021,17.75304643137
EU27,Incidence of low and high pay,LP_I,PT_EMP_FT,A,2022,14.671159186328
EU27,Incidence of low and high pay,LP_I,PT_EMP_FT,A,2022,18.9980504975833
EU27,Incidence of low and high pay,LP_I,PT_EMP_FT,A,2022,13.885813768328
EU27,Incidence of low and high pay,HP_I,PT_EMP_FT,A,2022,23.1490315417524
EU27,Incidence of low and high pay,HP_I,PT_EMP_FT,A,2022,18.0203545932476
EU27,Incidence of low and high pay,HP_I,PT_EMP_FT,A,2022,25.6572137588286
EU27,Incidence of low and high pay,LP_I,PT_EMP_FT,A,2023,14.0200657051458
EU27,Incidence of low and high pay,LP_I,PT_EMP_FT,A,2023,13.3966612499875
EU27,Incidence of low and high pay,LP_I,PT_EMP_FT,A,2023,18.8791834441739
EU27,Incidence of low and high pay,HP_I,PT_EMP_FT,A,2023,24.22424163845
EU27,Incidence of low and high pay,HP_I,PT_EMP_FT,A,2023,26.7750491705
EU27,Incidence of low and high pay,HP_I,PT_EMP_FT,A,2023,18.833259187745
FIN,Incidence of low and high pay,LP_I,PT_EMP_FT,A,2001,4.6041392038
FIN,Incidence of low and high pay,HP_I,PT_EMP_FT,A,2001,15.856510574
FIN,Incidence of low and high pay,HP_I,PT_EMP_FT,A,2001,6.7662881783
FIN,Incidence of low and high pay,LP_I,PT_EMP_FT,A,2001,9.4809718222
FIN,Incidence of low and high pay,LP_I,PT_EMP_FT,A,2001,4.6041392038
FIN,Incidence of low and high pay,HP_I,PT_EMP_FT,A,2001,23.690218824
FIN,Incidence of low and high pay,LP_I,PT_EMP_FT,A,2002,7.2861437165
FIN,Incidence of low and high pay,HP_I,PT_EMP_FT,A,2002,15.957815566
FIN,Incidence of low and high pay,HP_I,PT_EMP_FT,A,2002,7.3182705171
FIN,Incidence of low and high pay,LP_I,PT_EMP_FT,A,2002,10.273867527
FIN,Incidence of low and high pay,LP_I,PT_EMP_FT,A,2002,5.4025315259
FIN,Incidence of low and high pay,HP_I,PT_EMP_FT,A,2002,23.350845549
FIN,Incidence of low and high pay,LP_I,PT_EMP_FT,A,2003,6.4117021666
FIN,Incidence of low and high pay,HP_I,PT_EMP_FT,A,2003,15.865299483
FIN,Incidence of low and high pay,HP_I,PT_EMP_FT,A,2003,7.615489182
FIN,Incidence of low and high pay,LP_I,PT_EMP_FT,A,2003,8.5899801791
FIN,Incidence of low and high pay,LP_I,PT_EMP_FT,A,2003,4.4644069454
FIN,Incidence of low and high pay,HP_I,PT_EMP_FT,A,2003,23.240306751
FIN,Incidence of low and high pay,LP_I,PT_EMP_FT,A,2004,6.9571063429
FIN,Incidence of low and high pay,HP_I,PT_EMP_FT,A,2004,15.302600084
FIN,Incidence of low and high pay,HP_I,PT_EMP_FT,A,2004,7.7653315656
FIN,Incidence of low and high pay,LP_I,PT_EMP_FT,A,2004,9.5851569503
FIN,Incidence of low and high pay,LP_I,PT_EMP_FT,A,2004,4.6011491055
FIN,Incidence of low and high pay,HP_I,PT_EMP_FT,A,2004,22.059502811
FIN,Incidence of low and high pay,LP_I,PT_EMP_FT,A,2005,6.9134013125
FIN,Incidence of low and high pay,HP_I,PT_EMP_FT,A,2005,16.295353278
FIN,Incidence of low and high pay,HP_I,PT_EMP_FT,A,2005,8.6143160677
FIN,Incidence of low and high pay,LP_I,PT_EMP_FT,A,2005,9.7126656866
FIN,Incidence of low and high pay,LP_I,PT_EMP_FT,A,2005,4.4518041451
FIN,Incidence of low and high pay,HP_I,PT_EMP_FT,A,2005,23.049849072
FIN,Incidence of low and high pay,LP_I,PT_EMP_FT,A,2006,7.4813619094
FIN,Incidence of low and high pay,HP_I,PT_EMP_FT,A,2006,16.065345103
FIN,Incidence of low and high pay,HP_I,PT_EMP_FT,A,2006,8.3653043433
FIN,Incidence of low and high pay,LP_I,PT_EMP_FT,A,2006,10.911874609
FIN,Incidence of low and high pay,LP_I,PT_EMP_FT,A,2006,4.6005675689
FIN,Incidence of low and high pay,HP_I,PT_EMP_FT,A,2006,22.531502143
FIN,Incidence of low and high pay,LP_I,PT_EMP_FT,A,2007,7.9094964591
FIN,Incidence of low and high pay,HP_I,PT_EMP_FT,A,2007,16.78715351
FIN,Incidence of low and high pay,HP_I,PT_EMP_FT,A,2007,8.3624468453
FIN,Incidence of low and high pay,LP_I,PT_EMP_FT,A,2007,11.536873475
FIN,Incidence of low and high pay,LP_I,PT_EMP_FT,A,2007,4.8628235857
FIN,Incidence of low and high pay,HP_I,PT_EMP_FT,A,2007,23.863155026
FIN,Incidence of low and high pay,LP_I,PT_EMP_FT,A,2008,8.473158376
FIN,Incidence of low and high pay,HP_I,PT_EMP_FT,A,2008,16.513274893
FIN,Incidence of low and high pay,HP_I,PT_EMP_FT,A,2008,8.2674489478
FIN,Incidence of low and high pay,LP_I,PT_EMP_FT,A,2008,12.748756492
FIN,Incidence of low and high pay,LP_I,PT_EMP_FT,A,2008,4.7180626071
FIN,Incidence of low and high pay,HP_I,PT_EMP_FT,A,2008,23.755271283
FIN,Incidence of low and high pay,LP_I,PT_EMP_FT,A,2009,8.4821194944
FIN,Incidence of low and high pay,HP_I,PT_EMP_FT,A,2009,16.684708904
FIN,Incidence of low and high pay,HP_I,PT_EMP_FT,A,2009,8.5684999261
FIN,Incidence of low and high pay,LP_I,PT_EMP_FT,A,2009,11.512054152
FIN,Incidence of low and high pay,LP_I,PT_EMP_FT,A,2009,5.5652577103
FIN,Incidence of low and high pay,HP_I,PT_EMP_FT,A,2009,24.497997861
FIN,Incidence of low and high pay,LP_I,PT_EMP_FT,A,2010,8.1230187803
FIN,Incidence of low and high pay,HP_I,PT_EMP_FT,A,2010,17.158169256
FIN,Incidence of low and high pay,HP_I,PT_EMP_FT,A,2010,8.9449863869
FIN,Incidence of low and high pay,LP_I,PT_EMP_FT,A,2010,10.906638675
FIN,Incidence of low and high pay,LP_I,PT_EMP_FT,A,2010,5.509900309
FIN,Incidence of low and high pay,HP_I,PT_EMP_FT,A,2010,24.868280792
FIN,Incidence of low and high pay,LP_I,PT_EMP_FT,A,2011,9.2710425374
FIN,Incidence of low and high pay,HP_I,PT_EMP_FT,A,2011,16.896188342
FIN,Incidence of low and high pay,HP_I,PT_EMP_FT,A,2011,9.2495234273
FIN,Incidence of low and high pay,LP_I,PT_EMP_FT,A,2011,13.082314495
FIN,Incidence of low and high pay,LP_I,PT_EMP_FT,A,2011,5.592406965
FIN,Incidence of low and high pay,HP_I,PT_EMP_FT,A,2011,24.276463501
FIN,Incidence of low and high pay,LP_I,PT_EMP_FT,A,2012,8.9133802316
FIN,Incidence of low and high pay,HP_I,PT_EMP_FT,A,2012,16.369715057
FIN,Incidence of low and high pay,HP_I,PT_EMP_FT,A,2012,8.8040190492
FIN,Incidence of low and high pay,LP_I,PT_EMP_FT,A,2012,12.308192968
FIN,Incidence of low and high pay,LP_I,PT_EMP_FT,A,2012,5.663316541
FIN,Incidence of low and high pay,HP_I,PT_EMP_FT,A,2012,23.612822645
FIN,Incidence of low and high pay,LP_I,PT_EMP_FT,A,2013,9.0722522287
FIN,Incidence of low and high pay,HP_I,PT_EMP_FT,A,2013,15.920686599
FIN,Incidence of low and high pay,HP_I,PT_EMP_FT,A,2013,8.7782463832
FIN,Incidence of low and high pay,LP_I,PT_EMP_FT,A,2013,12.5369299
FIN,Incidence of low and high pay,LP_I,PT_EMP_FT,A,2013,5.6410543962
FIN,Incidence of low and high pay,HP_I,PT_EMP_FT,A,2013,22.994108056
FIN,Incidence of low and high pay,LP_I,PT_EMP_FT,A,2014,8.4490740741
FIN,Incidence of low and high pay,HP_I,PT_EMP_FT,A,2014,16.563132383
FIN,Incidence of low and high pay,HP_I,PT_EMP_FT,A,2014,9.2683712967
FIN,Incidence of low and high pay,LP_I,PT_EMP_FT,A,2014,11.664453822
FIN,Incidence of low and high pay,LP_I,PT_EMP_FT,A,2014,5.2676851238
FIN,Incidence of low and high pay,HP_I,PT_EMP_FT,A,2014,23.780579681
FIN,Incidence of low and high pay,LP_I,PT_EMP_FT,A,2015,7.7681757998
FIN,Incidence of low and high pay,HP_I,PT_EMP_FT,A,2015,17.04594399
FIN,Incidence of low and high pay,HP_I,PT_EMP_FT,A,2015,10.41161726
FIN,Incidence of low and high pay,LP_I,PT_EMP_FT,A,2015,10.347695103
FIN,Incidence of low and high pay,LP_I,PT_EMP_FT,A,2015,5.2894103729
FIN,Incidence of low and high pay,HP_I,PT_EMP_FT,A,2015,23.421139441
FIN,Incidence of low and high pay,LP_I,PT_EMP_FT,A,2016,7.0758681085
FIN,Incidence of low and high pay,HP_I,PT_EMP_FT,A,2016,16.592618562
FIN,Incidence of low and high pay,HP_I,PT_EMP_FT,A,2016,10.635095416
FIN,Incidence of low and high pay,LP_I,PT_EMP_FT,A,2016,9.6263215617
FIN,Incidence of low and high pay,LP_I,PT_EMP_FT,A,2016,4.5927953862
FIN,Incidence of low and high pay,HP_I,PT_EMP_FT,A,2016,22.392730182
FIN,Incidence of low and high pay,LP_I,PT_EMP_FT,A,2017,7.5530856662
FIN,Incidence of low and high pay,HP_I,PT_EMP_FT,A,2017,17.300741532
FIN,Incidence of low and high pay,HP_I,PT_EMP_FT,A,2017,11.175190108
FIN,Incidence of low and high pay,LP_I,PT_EMP_FT,A,2017,10.525414838
FIN,Incidence of low and high pay,LP_I,PT_EMP_FT,A,2017,4.7406457148
FIN,Incidence of low and high pay,HP_I,PT_EMP_FT,A,2017,23.096796725
FIN,Incidence of low and high pay,LP_I,PT_EMP_FT,A,2018,7.316962611
FIN,Incidence of low and high pay,HP_I,PT_EMP_FT,A,2018,16.950368507
FIN,Incidence of low and high pay,HP_I,PT_EMP_FT,A,2018,10.33256081
FIN,Incidence of low and high pay,LP_I,PT_EMP_FT,A,2018,11.235638459
FIN,Incidence of low and high pay,LP_I,PT_EMP_FT,A,2018,5.4229637405
FIN,Incidence of low and high pay,HP_I,PT_EMP_FT,A,2018,23.654681574
FIN,Incidence of low and high pay,LP_I,PT_EMP_FT,A,2019,8.6271557167
FIN,Incidence of low and high pay,HP_I,PT_EMP_FT,A,2019,16.99991082
FIN,Incidence of low and high pay,HP_I,PT_EMP_FT,A,2019,10.658580688
FIN,Incidence of low and high pay,LP_I,PT_EMP_FT,A,2019,12.496811319
FIN,Incidence of low and high pay,LP_I,PT_EMP_FT,A,2019,5.0115748971
FIN,Incidence of low and high pay,HP_I,PT_EMP_FT,A,2019,22.924880366
FIN,Incidence of low and high pay,LP_I,PT_EMP_FT,A,2021,8.3592936194
FIN,Incidence of low and high pay,HP_I,PT_EMP_FT,A,2021,17.167463232
FIN,Incidence of low and high pay,HP_I,PT_EMP_FT,A,2021,10.325241869
FIN,Incidence of low and high pay,LP_I,PT_EMP_FT,A,2021,11.278850382
FIN,Incidence of low and high pay,LP_I,PT_EMP_FT,A,2021,5.7169172207
FIN,Incidence of low and high pay,HP_I,PT_EMP_FT,A,2021,23.360152262
FIN,Incidence of low and high pay,LP_I,PT_EMP_FT,A,2022,8.8708691219
FIN,Incidence of low and high pay,HP_I,PT_EMP_FT,A,2022,16.653165354
FIN,Incidence of low and high pay,HP_I,PT_EMP_FT,A,2022,10.672553037
FIN,Incidence of low and high pay,LP_I,PT_EMP_FT,A,2022,12.392604251
FIN,Incidence of low and high pay,LP_I,PT_EMP_FT,A,2022,5.5758200312
FIN,Incidence of low and high pay,HP_I,PT_EMP_FT,A,2022,22.248798822
FIN,Incidence of low and high pay,LP_I,PT_EMP_FT,A,2023,9.8808198006
FIN,Incidence of low and high pay,LP_I,PT_EMP_FT,A,2023,12.804033767
FIN,Incidence of low and high pay,LP_I,PT_EMP_FT,A,2023,7.0683950849
FIN,Incidence of low and high pay,HP_I,PT_EMP_FT,A,2023,21.5339305
FIN,Incidence of low and high pay,HP_I,PT_EMP_FT,A,2023,15.837801337
FIN,Incidence of low and high pay,HP_I,PT_EMP_FT,A,2023,9.9172242432
FRA,Incidence of low and high pay,LP_I,PT_EMP_FT,A,2002,7.2156862745
FRA,Incidence of low and high pay,HP_I,PT_EMP_FT,A,2002,20.999942005
FRA,Incidence of low and high pay,HP_I,PT_EMP_FT,A,2002,14.999553323
FRA,Incidence of low and high pay,LP_I,PT_EMP_FT,A,2002,12.878787879
FRA,Incidence of low and high pay,LP_I,PT_EMP_FT,A,2002,4.7777777778
FRA,Incidence of low and high pay,HP_I,PT_EMP_FT,A,2002,23.999911078
FRA,Incidence of low and high pay,LP_I,PT_EMP_FT,A,2006,6.4691358025
FRA,Incidence of low and high pay,HP_I,PT_EMP_FT,A,2006,19.999982495
FRA,Incidence of low and high pay,HP_I,PT_EMP_FT,A,2006,13.999966936
FRA,Incidence of low and high pay,LP_I,PT_EMP_FT,A,2006,7.9841269841
FRA,Incidence of low and high pay,LP_I,PT_EMP_FT,A,2006,5.5376344086
FRA,Incidence of low and high pay,HP_I,PT_EMP_FT,A,2006,23.99984075
FRA,Incidence of low and high pay,LP_I,PT_EMP_FT,A,2010,5.7916666667
FRA,Incidence of low and high pay,HP_I,PT_EMP_FT,A,2010,21.999938073
FRA,Incidence of low and high pay,HP_I,PT_EMP_FT,A,2010,14.999955627
FRA,Incidence of low and high pay,LP_I,PT_EMP_FT,A,2010,7.3846153846
FRA,Incidence of low and high pay,LP_I,PT_EMP_FT,A,2010,4.5757575758
FRA,Incidence of low and high pay,HP_I,PT_EMP_FT,A,2010,25.999947693
FRA,Incidence of low and high pay,LP_I,PT_EMP_FT,A,2014,7.1904761905
FRA,Incidence of low and high pay,HP_I,PT_EMP_FT,A,2014,20.999894675
FRA,Incidence of low and high pay,HP_I,PT_EMP_FT,A,2014,14.99967917
FRA,Incidence of low and high pay,LP_I,PT_EMP_FT,A,2014,9.8666666667
FRA,Incidence of low and high pay,LP_I,PT_EMP_FT,A,2014,5.3063063063
FRA,Incidence of low and high pay,HP_I,PT_EMP_FT,A,2014,24.999917758
FRA,Incidence of low and high pay,LP_I,PT_EMP_FT,A,2018,7.7356321839
FRA,Incidence of low and high pay,HP_I,PT_EMP_FT,A,2018,20.999974339
FRA,Incidence of low and high pay,HP_I,PT_EMP_FT,A,2018,15.999648405
FRA,Incidence of low and high pay,LP_I,PT_EMP_FT,A,2018,10.378787879
FRA,Incidence of low and high pay,LP_I,PT_EMP_FT,A,2018,5.7886178862
FRA,Incidence of low and high pay,HP_I,PT_EMP_FT,A,2018,25.999839946
FRA,Incidence of low and high pay,HP_I,PT_EMP_FT,A,2022,17.37936279
FRA,Incidence of low and high pay,LP_I,PT_EMP_FT,A,2022,10.455969878
FRA,Incidence of low and high pay,LP_I,PT_EMP_FT,A,2022,6.2968105565
FRA,Incidence of low and high pay,LP_I,PT_EMP_FT,A,2022,8.1169252231
FRA,Incidence of low and high pay,HP_I,PT_EMP_FT,A,2022,27.036902641
FRA,Incidence of low and high pay,HP_I,PT_EMP_FT,A,2022,22.012117293
FRA,Incidence of low and high pay,LP_I,PT_EMP_FT,A,2023,6.164230409
FRA,Incidence of low and high pay,LP_I,PT_EMP_FT,A,2023,8.0976394962
FRA,Incidence of low and high pay,HP_I,PT_EMP_FT,A,2023,26.262225728
FRA,Incidence of low and high pay,HP_I,PT_EMP_FT,A,2023,21.087952877
FRA,Incidence of low and high pay,LP_I,PT_EMP_FT,A,2023,10.067636401
FRA,Incidence of low and high pay,HP_I,PT_EMP_FT,A,2023,17.365712326
GBR,Incidence of low and high pay,LP_I,PT_EMP_FT,A,1970,60.714693584
GBR,Incidence of low and high pay,LP_I,PT_EMP_FT,A,1970,8.6463038635
GBR,Incidence of low and high pay,LP_I,PT_EMP_FT,A,1971,57.805289872
GBR,Incidence of low and high pay,LP_I,PT_EMP_FT,A,1971,8.1734894874
GBR,Incidence of low and high pay,LP_I,PT_EMP_FT,A,1972,56.952358944
GBR,Incidence of low and high pay,LP_I,PT_EMP_FT,A,1972,8.3406333804
GBR,Incidence of low and high pay,LP_I,PT_EMP_FT,A,1973,58.760039272
GBR,Incidence of low and high pay,LP_I,PT_EMP_FT,A,1973,8.5685771781
GBR,Incidence of low and high pay,LP_I,PT_EMP_FT,A,1974,55.375720371
GBR,Incidence of low and high pay,LP_I,PT_EMP_FT,A,1974,7.8965872466
GBR,Incidence of low and high pay,LP_I,PT_EMP_FT,A,1975,47.317761653
GBR,Incidence of low and high pay,LP_I,PT_EMP_FT,A,1975,7.8956250704
GBR,Incidence of low and high pay,LP_I,PT_EMP_FT,A,1976,42.488387113
GBR,Incidence of low and high pay,LP_I,PT_EMP_FT,A,1976,8.1186806272
GBR,Incidence of low and high pay,LP_I,PT_EMP_FT,A,1977,39.236833589
GBR,Incidence of low and high pay,LP_I,PT_EMP_FT,A,1977,7.5535103136
GBR,Incidence of low and high pay,LP_I,PT_EMP_FT,A,1978,41.722155622
GBR,Incidence of low and high pay,LP_I,PT_EMP_FT,A,1978,7.8529137
GBR,Incidence of low and high pay,LP_I,PT_EMP_FT,A,1979,42.563295854
GBR,Incidence of low and high pay,LP_I,PT_EMP_FT,A,1979,8.2666108825
GBR,Incidence of low and high pay,LP_I,PT_EMP_FT,A,1980,41.126997133
GBR,Incidence of low and high pay,LP_I,PT_EMP_FT,A,1980,8.3403760477
GBR,Incidence of low and high pay,LP_I,PT_EMP_FT,A,1981,39.724240446
GBR,Incidence of low and high pay,LP_I,PT_EMP_FT,A,1981,8.7284614393
GBR,Incidence of low and high pay,LP_I,PT_EMP_FT,A,1982,39.677869058
GBR,Incidence of low and high pay,LP_I,PT_EMP_FT,A,1982,8.8418233928
GBR,Incidence of low and high pay,LP_I,PT_EMP_FT,A,1983,38.380121123
GBR,Incidence of low and high pay,LP_I,PT_EMP_FT,A,1983,9.2074638764
GBR,Incidence of low and high pay,LP_I,PT_EMP_FT,A,1984,39.496893713
GBR,Incidence of low and high pay,LP_I,PT_EMP_FT,A,1984,9.8038682126
GBR,Incidence of low and high pay,LP_I,PT_EMP_FT,A,1985,39.289473179
GBR,Incidence of low and high pay,LP_I,PT_EMP_FT,A,1985,9.9593356089
GBR,Incidence of low and high pay,LP_I,PT_EMP_FT,A,1986,39.052796055
GBR,Incidence of low and high pay,LP_I,PT_EMP_FT,A,1986,10.55741319
GBR,Incidence of low and high pay,LP_I,PT_EMP_FT,A,1987,38.795393892
GBR,Incidence of low and high pay,LP_I,PT_EMP_FT,A,1987,11.089324654
GBR,Incidence of low and high pay,LP_I,PT_EMP_FT,A,1988,38.721099626
GBR,Incidence of low and high pay,LP_I,PT_EMP_FT,A,1988,11.454780645
GBR,Incidence of low and high pay,LP_I,PT_EMP_FT,A,1989,37.830003867
GBR,Incidence of low and high pay,LP_I,PT_EMP_FT,A,1989,11.844946597
GBR,Incidence of low and high pay,LP_I,PT_EMP_FT,A,1990,36.86013778
GBR,Incidence of low and high pay,LP_I,PT_EMP_FT,A,1990,11.970688542
GBR,Incidence of low and high pay,LP_I,PT_EMP_FT,A,1991,34.504929132
GBR,Incidence of low and high pay,LP_I,PT_EMP_FT,A,1991,12.191447387
GBR,Incidence of low and high pay,LP_I,PT_EMP_FT,A,1992,34.235561914
GBR,Incidence of low and high pay,LP_I,PT_EMP_FT,A,1992,12.552077862
GBR,Incidence of low and high pay,LP_I,PT_EMP_FT,A,1993,33.317643493
GBR,Incidence of low and high pay,LP_I,PT_EMP_FT,A,1993,12.747284407
GBR,Incidence of low and high pay,LP_I,PT_EMP_FT,A,1994,32.897335909
GBR,Incidence of low and high pay,LP_I,PT_EMP_FT,A,1994,12.866438391
GBR,Incidence of low and high pay,LP_I,PT_EMP_FT,A,1995,32.970984531
GBR,Incidence of low and high pay,LP_I,PT_EMP_FT,A,1995,13.591130135
GBR,Incidence of low and high pay,LP_I,PT_EMP_FT,A,1996,32.403054588
GBR,Incidence of low and high pay,LP_I,PT_EMP_FT,A,1996,13.553353566
GBR,Incidence of low and high pay,LP_I,PT_EMP_FT,A,1997,28.4
GBR,Incidence of low and high pay,HP_I,PT_EMP_FT,A,1997,25.2
GBR,Incidence of low and high pay,LP_I,PT_EMP_FT,A,1997,32.232673793
GBR,Incidence of low and high pay,LP_I,PT_EMP_FT,A,1997,13.434993032
GBR,Incidence of low and high pay,LP_I,PT_EMP_FT,A,1998,28.5
GBR,Incidence of low and high pay,HP_I,PT_EMP_FT,A,1998,25.5
GBR,Incidence of low and high pay,LP_I,PT_EMP_FT,A,1998,32.511849653
GBR,Incidence of low and high pay,LP_I,PT_EMP_FT,A,1998,13.773455746
GBR,Incidence of low and high pay,LP_I,PT_EMP_FT,A,1999,28.5
GBR,Incidence of low and high pay,HP_I,PT_EMP_FT,A,1999,25.4
GBR,Incidence of low and high pay,LP_I,PT_EMP_FT,A,1999,31.141855856
GBR,Incidence of low and high pay,LP_I,PT_EMP_FT,A,1999,13.429861342
GBR,Incidence of low and high pay,LP_I,PT_EMP_FT,A,2000,28.4
GBR,Incidence of low and high pay,HP_I,PT_EMP_FT,A,2000,25.7
GBR,Incidence of low and high pay,LP_I,PT_EMP_FT,A,2000,31.615794682
GBR,Incidence of low and high pay,LP_I,PT_EMP_FT,A,2000,13.719095396
GBR,Incidence of low and high pay,LP_I,PT_EMP_FT,A,2001,28.4
GBR,Incidence of low and high pay,HP_I,PT_EMP_FT,A,2001,26
GBR,Incidence of low and high pay,LP_I,PT_EMP_FT,A,2001,31.637734428
GBR,Incidence of low and high pay,LP_I,PT_EMP_FT,A,2001,14.009033825
GBR,Incidence of low and high pay,LP_I,PT_EMP_FT,A,2002,28.5
GBR,Incidence of low and high pay,HP_I,PT_EMP_FT,A,2002,25.9
GBR,Incidence of low and high pay,LP_I,PT_EMP_FT,A,2002,31.137096015
GBR,Incidence of low and high pay,LP_I,PT_EMP_FT,A,2002,13.929019672
GBR,Incidence of low and high pay,LP_I,PT_EMP_FT,A,2003,28.2
GBR,Incidence of low and high pay,HP_I,PT_EMP_FT,A,2003,26
GBR,Incidence of low and high pay,LP_I,PT_EMP_FT,A,2003,30.6548506
GBR,Incidence of low and high pay,LP_I,PT_EMP_FT,A,2003,13.963175012
GBR,Incidence of low and high pay,LP_I,PT_EMP_FT,A,2004,28.2
GBR,Incidence of low and high pay,HP_I,PT_EMP_FT,A,2004,26.1
GBR,Incidence of low and high pay,LP_I,PT_EMP_FT,A,2004,30.198924172
GBR,Incidence of low and high pay,LP_I,PT_EMP_FT,A,2004,14.427321818
GBR,Incidence of low and high pay,LP_I,PT_EMP_FT,A,2005,28.6
GBR,Incidence of low and high pay,HP_I,PT_EMP_FT,A,2005,26.7
GBR,Incidence of low and high pay,LP_I,PT_EMP_FT,A,2005,29.526517755
GBR,Incidence of low and high pay,LP_I,PT_EMP_FT,A,2005,15.223926564
GBR,Incidence of low and high pay,LP_I,PT_EMP_FT,A,2006,28.4
GBR,Incidence of low and high pay,HP_I,PT_EMP_FT,A,2006,26.5
GBR,Incidence of low and high pay,LP_I,PT_EMP_FT,A,2006,29.158998132
GBR,Incidence of low and high pay,LP_I,PT_EMP_FT,A,2006,15.381802839
GBR,Incidence of low and high pay,LP_I,PT_EMP_FT,A,2007,28.4
GBR,Incidence of low and high pay,HP_I,PT_EMP_FT,A,2007,26.3
GBR,Incidence of low and high pay,LP_I,PT_EMP_FT,A,2007,29.143444795
GBR,Incidence of low and high pay,LP_I,PT_EMP_FT,A,2007,15.15476829
GBR,Incidence of low and high pay,LP_I,PT_EMP_FT,A,2008,28.4
GBR,Incidence of low and high pay,HP_I,PT_EMP_FT,A,2008,26.7
GBR,Incidence of low and high pay,LP_I,PT_EMP_FT,A,2008,29.57808857
GBR,Incidence of low and high pay,LP_I,PT_EMP_FT,A,2008,15.882419953
GBR,Incidence of low and high pay,LP_I,PT_EMP_FT,A,2009,28.2
GBR,Incidence of low and high pay,HP_I,PT_EMP_FT,A,2009,26.5
GBR,Incidence of low and high pay,LP_I,PT_EMP_FT,A,2009,28.515643809
GBR,Incidence of low and high pay,LP_I,PT_EMP_FT,A,2009,15.54774031
GBR,Incidence of low and high pay,LP_I,PT_EMP_FT,A,2010,28.7
GBR,Incidence of low and high pay,HP_I,PT_EMP_FT,A,2010,26.5
GBR,Incidence of low and high pay,LP_I,PT_EMP_FT,A,2010,28.130147164
GBR,Incidence of low and high pay,LP_I,PT_EMP_FT,A,2010,15.900929745
GBR,Incidence of low and high pay,LP_I,PT_EMP_FT,A,2011,28.8
GBR,Incidence of low and high pay,HP_I,PT_EMP_FT,A,2011,26.9
GBR,Incidence of low and high pay,LP_I,PT_EMP_FT,A,2011,27.450110865
GBR,Incidence of low and high pay,LP_I,PT_EMP_FT,A,2011,16.170811825
GBR,Incidence of low and high pay,LP_I,PT_EMP_FT,A,2012,28.7
GBR,Incidence of low and high pay,HP_I,PT_EMP_FT,A,2012,26.7
GBR,Incidence of low and high pay,LP_I,PT_EMP_FT,A,2012,27.121907866
GBR,Incidence of low and high pay,LP_I,PT_EMP_FT,A,2012,16.191918236
GBR,Incidence of low and high pay,LP_I,PT_EMP_FT,A,2013,28.7
GBR,Incidence of low and high pay,HP_I,PT_EMP_FT,A,2013,26.6
GBR,Incidence of low and high pay,LP_I,PT_EMP_FT,A,2013,27.356020942
GBR,Incidence of low and high pay,LP_I,PT_EMP_FT,A,2013,16.113921679
GBR,Incidence of low and high pay,LP_I,PT_EMP_FT,A,2014,28.9
GBR,Incidence of low and high pay,HP_I,PT_EMP_FT,A,2014,26.4
GBR,Incidence of low and high pay,LP_I,PT_EMP_FT,A,2014,27.036984554
GBR,Incidence of low and high pay,LP_I,PT_EMP_FT,A,2014,16.06284658
GBR,Incidence of low and high pay,LP_I,PT_EMP_FT,A,2015,28.5
GBR,Incidence of low and high pay,HP_I,PT_EMP_FT,A,2015,26.1
GBR,Incidence of low and high pay,LP_I,PT_EMP_FT,A,2015,26.708074534
GBR,Incidence of low and high pay,LP_I,PT_EMP_FT,A,2015,15.535968661
GBR,Incidence of low and high pay,LP_I,PT_EMP_FT,A,2016,27.5
GBR,Incidence of low and high pay,HP_I,PT_EMP_FT,A,2016,26
GBR,Incidence of low and high pay,LP_I,PT_EMP_FT,A,2016,25.868149756
GBR,Incidence of low and high pay,LP_I,PT_EMP_FT,A,2016,14.918310865
GBR,Incidence of low and high pay,LP_I,PT_EMP_FT,A,2017,27.2
GBR,Incidence of low and high pay,HP_I,PT_EMP_FT,A,2017,25.9
GBR,Incidence of low and high pay,LP_I,PT_EMP_FT,A,2017,25.573333333
GBR,Incidence of low and high pay,LP_I,PT_EMP_FT,A,2017,14.649960571
GBR,Incidence of low and high pay,LP_I,PT_EMP_FT,A,2018,27.3
GBR,Incidence of low and high pay,HP_I,PT_EMP_FT,A,2018,25.7
GBR,Incidence of low and high pay,LP_I,PT_EMP_FT,A,2018,25.43092018
GBR,Incidence of low and high pay,LP_I,PT_EMP_FT,A,2018,14.694773825
GBR,Incidence of low and high pay,LP_I,PT_EMP_FT,A,2019,26.5
GBR,Incidence of low and high pay,HP_I,PT_EMP_FT,A,2019,25.5
GBR,Incidence of low and high pay,LP_I,PT_EMP_FT,A,2019,13.77
GBR,Incidence of low and high pay,LP_I,PT_EMP_FT,A,2019,24.3
GBR,Incidence of low and high pay,LP_I,PT_EMP_FT,A,2020,26.8
GBR,Incidence of low and high pay,HP_I,PT_EMP_FT,A,2020,25.9
GBR,Incidence of low and high pay,LP_I,PT_EMP_FT,A,2020,22.27
GBR,Incidence of low and high pay,LP_I,PT_EMP_FT,A,2020,18.02
GBR,Incidence of low and high pay,LP_I,PT_EMP_FT,A,2021,25.4
GBR,Incidence of low and high pay,HP_I,PT_EMP_FT,A,2021,24.9
GBR,Incidence of low and high pay,LP_I,PT_EMP_FT,A,2021,13.03
GBR,Incidence of low and high pay,LP_I,PT_EMP_FT,A,2021,21.69
GBR,Incidence of low and high pay,LP_I,PT_EMP_FT,A,2022,24.7
GBR,Incidence of low and high pay,HP_I,PT_EMP_FT,A,2022,24
GBR,Incidence of low and high pay,LP_I,PT_EMP_FT,A,2023,23.5
GBR,Incidence of low and high pay,HP_I,PT_EMP_FT,A,2023,23.1
GRC,Incidence of low and high pay,LP_I,PT_EMP_FT,A,2002,12.333333333
GRC,Incidence of low and high pay,HP_I,PT_EMP_FT,A,2002,26.99912075
GRC,Incidence of low and high pay,HP_I,PT_EMP_FT,A,2002,14.998652449
GRC,Incidence of low and high pay,LP_I,PT_EMP_FT,A,2002,17.111111111
GRC,Incidence of low and high pay,LP_I,PT_EMP_FT,A,2002,9.6666666667
GRC,Incidence of low and high pay,HP_I,PT_EMP_FT,A,2002,33.999355066
GRC,Incidence of low and high pay,LP_I,PT_EMP_FT,A,2006,15.777777778
GRC,Incidence of low and high pay,HP_I,PT_EMP_FT,A,2006,20.999701255
GRC,Incidence of low and high pay,HP_I,PT_EMP_FT,A,2006,10.999721733
GRC,Incidence of low and high pay,LP_I,PT_EMP_FT,A,2006,20.148148148
GRC,Incidence of low and high pay,LP_I,PT_EMP_FT,A,2006,12.333333333
GRC,Incidence of low and high pay,HP_I,PT_EMP_FT,A,2006,27.999701255
GRC,Incidence of low and high pay,LP_I,PT_EMP_FT,A,2010,12.547619048
GRC,Incidence of low and high pay,HP_I,PT_EMP_FT,A,2010,18.998999034
GRC,Incidence of low and high pay,HP_I,PT_EMP_FT,A,2010,11.99577486
GRC,Incidence of low and high pay,LP_I,PT_EMP_FT,A,2010,15.119047619
GRC,Incidence of low and high pay,LP_I,PT_EMP_FT,A,2010,10.509803922
GRC,Incidence of low and high pay,HP_I,PT_EMP_FT,A,2010,24.999171471
GRC,Incidence of low and high pay,LP_I,PT_EMP_FT,A,2014,15.960784314
GRC,Incidence of low and high pay,HP_I,PT_EMP_FT,A,2014,20.999756735
GRC,Incidence of low and high pay,HP_I,PT_EMP_FT,A,2014,14.99966736
GRC,Incidence of low and high pay,LP_I,PT_EMP_FT,A,2014,16.725490196
GRC,Incidence of low and high pay,LP_I,PT_EMP_FT,A,2014,15.266666667
GRC,Incidence of low and high pay,HP_I,PT_EMP_FT,A,2014,25.999756735
GRC,Incidence of low and high pay,LP_I,PT_EMP_FT,A,2018,16.428571429
GRC,Incidence of low and high pay,HP_I,PT_EMP_FT,A,2018,25.999973136
GRC,Incidence of low and high pay,HP_I,PT_EMP_FT,A,2018,21.999992325
GRC,Incidence of low and high pay,LP_I,PT_EMP_FT,A,2018,18.058823529
GRC,Incidence of low and high pay,HP_I,PT_EMP_FT,A,2018,29.999844707
GRC,Incidence of low and high pay,LP_I,PT_EMP_FT,A,2018,15.2
GRC,Incidence of low and high pay,LP_I,PT_EMP_FT,A,2022,10.544512802
GRC,Incidence of low and high pay,LP_I,PT_EMP_FT,A,2022,11.980198609
GRC,Incidence of low and high pay,LP_I,PT_EMP_FT,A,2022,8.9776905095
GRC,Incidence of low and high pay,HP_I,PT_EMP_FT,A,2022,36.524791427
GRC,Incidence of low and high pay,HP_I,PT_EMP_FT,A,2022,21.050891344
GRC,Incidence of low and high pay,HP_I,PT_EMP_FT,A,2022,28.968136941
GRC,Incidence of low and high pay,LP_I,PT_EMP_FT,A,2023,9.1491731284
GRC,Incidence of low and high pay,LP_I,PT_EMP_FT,A,2023,10.658246282
GRC,Incidence of low and high pay,LP_I,PT_EMP_FT,A,2023,7.9177733088
GRC,Incidence of low and high pay,HP_I,PT_EMP_FT,A,2023,35.904432433
GRC,Incidence of low and high pay,HP_I,PT_EMP_FT,A,2023,20.915443402
GRC,Incidence of low and high pay,HP_I,PT_EMP_FT,A,2023,28.443192952
HRV,Incidence of low and high pay,LP_I,PT_EMP_FT,A,2010,21.866666667
HRV,Incidence of low and high pay,HP_I,PT_EMP_FT,A,2010,21.997890536
HRV,Incidence of low and high pay,HP_I,PT_EMP_FT,A,2010,19.99965035
HRV,Incidence of low and high pay,LP_I,PT_EMP_FT,A,2010,25.388888889
HRV,Incidence of low and high pay,LP_I,PT_EMP_FT,A,2010,18.866666667
HRV,Incidence of low and high pay,HP_I,PT_EMP_FT,A,2010,21.99994287
HRV,Incidence of low and high pay,LP_I,PT_EMP_FT,A,2014,23.407407407
HRV,Incidence of low and high pay,HP_I,PT_EMP_FT,A,2014,18.998785794
HRV,Incidence of low and high pay,HP_I,PT_EMP_FT,A,2014,15.997967839
HRV,Incidence of low and high pay,LP_I,PT_EMP_FT,A,2014,26.466666667
HRV,Incidence of low and high pay,LP_I,PT_EMP_FT,A,2014,20.566666667
HRV,Incidence of low and high pay,HP_I,PT_EMP_FT,A,2014,20.999797427
HRV,Incidence of low and high pay,LP_I,PT_EMP_FT,A,2018,18.333333333
HRV,Incidence of low and high pay,HP_I,PT_EMP_FT,A,2018,19.999215194
HRV,Incidence of low and high pay,HP_I,PT_EMP_FT,A,2018,16.998428805
HRV,Incidence of low and high pay,LP_I,PT_EMP_FT,A,2018,23.333333333
HRV,Incidence of low and high pay,LP_I,PT_EMP_FT,A,2018,13.80952381
HRV,Incidence of low and high pay,HP_I,PT_EMP_FT,A,2018,22
HRV,Incidence of low and high pay,LP_I,PT_EMP_FT,A,2022,13.556861867
HRV,Incidence of low and high pay,LP_I,PT_EMP_FT,A,2022,19.143302167
HRV,Incidence of low and high pay,HP_I,PT_EMP_FT,A,2022,14.43961576
HRV,Incidence of low and high pay,HP_I,PT_EMP_FT,A,2022,17.08760721
HRV,Incidence of low and high pay,LP_I,PT_EMP_FT,A,2022,24.949643815
HRV,Incidence of low and high pay,HP_I,PT_EMP_FT,A,2022,11.015980585
HRV,Incidence of low and high pay,LP_I,PT_EMP_FT,A,2023,15.140951318
HRV,Incidence of low and high pay,LP_I,PT_EMP_FT,A,2023,21.573417837
HRV,Incidence of low and high pay,HP_I,PT_EMP_FT,A,2023,17.813485151
HRV,Incidence of low and high pay,HP_I,PT_EMP_FT,A,2023,21.260019513
HRV,Incidence of low and high pay,LP_I,PT_EMP_FT,A,2023,27.711318258
HRV,Incidence of low and high pay,HP_I,PT_EMP_FT,A,2023,13.931319657
HUN,Incidence of low and high pay,LP_I,PT_EMP_FT,A,1986,13.110201744
HUN,Incidence of low and high pay,LP_I,PT_EMP_FT,A,1986,22.625662657
HUN,Incidence of low and high pay,LP_I,PT_EMP_FT,A,1986,5.1929428235
HUN,Incidence of low and high pay,LP_I,PT_EMP_FT,A,1989,16.353082202
HUN,Incidence of low and high pay,LP_I,PT_EMP_FT,A,1989,26.331679397
HUN,Incidence of low and high pay,LP_I,PT_EMP_FT,A,1989,8.1290614799
HUN,Incidence of low and high pay,LP_I,PT_EMP_FT,A,1992,25.22
HUN,Incidence of low and high pay,LP_I,PT_EMP_FT,A,1992,19.4
HUN,Incidence of low and high pay,LP_I,PT_EMP_FT,A,1992,14.07
HUN,Incidence of low and high pay,LP_I,PT_EMP_FT,A,1993,16.93
HUN,Incidence of low and high pay,LP_I,PT_EMP_FT,A,1993,19.22
HUN,Incidence of low and high pay,LP_I,PT_EMP_FT,A,1993,21.27
HUN,Incidence of low and high pay,LP_I,PT_EMP_FT,A,1994,25.63
HUN,Incidence of low and high pay,LP_I,PT_EMP_FT,A,1994,20.78
HUN,Incidence of low and high pay,LP_I,PT_EMP_FT,A,1994,16.05
HUN,Incidence of low and high pay,LP_I,PT_EMP_FT,A,1995,15.2
HUN,Incidence of low and high pay,LP_I,PT_EMP_FT,A,1995,19.94
HUN,Incidence of low and high pay,LP_I,PT_EMP_FT,A,1995,24.75
HUN,Incidence of low and high pay,LP_I,PT_EMP_FT,A,1996,21.005582361
HUN,Incidence of low and high pay,LP_I,PT_EMP_FT,A,1996,26.459308599
HUN,Incidence of low and high pay,LP_I,PT_EMP_FT,A,1996,15.546054811
HUN,Incidence of low and high pay,LP_I,PT_EMP_FT,A,1997,21.867880512
HUN,Incidence of low and high pay,LP_I,PT_EMP_FT,A,1997,25.721022389
HUN,Incidence of low and high pay,LP_I,PT_EMP_FT,A,1997,18.082609175
HUN,Incidence of low and high pay,LP_I,PT_EMP_FT,A,1998,21.997695331
HUN,Incidence of low and high pay,LP_I,PT_EMP_FT,A,1998,25.855130078
HUN,Incidence of low and high pay,LP_I,PT_EMP_FT,A,1998,18.110592272
HUN,Incidence of low and high pay,LP_I,PT_EMP_FT,A,1999,22.671407679
HUN,Incidence of low and high pay,LP_I,PT_EMP_FT,A,1999,26.411420292
HUN,Incidence of low and high pay,LP_I,PT_EMP_FT,A,1999,18.838932382
HUN,Incidence of low and high pay,LP_I,PT_EMP_FT,A,2000,26.48
HUN,Incidence of low and high pay,LP_I,PT_EMP_FT,A,2000,23.41
HUN,Incidence of low and high pay,LP_I,PT_EMP_FT,A,2000,20.38
HUN,Incidence of low and high pay,LP_I,PT_EMP_FT,A,2001,18.84
HUN,Incidence of low and high pay,LP_I,PT_EMP_FT,A,2001,21.74
HUN,Incidence of low and high pay,LP_I,PT_EMP_FT,A,2001,24.59
HUN,Incidence of low and high pay,LP_I,PT_EMP_FT,A,2002,22.95
HUN,Incidence of low and high pay,LP_I,PT_EMP_FT,A,2002,21.67
HUN,Incidence of low and high pay,LP_I,PT_EMP_FT,A,2002,20.42
HUN,Incidence of low and high pay,LP_I,PT_EMP_FT,A,2003,23.41
HUN,Incidence of low and high pay,LP_I,PT_EMP_FT,A,2003,22.69
HUN,Incidence of low and high pay,LP_I,PT_EMP_FT,A,2003,21.97
HUN,Incidence of low and high pay,LP_I,PT_EMP_FT,A,2004,22.82
HUN,Incidence of low and high pay,LP_I,PT_EMP_FT,A,2004,22.95
HUN,Incidence of low and high pay,LP_I,PT_EMP_FT,A,2004,23.09
HUN,Incidence of low and high pay,LP_I,PT_EMP_FT,A,2005,23.31
HUN,Incidence of low and high pay,LP_I,PT_EMP_FT,A,2005,23.09
HUN,Incidence of low and high pay,LP_I,PT_EMP_FT,A,2005,22.88
HUN,Incidence of low and high pay,LP_I,PT_EMP_FT,A,2006,21.56
HUN,Incidence of low and high pay,LP_I,PT_EMP_FT,A,2006,23.11
HUN,Incidence of low and high pay,LP_I,PT_EMP_FT,A,2006,24.66
HUN,Incidence of low and high pay,LP_I,PT_EMP_FT,A,2007,20.65
HUN,Incidence of low and high pay,LP_I,PT_EMP_FT,A,2007,21.16
HUN,Incidence of low and high pay,LP_I,PT_EMP_FT,A,2007,21.69
HUN,Incidence of low and high pay,LP_I,PT_EMP_FT,A,2008,21.44
HUN,Incidence of low and high pay,LP_I,PT_EMP_FT,A,2008,20.79
HUN,Incidence of low and high pay,LP_I,PT_EMP_FT,A,2008,20.15
HUN,Incidence of low and high pay,LP_I,PT_EMP_FT,A,2009,21.1
HUN,Incidence of low and high pay,LP_I,PT_EMP_FT,A,2009,21.79
HUN,Incidence of low and high pay,LP_I,PT_EMP_FT,A,2009,22.49
HUN,Incidence of low and high pay,LP_I,PT_EMP_FT,A,2010,21.93
HUN,Incidence of low and high pay,LP_I,PT_EMP_FT,A,2010,21
HUN,Incidence of low and high pay,LP_I,PT_EMP_FT,A,2010,20.1
HUN,Incidence of low and high pay,LP_I,PT_EMP_FT,A,2011,18.72
HUN,Incidence of low and high pay,LP_I,PT_EMP_FT,A,2011,19.99
HUN,Incidence of low and high pay,LP_I,PT_EMP_FT,A,2011,21.33
HUN,Incidence of low and high pay,LP_I,PT_EMP_FT,A,2012,19.54
HUN,Incidence of low and high pay,LP_I,PT_EMP_FT,A,2012,17.39
HUN,Incidence of low and high pay,LP_I,PT_EMP_FT,A,2012,15.34
HUN,Incidence of low and high pay,LP_I,PT_EMP_FT,A,2013,15.3
HUN,Incidence of low and high pay,LP_I,PT_EMP_FT,A,2013,16.81
HUN,Incidence of low and high pay,LP_I,PT_EMP_FT,A,2013,18.43
HUN,Incidence of low and high pay,LP_I,PT_EMP_FT,A,2014,19.37
HUN,Incidence of low and high pay,LP_I,PT_EMP_FT,A,2014,18.65
HUN,Incidence of low and high pay,LP_I,PT_EMP_FT,A,2014,18
HUN,Incidence of low and high pay,LP_I,PT_EMP_FT,A,2015,17.79
HUN,Incidence of low and high pay,LP_I,PT_EMP_FT,A,2015,19.78
HUN,Incidence of low and high pay,LP_I,PT_EMP_FT,A,2015,21.92
HUN,Incidence of low and high pay,LP_I,PT_EMP_FT,A,2016,21.1
HUN,Incidence of low and high pay,LP_I,PT_EMP_FT,A,2016,19.55
HUN,Incidence of low and high pay,LP_I,PT_EMP_FT,A,2016,18.1
HUN,Incidence of low and high pay,LP_I,PT_EMP_FT,A,2017,16.37
HUN,Incidence of low and high pay,LP_I,PT_EMP_FT,A,2017,15.72
HUN,Incidence of low and high pay,LP_I,PT_EMP_FT,A,2017,15.02
HUN,Incidence of low and high pay,LP_I,PT_EMP_FT,A,2018,14.79
HUN,Incidence of low and high pay,LP_I,PT_EMP_FT,A,2018,15.97
HUN,Incidence of low and high pay,LP_I,PT_EMP_FT,A,2018,17.06
HUN,Incidence of low and high pay,LP_I,PT_EMP_FT,A,2019,20.264064334
HUN,Incidence of low and high pay,LP_I,PT_EMP_FT,A,2019,20.01
HUN,Incidence of low and high pay,LP_I,PT_EMP_FT,A,2019,20.56
HUN,Incidence of low and high pay,LP_I,PT_EMP_FT,A,2020,19.849249378
HUN,Incidence of low and high pay,LP_I,PT_EMP_FT,A,2020,19.689275212
HUN,Incidence of low and high pay,LP_I,PT_EMP_FT,A,2020,19.987921247
HUN,Incidence of low and high pay,LP_I,PT_EMP_FT,A,2021,21.036082766
HUN,Incidence of low and high pay,LP_I,PT_EMP_FT,A,2021,21.955783004
HUN,Incidence of low and high pay,LP_I,PT_EMP_FT,A,2021,20.2514108
HUN,Incidence of low and high pay,LP_I,PT_EMP_FT,A,2022,19.300624806
HUN,Incidence of low and high pay,LP_I,PT_EMP_FT,A,2022,19.734233586
HUN,Incidence of low and high pay,LP_I,PT_EMP_FT,A,2022,18.931253193
HUN,Incidence of low and high pay,LP_I,PT_EMP_FT,A,2023,18.834899266
HUN,Incidence of low and high pay,LP_I,PT_EMP_FT,A,2023,19.317114839
HUN,Incidence of low and high pay,LP_I,PT_EMP_FT,A,2023,19.896791442
IND,Incidence of low and high pay,LP_I,PT_EMP_FT,A,2018,18.598711325
IND,Incidence of low and high pay,LP_I,PT_EMP_FT,A,2018,25.193554623
IND,Incidence of low and high pay,LP_I,PT_EMP_FT,A,2018,49.417057988
IND,Incidence of low and high pay,HP_I,PT_EMP_FT,A,2018,30.147236939
IND,Incidence of low and high pay,HP_I,PT_EMP_FT,A,2018,23.457783177
IND,Incidence of low and high pay,HP_I,PT_EMP_FT,A,2018,31.968439209
IND,Incidence of low and high pay,LP_I,PT_EMP_FT,A,2019,15.231118233
IND,Incidence of low and high pay,LP_I,PT_EMP_FT,A,2019,22.229297032
IND,Incidence of low and high pay,LP_I,PT_EMP_FT,A,2019,46.663527984
IND,Incidence of low and high pay,HP_I,PT_EMP_FT,A,2019,30.799962909
IND,Incidence of low and high pay,HP_I,PT_EMP_FT,A,2019,23.288428529
IND,Incidence of low and high pay,HP_I,PT_EMP_FT,A,2019,32.951332467
IND,Incidence of low and high pay,LP_I,PT_EMP_FT,A,2020,20.399677834
IND,Incidence of low and high pay,LP_I,PT_EMP_FT,A,2020,27.126741148
IND,Incidence of low and high pay,LP_I,PT_EMP_FT,A,2020,48.000444397
IND,Incidence of low and high pay,HP_I,PT_EMP_FT,A,2020,28.28011521
IND,Incidence of low and high pay,HP_I,PT_EMP_FT,A,2020,23.014943188
IND,Incidence of low and high pay,HP_I,PT_EMP_FT,A,2020,29.976946152
IND,Incidence of low and high pay,LP_I,PT_EMP_FT,A,2021,17.132839533
IND,Incidence of low and high pay,LP_I,PT_EMP_FT,A,2021,24.446262754
IND,Incidence of low and high pay,LP_I,PT_EMP_FT,A,2021,47.552743924
IND,Incidence of low and high pay,HP_I,PT_EMP_FT,A,2021,29.525722315
IND,Incidence of low and high pay,HP_I,PT_EMP_FT,A,2021,22.574537109
IND,Incidence of low and high pay,HP_I,PT_EMP_FT,A,2021,31.725839197
IND,Incidence of low and high pay,LP_I,PT_EMP_FT,A,2022,20.257999625
IND,Incidence of low and high pay,LP_I,PT_EMP_FT,A,2022,26.890193422
IND,Incidence of low and high pay,LP_I,PT_EMP_FT,A,2022,49.517276445
IND,Incidence of low and high pay,HP_I,PT_EMP_FT,A,2022,30.355133012
IND,Incidence of low and high pay,HP_I,PT_EMP_FT,A,2022,24.579894311
IND,Incidence of low and high pay,HP_I,PT_EMP_FT,A,2022,32.047905441
IND,Incidence of low and high pay,LP_I,PT_EMP_FT,A,2023,20.038556931
IND,Incidence of low and high pay,LP_I,PT_EMP_FT,A,2023,27.835653327
IND,Incidence of low and high pay,LP_I,PT_EMP_FT,A,2023,51.356258676
IND,Incidence of low and high pay,HP_I,PT_EMP_FT,A,2023,27.568794652
IND,Incidence of low and high pay,HP_I,PT_EMP_FT,A,2023,22.053555403
IND,Incidence of low and high pay,HP_I,PT_EMP_FT,A,2023,29.39710015
IND,Incidence of low and high pay,LP_I,PT_EMP_FT,A,2024,15.598919765
IND,Incidence of low and high pay,LP_I,PT_EMP_FT,A,2024,23.700831836
IND,Incidence of low and high pay,LP_I,PT_EMP_FT,A,2024,48.125128867
IND,Incidence of low and high pay,HP_I,PT_EMP_FT,A,2024,28.370657374
IND,Incidence of low and high pay,HP_I,PT_EMP_FT,A,2024,22.01421873
IND,Incidence of low and high pay,HP_I,PT_EMP_FT,A,2024,30.47918508
IRL,Incidence of low and high pay,LP_I,PT_EMP_FT,A,2002,16.461538462
IRL,Incidence of low and high pay,HP_I,PT_EMP_FT,A,2002,25.999688081
IRL,Incidence of low and high pay,HP_I,PT_EMP_FT,A,2002,18.999837451
IRL,Incidence of low and high pay,LP_I,PT_EMP_FT,A,2002,21.529411765
IRL,Incidence of low and high pay,LP_I,PT_EMP_FT,A,2002,12.028571429
IRL,Incidence of low and high pay,HP_I,PT_EMP_FT,A,2002,30.999935001
IRL,Incidence of low and high pay,LP_I,PT_EMP_FT,A,2006,18.094017094
IRL,Incidence of low and high pay,HP_I,PT_EMP_FT,A,2006,25.998925384
IRL,Incidence of low and high pay,HP_I,PT_EMP_FT,A,2006,17.998782654
IRL,Incidence of low and high pay,LP_I,PT_EMP_FT,A,2006,24.504761905
IRL,Incidence of low and high pay,LP_I,PT_EMP_FT,A,2006,12.859259259
IRL,Incidence of low and high pay,HP_I,PT_EMP_FT,A,2006,30.99995323
IRL,Incidence of low and high pay,LP_I,PT_EMP_FT,A,2010,17.715447154
IRL,Incidence of low and high pay,HP_I,PT_EMP_FT,A,2010,23.999726032
IRL,Incidence of low and high pay,HP_I,PT_EMP_FT,A,2010,18.997085536
IRL,Incidence of low and high pay,LP_I,PT_EMP_FT,A,2010,21.771929825
IRL,Incidence of low and high pay,LP_I,PT_EMP_FT,A,2010,14.266666667
IRL,Incidence of low and high pay,HP_I,PT_EMP_FT,A,2010,28.999447575
IRL,Incidence of low and high pay,LP_I,PT_EMP_FT,A,2014,17.02020202
IRL,Incidence of low and high pay,HP_I,PT_EMP_FT,A,2014,25.997377548
IRL,Incidence of low and high pay,HP_I,PT_EMP_FT,A,2014,19.999394621
IRL,Incidence of low and high pay,LP_I,PT_EMP_FT,A,2014,20.780701754
IRL,Incidence of low and high pay,LP_I,PT_EMP_FT,A,2014,13.837606838
IRL,Incidence of low and high pay,HP_I,PT_EMP_FT,A,2014,30.99720883
IRL,Incidence of low and high pay,LP_I,PT_EMP_FT,A,2018,14.902777778
IRL,Incidence of low and high pay,HP_I,PT_EMP_FT,A,2018,27.999628958
IRL,Incidence of low and high pay,HP_I,PT_EMP_FT,A,2018,25.998134264
IRL,Incidence of low and high pay,LP_I,PT_EMP_FT,A,2018,18.324074074
IRL,Incidence of low and high pay,LP_I,PT_EMP_FT,A,2018,11.990196078
IRL,Incidence of low and high pay,HP_I,PT_EMP_FT,A,2018,30.997580256
IRL,Incidence of low and high pay,LP_I,PT_EMP_FT,A,2022,16.085967413
IRL,Incidence of low and high pay,LP_I,PT_EMP_FT,A,2022,13.607140706
IRL,Incidence of low and high pay,HP_I,PT_EMP_FT,A,2022,33.042295103
IRL,Incidence of low and high pay,HP_I,PT_EMP_FT,A,2022,36.594014895
IRL,Incidence of low and high pay,LP_I,PT_EMP_FT,A,2022,18.778374389
IRL,Incidence of low and high pay,HP_I,PT_EMP_FT,A,2022,30.519601612
IRL,Incidence of low and high pay,LP_I,PT_EMP_FT,A,2023,14.165425745
IRL,Incidence of low and high pay,LP_I,PT_EMP_FT,A,2023,12.463999629
IRL,Incidence of low and high pay,HP_I,PT_EMP_FT,A,2023,31.782261368
IRL,Incidence of low and high pay,HP_I,PT_EMP_FT,A,2023,35.808329839
IRL,Incidence of low and high pay,LP_I,PT_EMP_FT,A,2023,17.895692813
IRL,Incidence of low and high pay,HP_I,PT_EMP_FT,A,2023,31.017988129
ISL,Incidence of low and high pay,LP_I,PT_EMP_FT,A,2002,7.3857277586
ISL,Incidence of low and high pay,HP_I,PT_EMP_FT,A,2002,24.998675339
ISL,Incidence of low and high pay,HP_I,PT_EMP_FT,A,2002,8.9866158874
ISL,Incidence of low and high pay,LP_I,PT_EMP_FT,A,2002,15.893825736
ISL,Incidence of low and high pay,LP_I,PT_EMP_FT,A,2002,4.5653894585
ISL,Incidence of low and high pay,HP_I,PT_EMP_FT,A,2002,30.997855593
ISL,Incidence of low and high pay,LP_I,PT_EMP_FT,A,2006,7.3333333333
ISL,Incidence of low and high pay,HP_I,PT_EMP_FT,A,2006,26.9998944
ISL,Incidence of low and high pay,HP_I,PT_EMP_FT,A,2006,15.997138346
ISL,Incidence of low and high pay,LP_I,PT_EMP_FT,A,2006,11.978494624
ISL,Incidence of low and high pay,LP_I,PT_EMP_FT,A,2006,3.4275362319
ISL,Incidence of low and high pay,HP_I,PT_EMP_FT,A,2006,36.999653113
ISL,Incidence of low and high pay,LP_I,PT_EMP_FT,A,2010,6.4509803922
ISL,Incidence of low and high pay,HP_I,PT_EMP_FT,A,2010,21.99987452
ISL,Incidence of low and high pay,HP_I,PT_EMP_FT,A,2010,13.998264013
ISL,Incidence of low and high pay,LP_I,PT_EMP_FT,A,2010,10.016666667
ISL,Incidence of low and high pay,LP_I,PT_EMP_FT,A,2010,3.4691358025
ISL,Incidence of low and high pay,HP_I,PT_EMP_FT,A,2010,29.998651097
ISL,Incidence of low and high pay,LP_I,PT_EMP_FT,A,2014,8.2254901961
ISL,Incidence of low and high pay,HP_I,PT_EMP_FT,A,2014,20.998153362
ISL,Incidence of low and high pay,HP_I,PT_EMP_FT,A,2014,12.998360893
ISL,Incidence of low and high pay,LP_I,PT_EMP_FT,A,2014,12.654320988
ISL,Incidence of low and high pay,LP_I,PT_EMP_FT,A,2014,4.3939393939
ISL,Incidence of low and high pay,HP_I,PT_EMP_FT,A,2014,26.999393792
ISL,Incidence of low and high pay,LP_I,PT_EMP_FT,A,2018,7.5986394558
ISL,Incidence of low and high pay,HP_I,PT_EMP_FT,A,2018,20.998653563
ISL,Incidence of low and high pay,HP_I,PT_EMP_FT,A,2018,14.997159302
ISL,Incidence of low and high pay,LP_I,PT_EMP_FT,A,2018,11.239316239
ISL,Incidence of low and high pay,LP_I,PT_EMP_FT,A,2018,4.6126126126
ISL,Incidence of low and high pay,HP_I,PT_EMP_FT,A,2018,25.999597077
ISR,Incidence of low and high pay,LP_I,PT_EMP_FT,A,2001,25.309139335
ISR,Incidence of low and high pay,HP_I,PT_EMP_FT,A,2001,28.830480632
ISR,Incidence of low and high pay,HP_I,PT_EMP_FT,A,2001,17.542613666
ISR,Incidence of low and high pay,LP_I,PT_EMP_FT,A,2001,36.54747791
ISR,Incidence of low and high pay,LP_I,PT_EMP_FT,A,2001,18.358945898
ISR,Incidence of low and high pay,HP_I,PT_EMP_FT,A,2001,35.81130421
ISR,Incidence of low and high pay,LP_I,PT_EMP_FT,A,2002,23.89518101
ISR,Incidence of low and high pay,HP_I,PT_EMP_FT,A,2002,28.440427035
ISR,Incidence of low and high pay,HP_I,PT_EMP_FT,A,2002,18.761283678
ISR,Incidence of low and high pay,LP_I,PT_EMP_FT,A,2002,33.096361697
ISR,Incidence of low and high pay,LP_I,PT_EMP_FT,A,2002,18.352849061
ISR,Incidence of low and high pay,HP_I,PT_EMP_FT,A,2002,34.270659836
ISR,Incidence of low and high pay,LP_I,PT_EMP_FT,A,2003,23.251884542
ISR,Incidence of low and high pay,HP_I,PT_EMP_FT,A,2003,28.242277827
ISR,Incidence of low and high pay,HP_I,PT_EMP_FT,A,2003,18.161283233
ISR,Incidence of low and high pay,LP_I,PT_EMP_FT,A,2003,32.225549701
ISR,Incidence of low and high pay,LP_I,PT_EMP_FT,A,2003,17.810739532
ISR,Incidence of low and high pay,HP_I,PT_EMP_FT,A,2003,34.35484749
ISR,Incidence of low and high pay,LP_I,PT_EMP_FT,A,2004,23.196394237
ISR,Incidence of low and high pay,HP_I,PT_EMP_FT,A,2004,27.926710191
ISR,Incidence of low and high pay,HP_I,PT_EMP_FT,A,2004,17.88966048
ISR,Incidence of low and high pay,LP_I,PT_EMP_FT,A,2004,32.818410939
ISR,Incidence of low and high pay,LP_I,PT_EMP_FT,A,2004,17.231875828
ISR,Incidence of low and high pay,HP_I,PT_EMP_FT,A,2004,34.148500242
ISR,Incidence of low and high pay,LP_I,PT_EMP_FT,A,2005,22.981697382
ISR,Incidence of low and high pay,HP_I,PT_EMP_FT,A,2005,27.929444418
ISR,Incidence of low and high pay,HP_I,PT_EMP_FT,A,2005,18.632459973
ISR,Incidence of low and high pay,LP_I,PT_EMP_FT,A,2005,31.872196985
ISR,Incidence of low and high pay,LP_I,PT_EMP_FT,A,2005,17.427842529
ISR,Incidence of low and high pay,HP_I,PT_EMP_FT,A,2005,33.737228513
ISR,Incidence of low and high pay,LP_I,PT_EMP_FT,A,2006,22.499048052
ISR,Incidence of low and high pay,HP_I,PT_EMP_FT,A,2006,28.497121808
ISR,Incidence of low and high pay,HP_I,PT_EMP_FT,A,2006,20.418746818
ISR,Incidence of low and high pay,LP_I,PT_EMP_FT,A,2006,31.950294792
ISR,Incidence of low and high pay,LP_I,PT_EMP_FT,A,2006,16.612985068
ISR,Incidence of low and high pay,HP_I,PT_EMP_FT,A,2006,33.528185466
ISR,Incidence of low and high pay,LP_I,PT_EMP_FT,A,2007,22.269990682
ISR,Incidence of low and high pay,HP_I,PT_EMP_FT,A,2007,28.688627667
ISR,Incidence of low and high pay,HP_I,PT_EMP_FT,A,2007,20.273193677
ISR,Incidence of low and high pay,LP_I,PT_EMP_FT,A,2007,30.440685671
ISR,Incidence of low and high pay,LP_I,PT_EMP_FT,A,2007,16.907558051
ISR,Incidence of low and high pay,HP_I,PT_EMP_FT,A,2007,34.21168267
ISR,Incidence of low and high pay,LP_I,PT_EMP_FT,A,2008,21.360702227
ISR,Incidence of low and high pay,HP_I,PT_EMP_FT,A,2008,28.137763162
ISR,Incidence of low and high pay,HP_I,PT_EMP_FT,A,2008,18.951587632
ISR,Incidence of low and high pay,LP_I,PT_EMP_FT,A,2008,29.680937317
ISR,Incidence of low and high pay,LP_I,PT_EMP_FT,A,2008,15.999940777
ISR,Incidence of low and high pay,HP_I,PT_EMP_FT,A,2008,34.056453576
ISR,Incidence of low and high pay,LP_I,PT_EMP_FT,A,2009,22.152290255
ISR,Incidence of low and high pay,HP_I,PT_EMP_FT,A,2009,28.165019334
ISR,Incidence of low and high pay,HP_I,PT_EMP_FT,A,2009,20.19192916
ISR,Incidence of low and high pay,LP_I,PT_EMP_FT,A,2009,30.135754803
ISR,Incidence of low and high pay,LP_I,PT_EMP_FT,A,2009,16.816798398
ISR,Incidence of low and high pay,HP_I,PT_EMP_FT,A,2009,33.493577812
ISR,Incidence of low and high pay,LP_I,PT_EMP_FT,A,2010,21.433368421
ISR,Incidence of low and high pay,HP_I,PT_EMP_FT,A,2010,28.517489831
ISR,Incidence of low and high pay,HP_I,PT_EMP_FT,A,2010,20.413900977
ISR,Incidence of low and high pay,LP_I,PT_EMP_FT,A,2010,29.007390126
ISR,Incidence of low and high pay,LP_I,PT_EMP_FT,A,2010,16.307032302
ISR,Incidence of low and high pay,HP_I,PT_EMP_FT,A,2010,34.002253653
ISR,Incidence of low and high pay,LP_I,PT_EMP_FT,A,2011,22.454380909
ISR,Incidence of low and high pay,HP_I,PT_EMP_FT,A,2011,27.48497074
ISR,Incidence of low and high pay,HP_I,PT_EMP_FT,A,2011,19.332614373
ISR,Incidence of low and high pay,LP_I,PT_EMP_FT,A,2011,29.787427506
ISR,Incidence of low and high pay,LP_I,PT_EMP_FT,A,2011,17.253525331
ISR,Incidence of low and high pay,HP_I,PT_EMP_FT,A,2011,33.266909736
ISR,Incidence of low and high pay,LP_I,PT_EMP_FT,A,2012,21.829596847
ISR,Incidence of low and high pay,HP_I,PT_EMP_FT,A,2012,29.074731008
ISR,Incidence of low and high pay,HP_I,PT_EMP_FT,A,2012,21.28993191
ISR,Incidence of low and high pay,LP_I,PT_EMP_FT,A,2012,30.351013339
ISR,Incidence of low and high pay,LP_I,PT_EMP_FT,A,2012,15.949644737
ISR,Incidence of low and high pay,HP_I,PT_EMP_FT,A,2012,34.446402013
ISR,Incidence of low and high pay,LP_I,PT_EMP_FT,A,2013,22.214552247
ISR,Incidence of low and high pay,HP_I,PT_EMP_FT,A,2013,28.672917433
ISR,Incidence of low and high pay,HP_I,PT_EMP_FT,A,2013,21.395154332
ISR,Incidence of low and high pay,LP_I,PT_EMP_FT,A,2013,29.971780067
ISR,Incidence of low and high pay,LP_I,PT_EMP_FT,A,2013,16.566750994
ISR,Incidence of low and high pay,HP_I,PT_EMP_FT,A,2013,33.971635029
ISR,Incidence of low and high pay,LP_I,PT_EMP_FT,A,2014,23.465012557
ISR,Incidence of low and high pay,HP_I,PT_EMP_FT,A,2014,28.681007637
ISR,Incidence of low and high pay,HP_I,PT_EMP_FT,A,2014,20.590760776
ISR,Incidence of low and high pay,LP_I,PT_EMP_FT,A,2014,30.139272156
ISR,Incidence of low and high pay,LP_I,PT_EMP_FT,A,2014,18.579489367
ISR,Incidence of low and high pay,HP_I,PT_EMP_FT,A,2014,34.603026113
ISR,Incidence of low and high pay,LP_I,PT_EMP_FT,A,2015,23.792816487
ISR,Incidence of low and high pay,HP_I,PT_EMP_FT,A,2015,29.193427257
ISR,Incidence of low and high pay,HP_I,PT_EMP_FT,A,2015,21.936332093
ISR,Incidence of low and high pay,LP_I,PT_EMP_FT,A,2015,30.823132109
ISR,Incidence of low and high pay,LP_I,PT_EMP_FT,A,2015,18.769720058
ISR,Incidence of low and high pay,HP_I,PT_EMP_FT,A,2015,34.378555602
ISR,Incidence of low and high pay,LP_I,PT_EMP_FT,A,2016,23.137244677
ISR,Incidence of low and high pay,HP_I,PT_EMP_FT,A,2016,29.177299144
ISR,Incidence of low and high pay,HP_I,PT_EMP_FT,A,2016,20.83707682
ISR,Incidence of low and high pay,LP_I,PT_EMP_FT,A,2016,30.420916224
ISR,Incidence of low and high pay,LP_I,PT_EMP_FT,A,2016,17.884003946
ISR,Incidence of low and high pay,HP_I,PT_EMP_FT,A,2016,35.192561547
ISR,Incidence of low and high pay,LP_I,PT_EMP_FT,A,2017,22.626982606
ISR,Incidence of low and high pay,HP_I,PT_EMP_FT,A,2017,28.563680545
ISR,Incidence of low and high pay,HP_I,PT_EMP_FT,A,2017,19.567825244
ISR,Incidence of low and high pay,LP_I,PT_EMP_FT,A,2017,30.366246815
ISR,Incidence of low and high pay,LP_I,PT_EMP_FT,A,2017,16.782954999
ISR,Incidence of low and high pay,HP_I,PT_EMP_FT,A,2017,35.356577815
ISR,Incidence of low and high pay,LP_I,PT_EMP_FT,A,2018,22.408257425
ISR,Incidence of low and high pay,HP_I,PT_EMP_FT,A,2018,27.814244294
ISR,Incidence of low and high pay,HP_I,PT_EMP_FT,A,2018,20.228450596
ISR,Incidence of low and high pay,LP_I,PT_EMP_FT,A,2018,31.480157417
ISR,Incidence of low and high pay,LP_I,PT_EMP_FT,A,2018,15.570761727
ISR,Incidence of low and high pay,HP_I,PT_EMP_FT,A,2018,33.531660912
ISR,Incidence of low and high pay,LP_I,PT_EMP_FT,A,2019,21.258181938
ISR,Incidence of low and high pay,HP_I,PT_EMP_FT,A,2019,28.260403246
ISR,Incidence of low and high pay,HP_I,PT_EMP_FT,A,2019,19.442380418
ISR,Incidence of low and high pay,LP_I,PT_EMP_FT,A,2019,27.665460823
ISR,Incidence of low and high pay,LP_I,PT_EMP_FT,A,2019,16.526575412
ISR,Incidence of low and high pay,HP_I,PT_EMP_FT,A,2019,34.772280615
ISR,Incidence of low and high pay,LP_I,PT_EMP_FT,A,2020,25.138158885
ISR,Incidence of low and high pay,HP_I,PT_EMP_FT,A,2020,27.313394129
ISR,Incidence of low and high pay,HP_I,PT_EMP_FT,A,2020,19.61536744
ISR,Incidence of low and high pay,LP_I,PT_EMP_FT,A,2020,31.728482237
ISR,Incidence of low and high pay,LP_I,PT_EMP_FT,A,2020,20.243833877
ISR,Incidence of low and high pay,HP_I,PT_EMP_FT,A,2020,33.030358612
ISR,Incidence of low and high pay,LP_I,PT_EMP_FT,A,2021,23.388478697
ISR,Incidence of low and high pay,HP_I,PT_EMP_FT,A,2021,27.432889668
ISR,Incidence of low and high pay,HP_I,PT_EMP_FT,A,2021,18.967618476
ISR,Incidence of low and high pay,LP_I,PT_EMP_FT,A,2021,31.702584729
ISR,Incidence of low and high pay,LP_I,PT_EMP_FT,A,2021,17.164343217
ISR,Incidence of low and high pay,HP_I,PT_EMP_FT,A,2021,33.770190944
ISR,Incidence of low and high pay,LP_I,PT_EMP_FT,A,2022,23.384379707
ISR,Incidence of low and high pay,LP_I,PT_EMP_FT,A,2022,17.934531177
ISR,Incidence of low and high pay,LP_I,PT_EMP_FT,A,2022,30.843748562
ISR,Incidence of low and high pay,HP_I,PT_EMP_FT,A,2022,26.353162945
ISR,Incidence of low and high pay,HP_I,PT_EMP_FT,A,2022,32.753350062
ISR,Incidence of low and high pay,HP_I,PT_EMP_FT,A,2022,17.59303756
ITA,Incidence of low and high pay,LP_I,PT_EMP_FT,A,2002,5.6666666667
ITA,Incidence of low and high pay,HP_I,PT_EMP_FT,A,2002,17.999295537
ITA,Incidence of low and high pay,HP_I,PT_EMP_FT,A,2002,9.9983489514
ITA,Incidence of low and high pay,LP_I,PT_EMP_FT,A,2002,10.30952381
ITA,Incidence of low and high pay,LP_I,PT_EMP_FT,A,2002,3.9777777778
ITA,Incidence of low and high pay,HP_I,PT_EMP_FT,A,2002,20.999295537
ITA,Incidence of low and high pay,LP_I,PT_EMP_FT,A,2006,8.1805555556
ITA,Incidence of low and high pay,HP_I,PT_EMP_FT,A,2006,18.998962912
ITA,Incidence of low and high pay,HP_I,PT_EMP_FT,A,2006,10.999332666
ITA,Incidence of low and high pay,LP_I,PT_EMP_FT,A,2006,11.351851852
ITA,Incidence of low and high pay,LP_I,PT_EMP_FT,A,2006,6.2777777778
ITA,Incidence of low and high pay,HP_I,PT_EMP_FT,A,2006,22.999654065
ITA,Incidence of low and high pay,LP_I,PT_EMP_FT,A,2010,8.1449275362
ITA,Incidence of low and high pay,HP_I,PT_EMP_FT,A,2010,17.999697833
ITA,Incidence of low and high pay,HP_I,PT_EMP_FT,A,2010,11.999667921
ITA,Incidence of low and high pay,LP_I,PT_EMP_FT,A,2010,9.1449275362
ITA,Incidence of low and high pay,LP_I,PT_EMP_FT,A,2010,7.862745098
ITA,Incidence of low and high pay,HP_I,PT_EMP_FT,A,2010,21.999417413
ITA,Incidence of low and high pay,LP_I,PT_EMP_FT,A,2014,4.6495726496
ITA,Incidence of low and high pay,HP_I,PT_EMP_FT,A,2014,18.999947424
ITA,Incidence of low and high pay,HP_I,PT_EMP_FT,A,2014,11.999908636
ITA,Incidence of low and high pay,LP_I,PT_EMP_FT,A,2014,4.287037037
ITA,Incidence of low and high pay,HP_I,PT_EMP_FT,A,2014,22.999958335
ITA,Incidence of low and high pay,LP_I,PT_EMP_FT,A,2018,3.7117117117
ITA,Incidence of low and high pay,HP_I,PT_EMP_FT,A,2018,18.999928385
ITA,Incidence of low and high pay,HP_I,PT_EMP_FT,A,2018,12.998995567
ITA,Incidence of low and high pay,LP_I,PT_EMP_FT,A,2018,3.2614379085
ITA,Incidence of low and high pay,HP_I,PT_EMP_FT,A,2018,22.999895336
ITA,Incidence of low and high pay,LP_I,PT_EMP_FT,A,2022,11.20835941
ITA,Incidence of low and high pay,LP_I,PT_EMP_FT,A,2022,3.4850535063
ITA,Incidence of low and high pay,LP_I,PT_EMP_FT,A,2022,3.9102953441
ITA,Incidence of low and high pay,HP_I,PT_EMP_FT,A,2022,24.638495641
ITA,Incidence of low and high pay,HP_I,PT_EMP_FT,A,2022,16.351907812
ITA,Incidence of low and high pay,HP_I,PT_EMP_FT,A,2022,21.161105795
ITA,Incidence of low and high pay,LP_I,PT_EMP_FT,A,2023,10.803330633
ITA,Incidence of low and high pay,LP_I,PT_EMP_FT,A,2023,3.2960379852
ITA,Incidence of low and high pay,LP_I,PT_EMP_FT,A,2023,3.6005987743
ITA,Incidence of low and high pay,HP_I,PT_EMP_FT,A,2023,24.977882656
ITA,Incidence of low and high pay,HP_I,PT_EMP_FT,A,2023,18.714092956
ITA,Incidence of low and high pay,HP_I,PT_EMP_FT,A,2023,20.613277071
JPN,Incidence of low and high pay,LP_I,PT_EMP_FT,A,1975,18.819224784
JPN,Incidence of low and high pay,LP_I,PT_EMP_FT,A,1975,47.757047213
JPN,Incidence of low and high pay,LP_I,PT_EMP_FT,A,1975,5.7715742257
JPN,Incidence of low and high pay,LP_I,PT_EMP_FT,A,1976,15.962475456
JPN,Incidence of low and high pay,LP_I,PT_EMP_FT,A,1976,40.489625414
JPN,Incidence of low and high pay,LP_I,PT_EMP_FT,A,1976,4.6155620823
JPN,Incidence of low and high pay,LP_I,PT_EMP_FT,A,1977,16.902405857
JPN,Incidence of low and high pay,LP_I,PT_EMP_FT,A,1977,42.478901345
JPN,Incidence of low and high pay,LP_I,PT_EMP_FT,A,1977,5.1229792879
JPN,Incidence of low and high pay,LP_I,PT_EMP_FT,A,1978,17.034674144
JPN,Incidence of low and high pay,LP_I,PT_EMP_FT,A,1978,42.813427912
JPN,Incidence of low and high pay,LP_I,PT_EMP_FT,A,1978,5.2173196288
JPN,Incidence of low and high pay,LP_I,PT_EMP_FT,A,1979,17.926494605
JPN,Incidence of low and high pay,LP_I,PT_EMP_FT,A,1979,44.925361383
JPN,Incidence of low and high pay,LP_I,PT_EMP_FT,A,1979,5.6388385639
JPN,Incidence of low and high pay,LP_I,PT_EMP_FT,A,1980,18.302549865
JPN,Incidence of low and high pay,LP_I,PT_EMP_FT,A,1980,45.864523728
JPN,Incidence of low and high pay,LP_I,PT_EMP_FT,A,1980,5.8038496284
JPN,Incidence of low and high pay,LP_I,PT_EMP_FT,A,1981,18.576962162
JPN,Incidence of low and high pay,LP_I,PT_EMP_FT,A,1981,46.289977061
JPN,Incidence of low and high pay,LP_I,PT_EMP_FT,A,1981,5.8598068576
JPN,Incidence of low and high pay,LP_I,PT_EMP_FT,A,1982,18.788522969
JPN,Incidence of low and high pay,LP_I,PT_EMP_FT,A,1982,46.529700732
JPN,Incidence of low and high pay,LP_I,PT_EMP_FT,A,1982,6.2091216774
JPN,Incidence of low and high pay,LP_I,PT_EMP_FT,A,1983,18.541493049
JPN,Incidence of low and high pay,LP_I,PT_EMP_FT,A,1983,45.54272368
JPN,Incidence of low and high pay,LP_I,PT_EMP_FT,A,1983,6.0752128493
JPN,Incidence of low and high pay,LP_I,PT_EMP_FT,A,1984,18.650177521
JPN,Incidence of low and high pay,LP_I,PT_EMP_FT,A,1984,45.376301793
JPN,Incidence of low and high pay,LP_I,PT_EMP_FT,A,1984,6.3196133177
JPN,Incidence of low and high pay,LP_I,PT_EMP_FT,A,1985,18.827258378
JPN,Incidence of low and high pay,LP_I,PT_EMP_FT,A,1985,45.256374465
JPN,Incidence of low and high pay,LP_I,PT_EMP_FT,A,1985,6.8399167714
JPN,Incidence of low and high pay,LP_I,PT_EMP_FT,A,1986,18.6465754
JPN,Incidence of low and high pay,LP_I,PT_EMP_FT,A,1986,44.704957767
JPN,Incidence of low and high pay,LP_I,PT_EMP_FT,A,1986,6.8023227476
JPN,Incidence of low and high pay,LP_I,PT_EMP_FT,A,1987,18.443210327
JPN,Incidence of low and high pay,LP_I,PT_EMP_FT,A,1987,44.34067786
JPN,Incidence of low and high pay,LP_I,PT_EMP_FT,A,1987,6.8191433246
JPN,Incidence of low and high pay,LP_I,PT_EMP_FT,A,1988,18.225713954
JPN,Incidence of low and high pay,LP_I,PT_EMP_FT,A,1988,44.028054649
JPN,Incidence of low and high pay,LP_I,PT_EMP_FT,A,1988,6.5599073174
JPN,Incidence of low and high pay,LP_I,PT_EMP_FT,A,1989,18.031300324
JPN,Incidence of low and high pay,LP_I,PT_EMP_FT,A,1989,43.283498171
JPN,Incidence of low and high pay,LP_I,PT_EMP_FT,A,1989,6.5452903252
JPN,Incidence of low and high pay,LP_I,PT_EMP_FT,A,1990,17.623159567
JPN,Incidence of low and high pay,LP_I,PT_EMP_FT,A,1990,42.565121105
JPN,Incidence of low and high pay,LP_I,PT_EMP_FT,A,1990,6.415117071
JPN,Incidence of low and high pay,LP_I,PT_EMP_FT,A,1991,17.077482528
JPN,Incidence of low and high pay,LP_I,PT_EMP_FT,A,1991,40.975942761
JPN,Incidence of low and high pay,LP_I,PT_EMP_FT,A,1991,6.1103851546
JPN,Incidence of low and high pay,LP_I,PT_EMP_FT,A,1992,16.073118512
JPN,Incidence of low and high pay,LP_I,PT_EMP_FT,A,1992,38.195990945
JPN,Incidence of low and high pay,LP_I,PT_EMP_FT,A,1992,5.8035548199
JPN,Incidence of low and high pay,LP_I,PT_EMP_FT,A,1993,15.883844322
JPN,Incidence of low and high pay,LP_I,PT_EMP_FT,A,1993,37.616818209
JPN,Incidence of low and high pay,LP_I,PT_EMP_FT,A,1993,5.8519107569
JPN,Incidence of low and high pay,LP_I,PT_EMP_FT,A,1994,15.5398181
JPN,Incidence of low and high pay,LP_I,PT_EMP_FT,A,1994,36.823584567
JPN,Incidence of low and high pay,LP_I,PT_EMP_FT,A,1994,5.829315997
JPN,Incidence of low and high pay,LP_I,PT_EMP_FT,A,1995,15.356196598
JPN,Incidence of low and high pay,LP_I,PT_EMP_FT,A,1995,35.93949776
JPN,Incidence of low and high pay,LP_I,PT_EMP_FT,A,1995,5.9944942934
JPN,Incidence of low and high pay,LP_I,PT_EMP_FT,A,1996,15.324065193
JPN,Incidence of low and high pay,LP_I,PT_EMP_FT,A,1996,36.088030755
JPN,Incidence of low and high pay,LP_I,PT_EMP_FT,A,1996,6.0527435108
JPN,Incidence of low and high pay,LP_I,PT_EMP_FT,A,1997,15.15523414
JPN,Incidence of low and high pay,LP_I,PT_EMP_FT,A,1997,35.813868623
JPN,Incidence of low and high pay,LP_I,PT_EMP_FT,A,1997,6.0259546694
JPN,Incidence of low and high pay,LP_I,PT_EMP_FT,A,1998,14.739074844
JPN,Incidence of low and high pay,LP_I,PT_EMP_FT,A,1998,34.211078415
JPN,Incidence of low and high pay,LP_I,PT_EMP_FT,A,1998,6.1235856247
JPN,Incidence of low and high pay,LP_I,PT_EMP_FT,A,1999,14.580968806
JPN,Incidence of low and high pay,LP_I,PT_EMP_FT,A,1999,33.621973194
JPN,Incidence of low and high pay,LP_I,PT_EMP_FT,A,1999,6.3085378656
JPN,Incidence of low and high pay,LP_I,PT_EMP_FT,A,2000,14.567201812
JPN,Incidence of low and high pay,LP_I,PT_EMP_FT,A,2000,33.111095433
JPN,Incidence of low and high pay,LP_I,PT_EMP_FT,A,2000,6.6864430919
JPN,Incidence of low and high pay,LP_I,PT_EMP_FT,A,2001,14.560789078
JPN,Incidence of low and high pay,LP_I,PT_EMP_FT,A,2001,33.335635684
JPN,Incidence of low and high pay,LP_I,PT_EMP_FT,A,2001,6.7196269831
JPN,Incidence of low and high pay,LP_I,PT_EMP_FT,A,2002,14.434685344
JPN,Incidence of low and high pay,LP_I,PT_EMP_FT,A,2002,31.564922985
JPN,Incidence of low and high pay,LP_I,PT_EMP_FT,A,2002,7.1336866259
JPN,Incidence of low and high pay,LP_I,PT_EMP_FT,A,2003,14.435288977
JPN,Incidence of low and high pay,LP_I,PT_EMP_FT,A,2003,31.647546177
JPN,Incidence of low and high pay,LP_I,PT_EMP_FT,A,2003,7.049488362
JPN,Incidence of low and high pay,LP_I,PT_EMP_FT,A,2004,14.298962294
JPN,Incidence of low and high pay,LP_I,PT_EMP_FT,A,2004,30.623852775
JPN,Incidence of low and high pay,LP_I,PT_EMP_FT,A,2004,7.3715494603
JPN,Incidence of low and high pay,LP_I,PT_EMP_FT,A,2005,16.097962544
JPN,Incidence of low and high pay,LP_I,PT_EMP_FT,A,2005,33.714123255
JPN,Incidence of low and high pay,LP_I,PT_EMP_FT,A,2005,8.1661741931
JPN,Incidence of low and high pay,LP_I,PT_EMP_FT,A,2006,16.067655238
JPN,Incidence of low and high pay,LP_I,PT_EMP_FT,A,2006,33.828310133
JPN,Incidence of low and high pay,LP_I,PT_EMP_FT,A,2006,8.0289241499
JPN,Incidence of low and high pay,LP_I,PT_EMP_FT,A,2007,15.423047789
JPN,Incidence of low and high pay,LP_I,PT_EMP_FT,A,2007,32.024131301
JPN,Incidence of low and high pay,LP_I,PT_EMP_FT,A,2007,7.6249648225
JPN,Incidence of low and high pay,LP_I,PT_EMP_FT,A,2008,15.020224346
JPN,Incidence of low and high pay,LP_I,PT_EMP_FT,A,2008,30.295899537
JPN,Incidence of low and high pay,LP_I,PT_EMP_FT,A,2008,7.7893341666
JPN,Incidence of low and high pay,LP_I,PT_EMP_FT,A,2009,14.650361499
JPN,Incidence of low and high pay,LP_I,PT_EMP_FT,A,2009,27.827122045
JPN,Incidence of low and high pay,LP_I,PT_EMP_FT,A,2009,8.2463543793
JPN,Incidence of low and high pay,LP_I,PT_EMP_FT,A,2010,14.480776906
JPN,Incidence of low and high pay,LP_I,PT_EMP_FT,A,2010,28.23520599
JPN,Incidence of low and high pay,LP_I,PT_EMP_FT,A,2010,8.0615359897
JPN,Incidence of low and high pay,LP_I,PT_EMP_FT,A,2011,14.403177929
JPN,Incidence of low and high pay,LP_I,PT_EMP_FT,A,2011,27.309486293
JPN,Incidence of low and high pay,LP_I,PT_EMP_FT,A,2011,8.1405327762
JPN,Incidence of low and high pay,LP_I,PT_EMP_FT,A,2012,14.293822565
JPN,Incidence of low and high pay,LP_I,PT_EMP_FT,A,2012,26.657369396
JPN,Incidence of low and high pay,LP_I,PT_EMP_FT,A,2012,8.3100739231
JPN,Incidence of low and high pay,LP_I,PT_EMP_FT,A,2013,14.227559645
JPN,Incidence of low and high pay,LP_I,PT_EMP_FT,A,2013,26.307292319
JPN,Incidence of low and high pay,LP_I,PT_EMP_FT,A,2013,8.4410271355
JPN,Incidence of low and high pay,LP_I,PT_EMP_FT,A,2014,13.908173388
JPN,Incidence of low and high pay,LP_I,PT_EMP_FT,A,2014,25.522098039
JPN,Incidence of low and high pay,LP_I,PT_EMP_FT,A,2014,8.2522160717
JPN,Incidence of low and high pay,LP_I,PT_EMP_FT,A,2015,13.463670396
JPN,Incidence of low and high pay,LP_I,PT_EMP_FT,A,2015,24.321126309
JPN,Incidence of low and high pay,LP_I,PT_EMP_FT,A,2015,8.0234846769
JPN,Incidence of low and high pay,LP_I,PT_EMP_FT,A,2016,12.654801815
JPN,Incidence of low and high pay,LP_I,PT_EMP_FT,A,2016,22.832559802
JPN,Incidence of low and high pay,LP_I,PT_EMP_FT,A,2016,7.3070951736
JPN,Incidence of low and high pay,LP_I,PT_EMP_FT,A,2017,12.322605688
JPN,Incidence of low and high pay,LP_I,PT_EMP_FT,A,2017,22.129659189
JPN,Incidence of low and high pay,LP_I,PT_EMP_FT,A,2017,7.0701302423
JPN,Incidence of low and high pay,LP_I,PT_EMP_FT,A,2018,12.115396938
JPN,Incidence of low and high pay,HP_I,PT_EMP_FT,A,2018,15.67172906
JPN,Incidence of low and high pay,HP_I,PT_EMP_FT,A,2018,4.9022929454
JPN,Incidence of low and high pay,LP_I,PT_EMP_FT,A,2018,21.4616175
JPN,Incidence of low and high pay,LP_I,PT_EMP_FT,A,2018,7.1159859646
JPN,Incidence of low and high pay,HP_I,PT_EMP_FT,A,2018,21.432424927
JPN,Incidence of low and high pay,LP_I,PT_EMP_FT,A,2019,11.787127954
JPN,Incidence of low and high pay,HP_I,PT_EMP_FT,A,2019,12.482124663
JPN,Incidence of low and high pay,HP_I,PT_EMP_FT,A,2019,3.9836561321
JPN,Incidence of low and high pay,LP_I,PT_EMP_FT,A,2019,20.963377629
JPN,Incidence of low and high pay,LP_I,PT_EMP_FT,A,2019,6.8773966114
JPN,Incidence of low and high pay,HP_I,PT_EMP_FT,A,2019,17.0293057
JPN,Incidence of low and high pay,LP_I,PT_EMP_FT,A,2020,10.884466422
JPN,Incidence of low and high pay,HP_I,PT_EMP_FT,A,2020,12.409234932
JPN,Incidence of low and high pay,HP_I,PT_EMP_FT,A,2020,3.9474798686
JPN,Incidence of low and high pay,LP_I,PT_EMP_FT,A,2020,18.780783385
JPN,Incidence of low and high pay,LP_I,PT_EMP_FT,A,2020,6.4847165999
JPN,Incidence of low and high pay,HP_I,PT_EMP_FT,A,2020,17.124070482
JPN,Incidence of low and high pay,LP_I,PT_EMP_FT,A,2021,10.660996984
JPN,Incidence of low and high pay,HP_I,PT_EMP_FT,A,2021,12.022925915
JPN,Incidence of low and high pay,HP_I,PT_EMP_FT,A,2021,3.8469590183
JPN,Incidence of low and high pay,LP_I,PT_EMP_FT,A,2021,18.53967083
JPN,Incidence of low and high pay,LP_I,PT_EMP_FT,A,2021,6.3137837542
JPN,Incidence of low and high pay,HP_I,PT_EMP_FT,A,2021,16.534267274
JPN,Incidence of low and high pay,LP_I,PT_EMP_FT,A,2022,10.295333884
JPN,Incidence of low and high pay,HP_I,PT_EMP_FT,A,2022,11.583285316
JPN,Incidence of low and high pay,HP_I,PT_EMP_FT,A,2022,3.7515244653
JPN,Incidence of low and high pay,LP_I,PT_EMP_FT,A,2022,17.617795116
JPN,Incidence of low and high pay,LP_I,PT_EMP_FT,A,2022,6.1089781461
JPN,Incidence of low and high pay,HP_I,PT_EMP_FT,A,2022,16.060863938
JPN,Incidence of low and high pay,LP_I,PT_EMP_FT,A,2023,10.398263163
JPN,Incidence of low and high pay,HP_I,PT_EMP_FT,A,2023,11.281054035
JPN,Incidence of low and high pay,HP_I,PT_EMP_FT,A,2023,3.2989910679
JPN,Incidence of low and high pay,LP_I,PT_EMP_FT,A,2023,18.110150797
JPN,Incidence of low and high pay,LP_I,PT_EMP_FT,A,2023,5.8863635162
JPN,Incidence of low and high pay,HP_I,PT_EMP_FT,A,2023,15.95102587
JPN,Incidence of low and high pay,LP_I,PT_EMP_FT,A,2024,10.470008463
JPN,Incidence of low and high pay,LP_I,PT_EMP_FT,A,2024,17.535167975
JPN,Incidence of low and high pay,LP_I,PT_EMP_FT,A,2024,6.3277601172
JPN,Incidence of low and high pay,HP_I,PT_EMP_FT,A,2024,11.432700239
JPN,Incidence of low and high pay,HP_I,PT_EMP_FT,A,2024,3.7358333635
JPN,Incidence of low and high pay,HP_I,PT_EMP_FT,A,2024,16.119206174
KOR,Incidence of low and high pay,LP_I,PT_EMP_FT,A,1985,24.879369399
KOR,Incidence of low and high pay,LP_I,PT_EMP_FT,A,1985,55.262383859
KOR,Incidence of low and high pay,LP_I,PT_EMP_FT,A,1985,10.144763152
KOR,Incidence of low and high pay,LP_I,PT_EMP_FT,A,1992,22.352558444
KOR,Incidence of low and high pay,LP_I,PT_EMP_FT,A,1992,50.787361424
KOR,Incidence of low and high pay,LP_I,PT_EMP_FT,A,1992,9.4114841058
KOR,Incidence of low and high pay,LP_I,PT_EMP_FT,A,1993,23.130038738
KOR,Incidence of low and high pay,LP_I,PT_EMP_FT,A,1993,52.468154061
KOR,Incidence of low and high pay,LP_I,PT_EMP_FT,A,1993,11.118979939
KOR,Incidence of low and high pay,LP_I,PT_EMP_FT,A,1994,22.546928518
KOR,Incidence of low and high pay,LP_I,PT_EMP_FT,A,1994,50.628412409
KOR,Incidence of low and high pay,LP_I,PT_EMP_FT,A,1994,11.016619971
KOR,Incidence of low and high pay,LP_I,PT_EMP_FT,A,1995,22.255373408
KOR,Incidence of low and high pay,LP_I,PT_EMP_FT,A,1995,47.891507561
KOR,Incidence of low and high pay,LP_I,PT_EMP_FT,A,1995,11.730556881
KOR,Incidence of low and high pay,LP_I,PT_EMP_FT,A,1996,22.637969773
KOR,Incidence of low and high pay,LP_I,PT_EMP_FT,A,1996,46.889981646
KOR,Incidence of low and high pay,LP_I,PT_EMP_FT,A,1996,12.68474336
KOR,Incidence of low and high pay,LP_I,PT_EMP_FT,A,1997,22.877422421
KOR,Incidence of low and high pay,LP_I,PT_EMP_FT,A,1997,46.648661205
KOR,Incidence of low and high pay,LP_I,PT_EMP_FT,A,1997,13.336325272
KOR,Incidence of low and high pay,LP_I,PT_EMP_FT,A,1998,23.136998801
KOR,Incidence of low and high pay,LP_I,PT_EMP_FT,A,1998,46.665128045
KOR,Incidence of low and high pay,LP_I,PT_EMP_FT,A,1998,13.977798307
KOR,Incidence of low and high pay,LP_I,PT_EMP_FT,A,1999,23.407307404
KOR,Incidence of low and high pay,LP_I,PT_EMP_FT,A,1999,45.440138665
KOR,Incidence of low and high pay,LP_I,PT_EMP_FT,A,1999,13.430479643
KOR,Incidence of low and high pay,LP_I,PT_EMP_FT,A,2000,24.583736699
KOR,Incidence of low and high pay,LP_I,PT_EMP_FT,A,2000,45.773904702
KOR,Incidence of low and high pay,LP_I,PT_EMP_FT,A,2000,15.050042132
KOR,Incidence of low and high pay,LP_I,PT_EMP_FT,A,2001,24.237223242
KOR,Incidence of low and high pay,LP_I,PT_EMP_FT,A,2001,44.379135252
KOR,Incidence of low and high pay,LP_I,PT_EMP_FT,A,2001,15.302040545
KOR,Incidence of low and high pay,LP_I,PT_EMP_FT,A,2002,24.475012738
KOR,Incidence of low and high pay,LP_I,PT_EMP_FT,A,2002,45.110142024
KOR,Incidence of low and high pay,LP_I,PT_EMP_FT,A,2002,15.381411523
KOR,Incidence of low and high pay,LP_I,PT_EMP_FT,A,2003,24.266832739
KOR,Incidence of low and high pay,LP_I,PT_EMP_FT,A,2003,43.289696949
KOR,Incidence of low and high pay,LP_I,PT_EMP_FT,A,2003,15.660544264
KOR,Incidence of low and high pay,LP_I,PT_EMP_FT,A,2004,24.201840987
KOR,Incidence of low and high pay,LP_I,PT_EMP_FT,A,2004,42.336910752
KOR,Incidence of low and high pay,LP_I,PT_EMP_FT,A,2004,16.020977031
KOR,Incidence of low and high pay,LP_I,PT_EMP_FT,A,2005,25.370528565
KOR,Incidence of low and high pay,LP_I,PT_EMP_FT,A,2005,41.886840766
KOR,Incidence of low and high pay,LP_I,PT_EMP_FT,A,2005,17.898021981
KOR,Incidence of low and high pay,LP_I,PT_EMP_FT,A,2006,24.935832189
KOR,Incidence of low and high pay,LP_I,PT_EMP_FT,A,2006,41.133236195
KOR,Incidence of low and high pay,LP_I,PT_EMP_FT,A,2006,16.844395311
KOR,Incidence of low and high pay,LP_I,PT_EMP_FT,A,2007,26.042131733
KOR,Incidence of low and high pay,LP_I,PT_EMP_FT,A,2007,41.012192802
KOR,Incidence of low and high pay,LP_I,PT_EMP_FT,A,2007,18.066926545
KOR,Incidence of low and high pay,LP_I,PT_EMP_FT,A,2008,25.470836556
KOR,Incidence of low and high pay,LP_I,PT_EMP_FT,A,2008,41.113575506
KOR,Incidence of low and high pay,LP_I,PT_EMP_FT,A,2008,17.124235292
KOR,Incidence of low and high pay,LP_I,PT_EMP_FT,A,2009,24.991355573
KOR,Incidence of low and high pay,LP_I,PT_EMP_FT,A,2009,41.03433623
KOR,Incidence of low and high pay,LP_I,PT_EMP_FT,A,2009,16.475240564
KOR,Incidence of low and high pay,LP_I,PT_EMP_FT,A,2010,24.709479778
KOR,Incidence of low and high pay,LP_I,PT_EMP_FT,A,2010,40.446791026
KOR,Incidence of low and high pay,LP_I,PT_EMP_FT,A,2010,16.131210853
KOR,Incidence of low and high pay,LP_I,PT_EMP_FT,A,2011,23.798238211
KOR,Incidence of low and high pay,LP_I,PT_EMP_FT,A,2011,38.205894842
KOR,Incidence of low and high pay,LP_I,PT_EMP_FT,A,2011,16.012204453
KOR,Incidence of low and high pay,LP_I,PT_EMP_FT,A,2012,23.909632908
KOR,Incidence of low and high pay,LP_I,PT_EMP_FT,A,2012,37.270850517
KOR,Incidence of low and high pay,LP_I,PT_EMP_FT,A,2012,16.480085251
KOR,Incidence of low and high pay,LP_I,PT_EMP_FT,A,2013,24.656047431
KOR,Incidence of low and high pay,LP_I,PT_EMP_FT,A,2013,38.872896698
KOR,Incidence of low and high pay,LP_I,PT_EMP_FT,A,2013,16.589752124
KOR,Incidence of low and high pay,LP_I,PT_EMP_FT,A,2014,37.8
KOR,Incidence of low and high pay,LP_I,PT_EMP_FT,A,2014,15.4
KOR,Incidence of low and high pay,LP_I,PT_EMP_FT,A,2014,23.7
KOR,Incidence of low and high pay,LP_I,PT_EMP_FT,A,2015,23.5
KOR,Incidence of low and high pay,LP_I,PT_EMP_FT,A,2015,15.2
KOR,Incidence of low and high pay,LP_I,PT_EMP_FT,A,2015,37.6
KOR,Incidence of low and high pay,LP_I,PT_EMP_FT,A,2016,37.2
KOR,Incidence of low and high pay,LP_I,PT_EMP_FT,A,2016,15.3
KOR,Incidence of low and high pay,LP_I,PT_EMP_FT,A,2016,23.5
KOR,Incidence of low and high pay,LP_I,PT_EMP_FT,A,2017,22.3
KOR,Incidence of low and high pay,LP_I,PT_EMP_FT,A,2017,14.3
KOR,Incidence of low and high pay,LP_I,PT_EMP_FT,A,2017,35.3
KOR,Incidence of low and high pay,LP_I,PT_EMP_FT,A,2018,19.043568618
KOR,Incidence of low and high pay,LP_I,PT_EMP_FT,A,2018,30.038375936
KOR,Incidence of low and high pay,LP_I,PT_EMP_FT,A,2018,12.1
KOR,Incidence of low and high pay,LP_I,PT_EMP_FT,A,2019,16.962043242
KOR,Incidence of low and high pay,LP_I,PT_EMP_FT,A,2019,26.121542151
KOR,Incidence of low and high pay,LP_I,PT_EMP_FT,A,2019,11.082025669
KOR,Incidence of low and high pay,LP_I,PT_EMP_FT,A,2020,15.961469244
KOR,Incidence of low and high pay,LP_I,PT_EMP_FT,A,2020,24.665003865
KOR,Incidence of low and high pay,LP_I,PT_EMP_FT,A,2020,10.546170349
KOR,Incidence of low and high pay,LP_I,PT_EMP_FT,A,2021,15.63202257
KOR,Incidence of low and high pay,LP_I,PT_EMP_FT,A,2021,24.314336166
KOR,Incidence of low and high pay,LP_I,PT_EMP_FT,A,2021,10.202234559
KOR,Incidence of low and high pay,LP_I,PT_EMP_FT,A,2022,16.939482235
KOR,Incidence of low and high pay,LP_I,PT_EMP_FT,A,2022,26.059741306
KOR,Incidence of low and high pay,LP_I,PT_EMP_FT,A,2022,11.153921378
KOR,Incidence of low and high pay,LP_I,PT_EMP_FT,A,2023,16.241939793
KOR,Incidence of low and high pay,LP_I,PT_EMP_FT,A,2023,24.53165622
KOR,Incidence of low and high pay,LP_I,PT_EMP_FT,A,2023,10.936842328
KOR,Incidence of low and high pay,LP_I,PT_EMP_FT,A,2024,23.81414817
KOR,Incidence of low and high pay,LP_I,PT_EMP_FT,A,2024,11.07590355
KOR,Incidence of low and high pay,LP_I,PT_EMP_FT,A,2024,16.083958665
LTU,Incidence of low and high pay,LP_I,PT_EMP_FT,A,2002,25.666666667
LTU,Incidence of low and high pay,HP_I,PT_EMP_FT,A,2002,28.999632229
LTU,Incidence of low and high pay,HP_I,PT_EMP_FT,A,2002,23.999271361
LTU,Incidence of low and high pay,LP_I,PT_EMP_FT,A,2002,26.765859285
LTU,Incidence of low and high pay,LP_I,PT_EMP_FT,A,2002,24.222222222
LTU,Incidence of low and high pay,HP_I,PT_EMP_FT,A,2002,33.999766213
LTU,Incidence of low and high pay,LP_I,PT_EMP_FT,A,2006,25.904761905
LTU,Incidence of low and high pay,HP_I,PT_EMP_FT,A,2006,28.999409449
LTU,Incidence of low and high pay,HP_I,PT_EMP_FT,A,2006,21.999580738
LTU,Incidence of low and high pay,LP_I,PT_EMP_FT,A,2006,27.888888889
LTU,Incidence of low and high pay,LP_I,PT_EMP_FT,A,2006,23.791666667
LTU,Incidence of low and high pay,HP_I,PT_EMP_FT,A,2006,34.999803072
LTU,Incidence of low and high pay,LP_I,PT_EMP_FT,A,2010,23.933333333
LTU,Incidence of low and high pay,HP_I,PT_EMP_FT,A,2010,28.999194579
LTU,Incidence of low and high pay,HP_I,PT_EMP_FT,A,2010,24.99762086
LTU,Incidence of low and high pay,LP_I,PT_EMP_FT,A,2010,26.777777778
LTU,Incidence of low and high pay,LP_I,PT_EMP_FT,A,2010,19.952380952
LTU,Incidence of low and high pay,HP_I,PT_EMP_FT,A,2010,32.999694343
LTU,Incidence of low and high pay,LP_I,PT_EMP_FT,A,2014,19.958333333
LTU,Incidence of low and high pay,HP_I,PT_EMP_FT,A,2014,19.999588421
LTU,Incidence of low and high pay,LP_I,PT_EMP_FT,A,2014,22.944444444
LTU,Incidence of low and high pay,LP_I,PT_EMP_FT,A,2014,16.851851852
LTU,Incidence of low and high pay,HP_I,PT_EMP_FT,A,2014,30.999819703
LTU,Incidence of low and high pay,HP_I,PT_EMP_FT,A,2014,25
LTU,Incidence of low and high pay,LP_I,PT_EMP_FT,A,2018,21.633333333
LTU,Incidence of low and high pay,HP_I,PT_EMP_FT,A,2018,22.999039693
LTU,Incidence of low and high pay,HP_I,PT_EMP_FT,A,2018,15.999790742
LTU,Incidence of low and high pay,LP_I,PT_EMP_FT,A,2018,23.148148148
LTU,Incidence of low and high pay,LP_I,PT_EMP_FT,A,2018,20.033333333
LTU,Incidence of low and high pay,HP_I,PT_EMP_FT,A,2018,28.999334975
LTU,Incidence of low and high pay,LP_I,PT_EMP_FT,A,2022,21.591689627
LTU,Incidence of low and high pay,LP_I,PT_EMP_FT,A,2022,20.369679375
LTU,Incidence of low and high pay,HP_I,PT_EMP_FT,A,2022,29.222645788
LTU,Incidence of low and high pay,HP_I,PT_EMP_FT,A,2022,23.205154765
LTU,Incidence of low and high pay,LP_I,PT_EMP_FT,A,2022,22.801565755
LTU,Incidence of low and high pay,HP_I,PT_EMP_FT,A,2022,16.188491683
LTU,Incidence of low and high pay,LP_I,PT_EMP_FT,A,2023,19.426281829
LTU,Incidence of low and high pay,LP_I,PT_EMP_FT,A,2023,19.875945875
LTU,Incidence of low and high pay,HP_I,PT_EMP_FT,A,2023,28.3416746
LTU,Incidence of low and high pay,HP_I,PT_EMP_FT,A,2023,22.203006005
LTU,Incidence of low and high pay,LP_I,PT_EMP_FT,A,2023,23.428729558
LTU,Incidence of low and high pay,HP_I,PT_EMP_FT,A,2023,16.025572754
LUX,Incidence of low and high pay,LP_I,PT_EMP_FT,A,2002,11.755555556
LUX,Incidence of low and high pay,HP_I,PT_EMP_FT,A,2002,21.99802551
LUX,Incidence of low and high pay,HP_I,PT_EMP_FT,A,2002,14.995316288
LUX,Incidence of low and high pay,LP_I,PT_EMP_FT,A,2002,23.50877193
LUX,Incidence of low and high pay,LP_I,PT_EMP_FT,A,2002,7.4573643411
LUX,Incidence of low and high pay,HP_I,PT_EMP_FT,A,2002,23.999886312
LUX,Incidence of low and high pay,LP_I,PT_EMP_FT,A,2006,14.486111111
LUX,Incidence of low and high pay,HP_I,PT_EMP_FT,A,2006,21.999895893
LUX,Incidence of low and high pay,HP_I,PT_EMP_FT,A,2006,17.998942588
LUX,Incidence of low and high pay,LP_I,PT_EMP_FT,A,2006,23.619047619
LUX,Incidence of low and high pay,LP_I,PT_EMP_FT,A,2006,11.247619048
LUX,Incidence of low and high pay,HP_I,PT_EMP_FT,A,2006,23.999403501
LUX,Incidence of low and high pay,LP_I,PT_EMP_FT,A,2010,14.679012346
LUX,Incidence of low and high pay,HP_I,PT_EMP_FT,A,2010,22.998773622
LUX,Incidence of low and high pay,HP_I,PT_EMP_FT,A,2010,18.998002036
LUX,Incidence of low and high pay,LP_I,PT_EMP_FT,A,2010,20.720430108
LUX,Incidence of low and high pay,LP_I,PT_EMP_FT,A,2010,12.638888889
LUX,Incidence of low and high pay,HP_I,PT_EMP_FT,A,2010,23.999804693
LUX,Incidence of low and high pay,LP_I,PT_EMP_FT,A,2014,10.571428571
LUX,Incidence of low and high pay,HP_I,PT_EMP_FT,A,2014,24.997811642
LUX,Incidence of low and high pay,HP_I,PT_EMP_FT,A,2014,22.9963669
LUX,Incidence of low and high pay,LP_I,PT_EMP_FT,A,2014,7.7906976744
LUX,Incidence of low and high pay,HP_I,PT_EMP_FT,A,2014,24.999322574
LUX,Incidence of low and high pay,LP_I,PT_EMP_FT,A,2014,16.7
LUX,Incidence of low and high pay,LP_I,PT_EMP_FT,A,2018,11.083333333
LUX,Incidence of low and high pay,HP_I,PT_EMP_FT,A,2018,23.999865953
LUX,Incidence of low and high pay,HP_I,PT_EMP_FT,A,2018,25.998882865
LUX,Incidence of low and high pay,LP_I,PT_EMP_FT,A,2018,16.333333333
LUX,Incidence of low and high pay,LP_I,PT_EMP_FT,A,2018,9.037037037
LUX,Incidence of low and high pay,HP_I,PT_EMP_FT,A,2018,23.998805158
LUX,Incidence of low and high pay,LP_I,PT_EMP_FT,A,2022,9.5218548304
LUX,Incidence of low and high pay,LP_I,PT_EMP_FT,A,2022,11.882647997
LUX,Incidence of low and high pay,HP_I,PT_EMP_FT,A,2022,22.738703519
LUX,Incidence of low and high pay,HP_I,PT_EMP_FT,A,2022,22.669722982
LUX,Incidence of low and high pay,LP_I,PT_EMP_FT,A,2022,17.34415439
LUX,Incidence of low and high pay,HP_I,PT_EMP_FT,A,2022,25.049435957
LUX,Incidence of low and high pay,LP_I,PT_EMP_FT,A,2023,9.5058346923
LUX,Incidence of low and high pay,LP_I,PT_EMP_FT,A,2023,12.289590636
LUX,Incidence of low and high pay,HP_I,PT_EMP_FT,A,2023,21.965997205
LUX,Incidence of low and high pay,HP_I,PT_EMP_FT,A,2023,22.127107474
LUX,Incidence of low and high pay,LP_I,PT_EMP_FT,A,2023,16.587482209
LUX,Incidence of low and high pay,HP_I,PT_EMP_FT,A,2023,23.757448985
LVA,Incidence of low and high pay,LP_I,PT_EMP_FT,A,2002,29.16642477
LVA,Incidence of low and high pay,HP_I,PT_EMP_FT,A,2002,34.999981408
LVA,Incidence of low and high pay,HP_I,PT_EMP_FT,A,2002,28.999618084
LVA,Incidence of low and high pay,LP_I,PT_EMP_FT,A,2002,31.666666667
LVA,Incidence of low and high pay,LP_I,PT_EMP_FT,A,2002,26.666666667
LVA,Incidence of low and high pay,HP_I,PT_EMP_FT,A,2002,39.999943789
LVA,Incidence of low and high pay,LP_I,PT_EMP_FT,A,2006,30.047619048
LVA,Incidence of low and high pay,HP_I,PT_EMP_FT,A,2006,28.999959854
LVA,Incidence of low and high pay,HP_I,PT_EMP_FT,A,2006,25.999959854
LVA,Incidence of low and high pay,LP_I,PT_EMP_FT,A,2006,31.266666667
LVA,Incidence of low and high pay,LP_I,PT_EMP_FT,A,2006,28.916666667
LVA,Incidence of low and high pay,HP_I,PT_EMP_FT,A,2006,32.999693721
LVA,Incidence of low and high pay,HP_I,PT_EMP_FT,A,2010,26.99991891
LVA,Incidence of low and high pay,LP_I,PT_EMP_FT,A,2010,22.857142857
LVA,Incidence of low and high pay,LP_I,PT_EMP_FT,A,2010,20.857142857
LVA,Incidence of low and high pay,HP_I,PT_EMP_FT,A,2010,38.999856729
LVA,Incidence of low and high pay,LP_I,PT_EMP_FT,A,2010,22
LVA,Incidence of low and high pay,HP_I,PT_EMP_FT,A,2010,32
LVA,Incidence of low and high pay,LP_I,PT_EMP_FT,A,2014,21.666666667
LVA,Incidence of low and high pay,HP_I,PT_EMP_FT,A,2014,28.999834016
LVA,Incidence of low and high pay,LP_I,PT_EMP_FT,A,2014,23.571428571
LVA,Incidence of low and high pay,LP_I,PT_EMP_FT,A,2014,19.111111111
LVA,Incidence of low and high pay,HP_I,PT_EMP_FT,A,2014,37.9997787
LVA,Incidence of low and high pay,HP_I,PT_EMP_FT,A,2014,22
LVA,Incidence of low and high pay,LP_I,PT_EMP_FT,A,2018,21.933333333
LVA,Incidence of low and high pay,HP_I,PT_EMP_FT,A,2018,24.999526266
LVA,Incidence of low and high pay,HP_I,PT_EMP_FT,A,2018,17.999315861
LVA,Incidence of low and high pay,LP_I,PT_EMP_FT,A,2018,26.666666667
LVA,Incidence of low and high pay,LP_I,PT_EMP_FT,A,2018,16.925925926
LVA,Incidence of low and high pay,HP_I,PT_EMP_FT,A,2018,32.999259006
LVA,Incidence of low and high pay,LP_I,PT_EMP_FT,A,2022,14.873041881
LVA,Incidence of low and high pay,LP_I,PT_EMP_FT,A,2022,21.306732283
LVA,Incidence of low and high pay,HP_I,PT_EMP_FT,A,2022,35.613450685
LVA,Incidence of low and high pay,HP_I,PT_EMP_FT,A,2022,25.27071197
LVA,Incidence of low and high pay,LP_I,PT_EMP_FT,A,2022,27.444616391
LVA,Incidence of low and high pay,HP_I,PT_EMP_FT,A,2022,16.38922006
LVA,Incidence of low and high pay,LP_I,PT_EMP_FT,A,2023,14.084285458
LVA,Incidence of low and high pay,LP_I,PT_EMP_FT,A,2023,20.116029532
LVA,Incidence of low and high pay,HP_I,PT_EMP_FT,A,2023,35.687634397
LVA,Incidence of low and high pay,HP_I,PT_EMP_FT,A,2023,25.231402252
LVA,Incidence of low and high pay,LP_I,PT_EMP_FT,A,2023,25.669584573
LVA,Incidence of low and high pay,HP_I,PT_EMP_FT,A,2023,16.882898731
MEX,Incidence of low and high pay,LP_I,PT_EMP_FT,A,2005,17.91515209
MEX,Incidence of low and high pay,HP_I,PT_EMP_FT,A,2005,20.066331913
MEX,Incidence of low and high pay,HP_I,PT_EMP_FT,A,2005,15.074382956
MEX,Incidence of low and high pay,LP_I,PT_EMP_FT,A,2005,27.766521338
MEX,Incidence of low and high pay,LP_I,PT_EMP_FT,A,2005,15.004498726
MEX,Incidence of low and high pay,HP_I,PT_EMP_FT,A,2005,21.541236838
MEX,Incidence of low and high pay,LP_I,PT_EMP_FT,A,2006,16.308548315
MEX,Incidence of low and high pay,HP_I,PT_EMP_FT,A,2006,23.063037059
MEX,Incidence of low and high pay,HP_I,PT_EMP_FT,A,2006,18.978507193
MEX,Incidence of low and high pay,LP_I,PT_EMP_FT,A,2006,23.243480867
MEX,Incidence of low and high pay,LP_I,PT_EMP_FT,A,2006,14.229152813
MEX,Incidence of low and high pay,HP_I,PT_EMP_FT,A,2006,24.28775741
MEX,Incidence of low and high pay,LP_I,PT_EMP_FT,A,2007,19.082327788
MEX,Incidence of low and high pay,HP_I,PT_EMP_FT,A,2007,18.987578837
MEX,Incidence of low and high pay,HP_I,PT_EMP_FT,A,2007,16.464460269
MEX,Incidence of low and high pay,LP_I,PT_EMP_FT,A,2007,26.607261685
MEX,Incidence of low and high pay,LP_I,PT_EMP_FT,A,2007,16.686803519
MEX,Incidence of low and high pay,HP_I,PT_EMP_FT,A,2007,19.790800745
MEX,Incidence of low and high pay,LP_I,PT_EMP_FT,A,2008,18.111294499
MEX,Incidence of low and high pay,HP_I,PT_EMP_FT,A,2008,21.12467334
MEX,Incidence of low and high pay,HP_I,PT_EMP_FT,A,2008,16.524172261
MEX,Incidence of low and high pay,LP_I,PT_EMP_FT,A,2008,26.731567262
MEX,Incidence of low and high pay,LP_I,PT_EMP_FT,A,2008,15.38064793
MEX,Incidence of low and high pay,HP_I,PT_EMP_FT,A,2008,22.581975543
MEX,Incidence of low and high pay,LP_I,PT_EMP_FT,A,2009,16.909523231
MEX,Incidence of low and high pay,HP_I,PT_EMP_FT,A,2009,22.058249944
MEX,Incidence of low and high pay,HP_I,PT_EMP_FT,A,2009,18.088942547
MEX,Incidence of low and high pay,LP_I,PT_EMP_FT,A,2009,21.716670399
MEX,Incidence of low and high pay,LP_I,PT_EMP_FT,A,2009,15.390975445
MEX,Incidence of low and high pay,HP_I,PT_EMP_FT,A,2009,23.312129376
MEX,Incidence of low and high pay,LP_I,PT_EMP_FT,A,2010,19.122858362
MEX,Incidence of low and high pay,HP_I,PT_EMP_FT,A,2010,21.684021091
MEX,Incidence of low and high pay,HP_I,PT_EMP_FT,A,2010,18.141134901
MEX,Incidence of low and high pay,LP_I,PT_EMP_FT,A,2010,25.83001224
MEX,Incidence of low and high pay,LP_I,PT_EMP_FT,A,2010,15.825116278
MEX,Incidence of low and high pay,HP_I,PT_EMP_FT,A,2010,23.425970821
MEX,Incidence of low and high pay,LP_I,PT_EMP_FT,A,2011,17.667996179
MEX,Incidence of low and high pay,HP_I,PT_EMP_FT,A,2011,19.260255097
MEX,Incidence of low and high pay,HP_I,PT_EMP_FT,A,2011,17.177477189
MEX,Incidence of low and high pay,LP_I,PT_EMP_FT,A,2011,23.993779629
MEX,Incidence of low and high pay,LP_I,PT_EMP_FT,A,2011,14.575306486
MEX,Incidence of low and high pay,HP_I,PT_EMP_FT,A,2011,20.27852988
MEX,Incidence of low and high pay,LP_I,PT_EMP_FT,A,2012,15.993743196
MEX,Incidence of low and high pay,HP_I,PT_EMP_FT,A,2012,20.688060844
MEX,Incidence of low and high pay,HP_I,PT_EMP_FT,A,2012,18.657054201
MEX,Incidence of low and high pay,LP_I,PT_EMP_FT,A,2012,21.432669283
MEX,Incidence of low and high pay,LP_I,PT_EMP_FT,A,2012,13.288293599
MEX,Incidence of low and high pay,HP_I,PT_EMP_FT,A,2012,21.698331257
MEX,Incidence of low and high pay,LP_I,PT_EMP_FT,A,2013,14.209132701
MEX,Incidence of low and high pay,HP_I,PT_EMP_FT,A,2013,22.05611314
MEX,Incidence of low and high pay,HP_I,PT_EMP_FT,A,2013,19.264588653
MEX,Incidence of low and high pay,LP_I,PT_EMP_FT,A,2013,18.862683375
MEX,Incidence of low and high pay,LP_I,PT_EMP_FT,A,2013,11.881883972
MEX,Incidence of low and high pay,HP_I,PT_EMP_FT,A,2013,23.452159357
MEX,Incidence of low and high pay,LP_I,PT_EMP_FT,A,2014,14.754166132
MEX,Incidence of low and high pay,HP_I,PT_EMP_FT,A,2014,22.010602673
MEX,Incidence of low and high pay,HP_I,PT_EMP_FT,A,2014,19.149283499
MEX,Incidence of low and high pay,LP_I,PT_EMP_FT,A,2014,19.868038355
MEX,Incidence of low and high pay,LP_I,PT_EMP_FT,A,2014,12.254353735
MEX,Incidence of low and high pay,HP_I,PT_EMP_FT,A,2014,23.409300341
MEX,Incidence of low and high pay,LP_I,PT_EMP_FT,A,2015,17.25286728
MEX,Incidence of low and high pay,HP_I,PT_EMP_FT,A,2015,20.832125086
MEX,Incidence of low and high pay,HP_I,PT_EMP_FT,A,2015,17.526820268
MEX,Incidence of low and high pay,LP_I,PT_EMP_FT,A,2015,23.04226044
MEX,Incidence of low and high pay,LP_I,PT_EMP_FT,A,2015,14.399385113
MEX,Incidence of low and high pay,HP_I,PT_EMP_FT,A,2015,22.461247188
MEX,Incidence of low and high pay,LP_I,PT_EMP_FT,A,2016,16.090944845
MEX,Incidence of low and high pay,HP_I,PT_EMP_FT,A,2016,19.455731768
MEX,Incidence of low and high pay,HP_I,PT_EMP_FT,A,2016,16.987959419
MEX,Incidence of low and high pay,LP_I,PT_EMP_FT,A,2016,21.710062519
MEX,Incidence of low and high pay,LP_I,PT_EMP_FT,A,2016,13.320273024
MEX,Incidence of low and high pay,HP_I,PT_EMP_FT,A,2016,20.672539762
MEX,Incidence of low and high pay,LP_I,PT_EMP_FT,A,2017,13.322849166
MEX,Incidence of low and high pay,HP_I,PT_EMP_FT,A,2017,21.06846266
MEX,Incidence of low and high pay,HP_I,PT_EMP_FT,A,2017,18.135212563
MEX,Incidence of low and high pay,LP_I,PT_EMP_FT,A,2017,17.745425728
MEX,Incidence of low and high pay,LP_I,PT_EMP_FT,A,2017,11.119503028
MEX,Incidence of low and high pay,HP_I,PT_EMP_FT,A,2017,22.529820124
MEX,Incidence of low and high pay,LP_I,PT_EMP_FT,A,2018,15.660810444
MEX,Incidence of low and high pay,HP_I,PT_EMP_FT,A,2018,20.651368847
MEX,Incidence of low and high pay,HP_I,PT_EMP_FT,A,2018,16.351601592
MEX,Incidence of low and high pay,LP_I,PT_EMP_FT,A,2018,20.939719261
MEX,Incidence of low and high pay,LP_I,PT_EMP_FT,A,2018,12.983928083
MEX,Incidence of low and high pay,HP_I,PT_EMP_FT,A,2018,22.831738224
MEX,Incidence of low and high pay,LP_I,PT_EMP_FT,A,2019,17.077021221
MEX,Incidence of low and high pay,HP_I,PT_EMP_FT,A,2019,17.615828238
MEX,Incidence of low and high pay,HP_I,PT_EMP_FT,A,2019,14.837437009
MEX,Incidence of low and high pay,LP_I,PT_EMP_FT,A,2019,21.980510052
MEX,Incidence of low and high pay,LP_I,PT_EMP_FT,A,2019,14.556962475
MEX,Incidence of low and high pay,HP_I,PT_EMP_FT,A,2019,19.043731789
MEX,Incidence of low and high pay,LP_I,PT_EMP_FT,A,2020,16.850007061
MEX,Incidence of low and high pay,HP_I,PT_EMP_FT,A,2020,19.597645422
MEX,Incidence of low and high pay,HP_I,PT_EMP_FT,A,2020,17.99857365
MEX,Incidence of low and high pay,LP_I,PT_EMP_FT,A,2020,20.57281731
MEX,Incidence of low and high pay,LP_I,PT_EMP_FT,A,2020,14.922164608
MEX,Incidence of low and high pay,HP_I,PT_EMP_FT,A,2020,20.425718367
MEX,Incidence of low and high pay,LP_I,PT_EMP_FT,A,2021,13.16892299
MEX,Incidence of low and high pay,HP_I,PT_EMP_FT,A,2021,22.120873703
MEX,Incidence of low and high pay,HP_I,PT_EMP_FT,A,2021,19.263819109
MEX,Incidence of low and high pay,LP_I,PT_EMP_FT,A,2021,16.131828513
MEX,Incidence of low and high pay,LP_I,PT_EMP_FT,A,2021,11.596622005
MEX,Incidence of low and high pay,HP_I,PT_EMP_FT,A,2021,23.637003637
MEX,Incidence of low and high pay,LP_I,PT_EMP_FT,A,2022,15.676450879
MEX,Incidence of low and high pay,HP_I,PT_EMP_FT,A,2022,18.622541847
MEX,Incidence of low and high pay,HP_I,PT_EMP_FT,A,2022,15.962060525
MEX,Incidence of low and high pay,LP_I,PT_EMP_FT,A,2022,20.316967465
MEX,Incidence of low and high pay,LP_I,PT_EMP_FT,A,2022,13.104848884
MEX,Incidence of low and high pay,HP_I,PT_EMP_FT,A,2022,20.096881816
MEX,Incidence of low and high pay,LP_I,PT_EMP_FT,A,2023,17.489236641
MEX,Incidence of low and high pay,HP_I,PT_EMP_FT,A,2023,19.859749446
MEX,Incidence of low and high pay,HP_I,PT_EMP_FT,A,2023,15.197052476
MEX,Incidence of low and high pay,LP_I,PT_EMP_FT,A,2023,22.35096098
MEX,Incidence of low and high pay,LP_I,PT_EMP_FT,A,2023,14.700483074
MEX,Incidence of low and high pay,HP_I,PT_EMP_FT,A,2023,22.534338111
MEX,Incidence of low and high pay,LP_I,PT_EMP_FT,A,2024,12.224938351
MEX,Incidence of low and high pay,LP_I,PT_EMP_FT,A,2024,14.529019474
MEX,Incidence of low and high pay,LP_I,PT_EMP_FT,A,2024,18.508673257
MEX,Incidence of low and high pay,HP_I,PT_EMP_FT,A,2024,15.197052476
MEX,Incidence of low and high pay,HP_I,PT_EMP_FT,A,2024,21.467048192
MEX,Incidence of low and high pay,HP_I,PT_EMP_FT,A,2024,19.763923011
MLT,Incidence of low and high pay,LP_I,PT_EMP_FT,A,2002,12.222524977
MLT,Incidence of low and high pay,HP_I,PT_EMP_FT,A,2002,20.997769738
MLT,Incidence of low and high pay,HP_I,PT_EMP_FT,A,2002,13.995963674
MLT,Incidence of low and high pay,LP_I,PT_EMP_FT,A,2002,15.583503749
MLT,Incidence of low and high pay,LP_I,PT_EMP_FT,A,2002,10.814932606
MLT,Incidence of low and high pay,HP_I,PT_EMP_FT,A,2002,23.997134717
MLT,Incidence of low and high pay,LP_I,PT_EMP_FT,A,2006,9.9393939394
MLT,Incidence of low and high pay,HP_I,PT_EMP_FT,A,2006,15.99924805
MLT,Incidence of low and high pay,HP_I,PT_EMP_FT,A,2006,9.997934854
MLT,Incidence of low and high pay,LP_I,PT_EMP_FT,A,2006,13.063492063
MLT,Incidence of low and high pay,LP_I,PT_EMP_FT,A,2006,8.5208333333
MLT,Incidence of low and high pay,HP_I,PT_EMP_FT,A,2006,19.997047338
MLT,Incidence of low and high pay,LP_I,PT_EMP_FT,A,2010,13.611111111
MLT,Incidence of low and high pay,HP_I,PT_EMP_FT,A,2010,17.999507227
MLT,Incidence of low and high pay,HP_I,PT_EMP_FT,A,2010,10.998034964
MLT,Incidence of low and high pay,LP_I,PT_EMP_FT,A,2010,17.022222222
MLT,Incidence of low and high pay,LP_I,PT_EMP_FT,A,2010,11.703703704
MLT,Incidence of low and high pay,HP_I,PT_EMP_FT,A,2010,21.999769979
MLT,Incidence of low and high pay,LP_I,PT_EMP_FT,A,2014,13.68627451
MLT,Incidence of low and high pay,HP_I,PT_EMP_FT,A,2014,19.999025869
MLT,Incidence of low and high pay,HP_I,PT_EMP_FT,A,2014,12.998531903
MLT,Incidence of low and high pay,LP_I,PT_EMP_FT,A,2014,16.904761905
MLT,Incidence of low and high pay,LP_I,PT_EMP_FT,A,2014,11.507246377
MLT,Incidence of low and high pay,HP_I,PT_EMP_FT,A,2014,23.999512697
MLT,Incidence of low and high pay,LP_I,PT_EMP_FT,A,2018,16.288888889
MLT,Incidence of low and high pay,HP_I,PT_EMP_FT,A,2018,20.999402131
MLT,Incidence of low and high pay,HP_I,PT_EMP_FT,A,2018,14.996660885
MLT,Incidence of low and high pay,LP_I,PT_EMP_FT,A,2018,19.333333333
MLT,Incidence of low and high pay,LP_I,PT_EMP_FT,A,2018,14.097222222
MLT,Incidence of low and high pay,HP_I,PT_EMP_FT,A,2018,25.998823061
MLT,Incidence of low and high pay,LP_I,PT_EMP_FT,A,2022,17.946917254
MLT,Incidence of low and high pay,LP_I,PT_EMP_FT,A,2022,14.722406079
MLT,Incidence of low and high pay,HP_I,PT_EMP_FT,A,2022,27.332976214
MLT,Incidence of low and high pay,HP_I,PT_EMP_FT,A,2022,32.319864947
MLT,Incidence of low and high pay,LP_I,PT_EMP_FT,A,2022,22.627070628
MLT,Incidence of low and high pay,HP_I,PT_EMP_FT,A,2022,21.61478173
MLT,Incidence of low and high pay,LP_I,PT_EMP_FT,A,2023,28.598579238
MLT,Incidence of low and high pay,LP_I,PT_EMP_FT,A,2023,20.61311644
MLT,Incidence of low and high pay,LP_I,PT_EMP_FT,A,2023,17.741407308
MLT,Incidence of low and high pay,HP_I,PT_EMP_FT,A,2023,24.391179225
MLT,Incidence of low and high pay,HP_I,PT_EMP_FT,A,2023,19.909547673
MLT,Incidence of low and high pay,HP_I,PT_EMP_FT,A,2023,29.150879109
NLD,Incidence of low and high pay,LP_I,PT_EMP_FT,A,2002,9.547008547
NLD,Incidence of low and high pay,HP_I,PT_EMP_FT,A,2002,21.999527058
NLD,Incidence of low and high pay,HP_I,PT_EMP_FT,A,2002,10.99602577
NLD,Incidence of low and high pay,LP_I,PT_EMP_FT,A,2002,17.551282051
NLD,Incidence of low and high pay,LP_I,PT_EMP_FT,A,2002,7.3583333333
NLD,Incidence of low and high pay,HP_I,PT_EMP_FT,A,2002,24.999627647
NLD,Incidence of low and high pay,LP_I,PT_EMP_FT,A,2006,9.3039215686
NLD,Incidence of low and high pay,HP_I,PT_EMP_FT,A,2006,22.999962173
NLD,Incidence of low and high pay,HP_I,PT_EMP_FT,A,2006,12.99873144
NLD,Incidence of low and high pay,LP_I,PT_EMP_FT,A,2006,15.536231884
NLD,Incidence of low and high pay,LP_I,PT_EMP_FT,A,2006,7.2936507937
NLD,Incidence of low and high pay,HP_I,PT_EMP_FT,A,2006,26.99988309
NLD,Incidence of low and high pay,LP_I,PT_EMP_FT,A,2010,7.8472222222
NLD,Incidence of low and high pay,HP_I,PT_EMP_FT,A,2010,24.999683967
NLD,Incidence of low and high pay,HP_I,PT_EMP_FT,A,2010,13.997995071
NLD,Incidence of low and high pay,LP_I,PT_EMP_FT,A,2010,13.845238095
NLD,Incidence of low and high pay,LP_I,PT_EMP_FT,A,2010,5.9010416667
NLD,Incidence of low and high pay,HP_I,PT_EMP_FT,A,2010,28.999087559
NLD,Incidence of low and high pay,LP_I,PT_EMP_FT,A,2014,6.8837209302
NLD,Incidence of low and high pay,HP_I,PT_EMP_FT,A,2014,27.999904574
NLD,Incidence of low and high pay,HP_I,PT_EMP_FT,A,2014,17.997666112
NLD,Incidence of low and high pay,LP_I,PT_EMP_FT,A,2014,10.551724138
NLD,Incidence of low and high pay,HP_I,PT_EMP_FT,A,2014,31.999622218
NLD,Incidence of low and high pay,LP_I,PT_EMP_FT,A,2014,5.76
NLD,Incidence of low and high pay,LP_I,PT_EMP_FT,A,2018,6.367816092
NLD,Incidence of low and high pay,HP_I,PT_EMP_FT,A,2018,28.999498661
NLD,Incidence of low and high pay,HP_I,PT_EMP_FT,A,2018,20.999423877
NLD,Incidence of low and high pay,LP_I,PT_EMP_FT,A,2018,9.1041666667
NLD,Incidence of low and high pay,LP_I,PT_EMP_FT,A,2018,5.5196078431
NLD,Incidence of low and high pay,HP_I,PT_EMP_FT,A,2018,30.999711955
NLD,Incidence of low and high pay,LP_I,PT_EMP_FT,A,2022,7.1040660779
NLD,Incidence of low and high pay,LP_I,PT_EMP_FT,A,2022,5.5488700578
NLD,Incidence of low and high pay,HP_I,PT_EMP_FT,A,2022,28.154160795
NLD,Incidence of low and high pay,HP_I,PT_EMP_FT,A,2022,30.552692947
NLD,Incidence of low and high pay,LP_I,PT_EMP_FT,A,2022,10.807537104
NLD,Incidence of low and high pay,HP_I,PT_EMP_FT,A,2022,22.619264989
NLD,Incidence of low and high pay,LP_I,PT_EMP_FT,A,2023,6.6520426851
NLD,Incidence of low and high pay,LP_I,PT_EMP_FT,A,2023,5.1878606823
NLD,Incidence of low and high pay,HP_I,PT_EMP_FT,A,2023,26.977520152
NLD,Incidence of low and high pay,HP_I,PT_EMP_FT,A,2023,28.250080427
NLD,Incidence of low and high pay,LP_I,PT_EMP_FT,A,2023,9.934764619
NLD,Incidence of low and high pay,HP_I,PT_EMP_FT,A,2023,18.896950163
NOR,Incidence of low and high pay,LP_I,PT_EMP_FT,A,1997,1.44
NOR,Incidence of low and high pay,HP_I,PT_EMP_FT,A,1997,9.86
NOR,Incidence of low and high pay,HP_I,PT_EMP_FT,A,1997,3.36
NOR,Incidence of low and high pay,LP_I,PT_EMP_FT,A,1997,1.78
NOR,Incidence of low and high pay,LP_I,PT_EMP_FT,A,1997,1.24
NOR,Incidence of low and high pay,HP_I,PT_EMP_FT,A,1997,13.67
NOR,Incidence of low and high pay,LP_I,PT_EMP_FT,A,1998,1.33
NOR,Incidence of low and high pay,HP_I,PT_EMP_FT,A,1998,10.39
NOR,Incidence of low and high pay,HP_I,PT_EMP_FT,A,1998,3.44
NOR,Incidence of low and high pay,LP_I,PT_EMP_FT,A,1998,1.51
NOR,Incidence of low and high pay,LP_I,PT_EMP_FT,A,1998,1.22
NOR,Incidence of low and high pay,HP_I,PT_EMP_FT,A,1998,14.75
NOR,Incidence of low and high pay,LP_I,PT_EMP_FT,A,1999,1.46
NOR,Incidence of low and high pay,HP_I,PT_EMP_FT,A,1999,10.62
NOR,Incidence of low and high pay,HP_I,PT_EMP_FT,A,1999,3.67
NOR,Incidence of low and high pay,LP_I,PT_EMP_FT,A,1999,1.74
NOR,Incidence of low and high pay,LP_I,PT_EMP_FT,A,1999,1.3
NOR,Incidence of low and high pay,HP_I,PT_EMP_FT,A,1999,14.88
NOR,Incidence of low and high pay,LP_I,PT_EMP_FT,A,2000,1.66
NOR,Incidence of low and high pay,HP_I,PT_EMP_FT,A,2000,11.3
NOR,Incidence of low and high pay,HP_I,PT_EMP_FT,A,2000,4.07
NOR,Incidence of low and high pay,LP_I,PT_EMP_FT,A,2000,1.96
NOR,Incidence of low and high pay,LP_I,PT_EMP_FT,A,2000,1.47
NOR,Incidence of low and high pay,HP_I,PT_EMP_FT,A,2000,15.95
NOR,Incidence of low and high pay,LP_I,PT_EMP_FT,A,2001,2.19
NOR,Incidence of low and high pay,HP_I,PT_EMP_FT,A,2001,11.27
NOR,Incidence of low and high pay,HP_I,PT_EMP_FT,A,2001,4.47
NOR,Incidence of low and high pay,LP_I,PT_EMP_FT,A,2001,2.44
NOR,Incidence of low and high pay,LP_I,PT_EMP_FT,A,2001,2.03
NOR,Incidence of low and high pay,HP_I,PT_EMP_FT,A,2001,15.7
NOR,Incidence of low and high pay,LP_I,PT_EMP_FT,A,2002,2.52
NOR,Incidence of low and high pay,HP_I,PT_EMP_FT,A,2002,11.66
NOR,Incidence of low and high pay,HP_I,PT_EMP_FT,A,2002,4.72
NOR,Incidence of low and high pay,LP_I,PT_EMP_FT,A,2002,2.82
NOR,Incidence of low and high pay,LP_I,PT_EMP_FT,A,2002,2.33
NOR,Incidence of low and high pay,HP_I,PT_EMP_FT,A,2002,16.19
NOR,Incidence of low and high pay,LP_I,PT_EMP_FT,A,2003,2.6
NOR,Incidence of low and high pay,HP_I,PT_EMP_FT,A,2003,11.73
NOR,Incidence of low and high pay,HP_I,PT_EMP_FT,A,2003,4.99
NOR,Incidence of low and high pay,LP_I,PT_EMP_FT,A,2003,2.94
NOR,Incidence of low and high pay,LP_I,PT_EMP_FT,A,2003,2.38
NOR,Incidence of low and high pay,HP_I,PT_EMP_FT,A,2003,16.11
NOR,Incidence of low and high pay,LP_I,PT_EMP_FT,A,2004,2.78
NOR,Incidence of low and high pay,HP_I,PT_EMP_FT,A,2004,11.71
NOR,Incidence of low and high pay,HP_I,PT_EMP_FT,A,2004,5.23
NOR,Incidence of low and high pay,LP_I,PT_EMP_FT,A,2004,3.25
NOR,Incidence of low and high pay,LP_I,PT_EMP_FT,A,2004,2.48
NOR,Incidence of low and high pay,HP_I,PT_EMP_FT,A,2004,15.98
NOR,Incidence of low and high pay,LP_I,PT_EMP_FT,A,2005,2.91
NOR,Incidence of low and high pay,HP_I,PT_EMP_FT,A,2005,12.14
NOR,Incidence of low and high pay,HP_I,PT_EMP_FT,A,2005,5.52
NOR,Incidence of low and high pay,LP_I,PT_EMP_FT,A,2005,3.46
NOR,Incidence of low and high pay,LP_I,PT_EMP_FT,A,2005,2.54
NOR,Incidence of low and high pay,HP_I,PT_EMP_FT,A,2005,16.55
NOR,Incidence of low and high pay,LP_I,PT_EMP_FT,A,2006,3.17
NOR,Incidence of low and high pay,HP_I,PT_EMP_FT,A,2006,12.67
NOR,Incidence of low and high pay,HP_I,PT_EMP_FT,A,2006,5.82
NOR,Incidence of low and high pay,LP_I,PT_EMP_FT,A,2006,3.63
NOR,Incidence of low and high pay,LP_I,PT_EMP_FT,A,2006,2.87
NOR,Incidence of low and high pay,HP_I,PT_EMP_FT,A,2006,17.22
NOR,Incidence of low and high pay,LP_I,PT_EMP_FT,A,2007,3.5
NOR,Incidence of low and high pay,HP_I,PT_EMP_FT,A,2007,12.79
NOR,Incidence of low and high pay,HP_I,PT_EMP_FT,A,2007,6.03
NOR,Incidence of low and high pay,LP_I,PT_EMP_FT,A,2007,3.92
NOR,Incidence of low and high pay,LP_I,PT_EMP_FT,A,2007,3.21
NOR,Incidence of low and high pay,HP_I,PT_EMP_FT,A,2007,17.34
NOR,Incidence of low and high pay,LP_I,PT_EMP_FT,A,2008,3.85
NOR,Incidence of low and high pay,HP_I,PT_EMP_FT,A,2008,13.16
NOR,Incidence of low and high pay,HP_I,PT_EMP_FT,A,2008,6.23
NOR,Incidence of low and high pay,LP_I,PT_EMP_FT,A,2008,4.39
NOR,Incidence of low and high pay,LP_I,PT_EMP_FT,A,2008,3.48
NOR,Incidence of low and high pay,HP_I,PT_EMP_FT,A,2008,17.89
NOR,Incidence of low and high pay,LP_I,PT_EMP_FT,A,2009,3.77
NOR,Incidence of low and high pay,HP_I,PT_EMP_FT,A,2009,13.46
NOR,Incidence of low and high pay,HP_I,PT_EMP_FT,A,2009,6.49
NOR,Incidence of low and high pay,LP_I,PT_EMP_FT,A,2009,4.24
NOR,Incidence of low and high pay,LP_I,PT_EMP_FT,A,2009,3.45
NOR,Incidence of low and high pay,HP_I,PT_EMP_FT,A,2009,18.23
NOR,Incidence of low and high pay,LP_I,PT_EMP_FT,A,2010,3.95
NOR,Incidence of low and high pay,HP_I,PT_EMP_FT,A,2010,13.36
NOR,Incidence of low and high pay,HP_I,PT_EMP_FT,A,2010,6.6
NOR,Incidence of low and high pay,LP_I,PT_EMP_FT,A,2010,4.53
NOR,Incidence of low and high pay,LP_I,PT_EMP_FT,A,2010,3.55
NOR,Incidence of low and high pay,HP_I,PT_EMP_FT,A,2010,18.06
NOR,Incidence of low and high pay,LP_I,PT_EMP_FT,A,2011,4.17
NOR,Incidence of low and high pay,HP_I,PT_EMP_FT,A,2011,13.66
NOR,Incidence of low and high pay,HP_I,PT_EMP_FT,A,2011,7.03
NOR,Incidence of low and high pay,LP_I,PT_EMP_FT,A,2011,4.69
NOR,Incidence of low and high pay,LP_I,PT_EMP_FT,A,2011,3.81
NOR,Incidence of low and high pay,HP_I,PT_EMP_FT,A,2011,18.36
NOR,Incidence of low and high pay,LP_I,PT_EMP_FT,A,2012,4.44
NOR,Incidence of low and high pay,HP_I,PT_EMP_FT,A,2012,13.7
NOR,Incidence of low and high pay,HP_I,PT_EMP_FT,A,2012,7.17
NOR,Incidence of low and high pay,LP_I,PT_EMP_FT,A,2012,4.92
NOR,Incidence of low and high pay,LP_I,PT_EMP_FT,A,2012,4.11
NOR,Incidence of low and high pay,HP_I,PT_EMP_FT,A,2012,18.34
NOR,Incidence of low and high pay,LP_I,PT_EMP_FT,A,2013,4.47
NOR,Incidence of low and high pay,HP_I,PT_EMP_FT,A,2013,14.22
NOR,Incidence of low and high pay,HP_I,PT_EMP_FT,A,2013,7.44
NOR,Incidence of low and high pay,LP_I,PT_EMP_FT,A,2013,4.95
NOR,Incidence of low and high pay,LP_I,PT_EMP_FT,A,2013,4.13
NOR,Incidence of low and high pay,HP_I,PT_EMP_FT,A,2013,19.04
NOR,Incidence of low and high pay,LP_I,PT_EMP_FT,A,2014,4.7
NOR,Incidence of low and high pay,HP_I,PT_EMP_FT,A,2014,14.17
NOR,Incidence of low and high pay,HP_I,PT_EMP_FT,A,2014,7.62
NOR,Incidence of low and high pay,LP_I,PT_EMP_FT,A,2014,5.14
NOR,Incidence of low and high pay,LP_I,PT_EMP_FT,A,2014,4.38
NOR,Incidence of low and high pay,HP_I,PT_EMP_FT,A,2014,18.86
NOR,Incidence of low and high pay,LP_I,PT_EMP_FT,A,2015,7.27
NOR,Incidence of low and high pay,HP_I,PT_EMP_FT,A,2015,13.77
NOR,Incidence of low and high pay,HP_I,PT_EMP_FT,A,2015,7.53
NOR,Incidence of low and high pay,LP_I,PT_EMP_FT,A,2015,7.9
NOR,Incidence of low and high pay,LP_I,PT_EMP_FT,A,2015,6.87
NOR,Incidence of low and high pay,HP_I,PT_EMP_FT,A,2015,17.75
NOR,Incidence of low and high pay,LP_I,PT_EMP_FT,A,2016,7.7
NOR,Incidence of low and high pay,HP_I,PT_EMP_FT,A,2016,13.44
NOR,Incidence of low and high pay,HP_I,PT_EMP_FT,A,2016,7.72
NOR,Incidence of low and high pay,LP_I,PT_EMP_FT,A,2016,9.26
NOR,Incidence of low and high pay,LP_I,PT_EMP_FT,A,2016,6.7
NOR,Incidence of low and high pay,HP_I,PT_EMP_FT,A,2016,17.1
NOR,Incidence of low and high pay,LP_I,PT_EMP_FT,A,2017,7.72
NOR,Incidence of low and high pay,HP_I,PT_EMP_FT,A,2017,13.32
NOR,Incidence of low and high pay,HP_I,PT_EMP_FT,A,2017,7.87
NOR,Incidence of low and high pay,LP_I,PT_EMP_FT,A,2017,9.27
NOR,Incidence of low and high pay,LP_I,PT_EMP_FT,A,2017,6.74
NOR,Incidence of low and high pay,HP_I,PT_EMP_FT,A,2017,16.8
NOR,Incidence of low and high pay,LP_I,PT_EMP_FT,A,2018,7.5
NOR,Incidence of low and high pay,HP_I,PT_EMP_FT,A,2018,13.6
NOR,Incidence of low and high pay,HP_I,PT_EMP_FT,A,2018,8.28
NOR,Incidence of low and high pay,LP_I,PT_EMP_FT,A,2018,8.78
NOR,Incidence of low and high pay,LP_I,PT_EMP_FT,A,2018,6.68
NOR,Incidence of low and high pay,HP_I,PT_EMP_FT,A,2018,17.01
NOR,Incidence of low and high pay,LP_I,PT_EMP_FT,A,2019,7.52
NOR,Incidence of low and high pay,HP_I,PT_EMP_FT,A,2019,13.53
NOR,Incidence of low and high pay,HP_I,PT_EMP_FT,A,2019,8.34
NOR,Incidence of low and high pay,LP_I,PT_EMP_FT,A,2019,8.75
NOR,Incidence of low and high pay,LP_I,PT_EMP_FT,A,2019,6.73
NOR,Incidence of low and high pay,HP_I,PT_EMP_FT,A,2019,16.87
NOR,Incidence of low and high pay,LP_I,PT_EMP_FT,A,2020,7.4
NOR,Incidence of low and high pay,HP_I,PT_EMP_FT,A,2020,13.54
NOR,Incidence of low and high pay,HP_I,PT_EMP_FT,A,2020,8.4
NOR,Incidence of low and high pay,LP_I,PT_EMP_FT,A,2020,8.39
NOR,Incidence of low and high pay,LP_I,PT_EMP_FT,A,2020,6.75
NOR,Incidence of low and high pay,HP_I,PT_EMP_FT,A,2020,16.92
NOR,Incidence of low and high pay,LP_I,PT_EMP_FT,A,2021,7.43
NOR,Incidence of low and high pay,HP_I,PT_EMP_FT,A,2021,13.49
NOR,Incidence of low and high pay,HP_I,PT_EMP_FT,A,2021,8.6
NOR,Incidence of low and high pay,LP_I,PT_EMP_FT,A,2021,8.46
NOR,Incidence of low and high pay,LP_I,PT_EMP_FT,A,2021,6.75
NOR,Incidence of low and high pay,HP_I,PT_EMP_FT,A,2021,16.75
NOR,Incidence of low and high pay,LP_I,PT_EMP_FT,A,2022,7.09
NOR,Incidence of low and high pay,HP_I,PT_EMP_FT,A,2022,14.02
NOR,Incidence of low and high pay,HP_I,PT_EMP_FT,A,2022,9.08
NOR,Incidence of low and high pay,LP_I,PT_EMP_FT,A,2022,8.16
NOR,Incidence of low and high pay,LP_I,PT_EMP_FT,A,2022,6.38
NOR,Incidence of low and high pay,HP_I,PT_EMP_FT,A,2022,17.33
NOR,Incidence of low and high pay,LP_I,PT_EMP_FT,A,2023,6.82
NOR,Incidence of low and high pay,HP_I,PT_EMP_FT,A,2023,13.79
NOR,Incidence of low and high pay,HP_I,PT_EMP_FT,A,2023,9
NOR,Incidence of low and high pay,LP_I,PT_EMP_FT,A,2023,7.47
NOR,Incidence of low and high pay,LP_I,PT_EMP_FT,A,2023,6.38
NOR,Incidence of low and high pay,HP_I,PT_EMP_FT,A,2023,17.04
NOR,Incidence of low and high pay,LP_I,PT_EMP_FT,A,2024,6.31
NOR,Incidence of low and high pay,LP_I,PT_EMP_FT,A,2024,7.34
NOR,Incidence of low and high pay,LP_I,PT_EMP_FT,A,2024,6.73
NOR,Incidence of low and high pay,HP_I,PT_EMP_FT,A,2024,8.81
NOR,Incidence of low and high pay,HP_I,PT_EMP_FT,A,2024,16.91
NOR,Incidence of low and high pay,HP_I,PT_EMP_FT,A,2024,13.61
NZL,Incidence of low and high pay,LP_I,PT_EMP_FT,A,1997,13.27024441
NZL,Incidence of low and high pay,LP_I,PT_EMP_FT,A,1997,16.428614977
NZL,Incidence of low and high pay,LP_I,PT_EMP_FT,A,1997,11.171783523
NZL,Incidence of low and high pay,LP_I,PT_EMP_FT,A,1998,13.120556213
NZL,Incidence of low and high pay,LP_I,PT_EMP_FT,A,1998,17.584520658
NZL,Incidence of low and high pay,LP_I,PT_EMP_FT,A,1998,10.15995798
NZL,Incidence of low and high pay,LP_I,PT_EMP_FT,A,1999,12.284047012
NZL,Incidence of low and high pay,LP_I,PT_EMP_FT,A,1999,14.462588118
NZL,Incidence of low and high pay,LP_I,PT_EMP_FT,A,1999,10.799457972
NZL,Incidence of low and high pay,LP_I,PT_EMP_FT,A,2000,11.738559021
NZL,Incidence of low and high pay,LP_I,PT_EMP_FT,A,2000,14.617562743
NZL,Incidence of low and high pay,LP_I,PT_EMP_FT,A,2000,9.7493990277
NZL,Incidence of low and high pay,LP_I,PT_EMP_FT,A,2001,12.229128629
NZL,Incidence of low and high pay,LP_I,PT_EMP_FT,A,2001,14.247623972
NZL,Incidence of low and high pay,LP_I,PT_EMP_FT,A,2001,10.797321537
NZL,Incidence of low and high pay,LP_I,PT_EMP_FT,A,2002,13.629825482
NZL,Incidence of low and high pay,LP_I,PT_EMP_FT,A,2002,16.169754148
NZL,Incidence of low and high pay,LP_I,PT_EMP_FT,A,2002,11.857946598
NZL,Incidence of low and high pay,LP_I,PT_EMP_FT,A,2003,13.222360097
NZL,Incidence of low and high pay,LP_I,PT_EMP_FT,A,2003,15.817739396
NZL,Incidence of low and high pay,LP_I,PT_EMP_FT,A,2003,11.413705306
NZL,Incidence of low and high pay,LP_I,PT_EMP_FT,A,2004,13.162006989
NZL,Incidence of low and high pay,LP_I,PT_EMP_FT,A,2004,16.160151029
NZL,Incidence of low and high pay,LP_I,PT_EMP_FT,A,2004,11.117520087
NZL,Incidence of low and high pay,LP_I,PT_EMP_FT,A,2005,12.439298719
NZL,Incidence of low and high pay,LP_I,PT_EMP_FT,A,2005,15.633641547
NZL,Incidence of low and high pay,LP_I,PT_EMP_FT,A,2005,10.213291742
NZL,Incidence of low and high pay,LP_I,PT_EMP_FT,A,2006,14.612236054
NZL,Incidence of low and high pay,LP_I,PT_EMP_FT,A,2006,17.288007595
NZL,Incidence of low and high pay,LP_I,PT_EMP_FT,A,2006,12.701322092
NZL,Incidence of low and high pay,LP_I,PT_EMP_FT,A,2007,13.440920081
NZL,Incidence of low and high pay,LP_I,PT_EMP_FT,A,2007,15.967162065
NZL,Incidence of low and high pay,LP_I,PT_EMP_FT,A,2007,11.662316786
NZL,Incidence of low and high pay,LP_I,PT_EMP_FT,A,2008,12.534180769
NZL,Incidence of low and high pay,LP_I,PT_EMP_FT,A,2008,15.260420385
NZL,Incidence of low and high pay,LP_I,PT_EMP_FT,A,2008,10.550479408
NZL,Incidence of low and high pay,LP_I,PT_EMP_FT,A,2009,12.873243589
NZL,Incidence of low and high pay,LP_I,PT_EMP_FT,A,2009,14.990457431
NZL,Incidence of low and high pay,LP_I,PT_EMP_FT,A,2009,11.331328654
NZL,Incidence of low and high pay,LP_I,PT_EMP_FT,A,2010,12.721853735
NZL,Incidence of low and high pay,LP_I,PT_EMP_FT,A,2010,14.152681494
NZL,Incidence of low and high pay,LP_I,PT_EMP_FT,A,2010,11.657385319
NZL,Incidence of low and high pay,LP_I,PT_EMP_FT,A,2011,13.693474619
NZL,Incidence of low and high pay,LP_I,PT_EMP_FT,A,2011,15.984052577
NZL,Incidence of low and high pay,LP_I,PT_EMP_FT,A,2011,12.032638483
NZL,Incidence of low and high pay,LP_I,PT_EMP_FT,A,2012,13.555300338
NZL,Incidence of low and high pay,LP_I,PT_EMP_FT,A,2012,15.034847565
NZL,Incidence of low and high pay,LP_I,PT_EMP_FT,A,2012,12.477607319
NZL,Incidence of low and high pay,LP_I,PT_EMP_FT,A,2013,14.080305906
NZL,Incidence of low and high pay,LP_I,PT_EMP_FT,A,2013,15.22314296
NZL,Incidence of low and high pay,LP_I,PT_EMP_FT,A,2013,13.257779272
NZL,Incidence of low and high pay,LP_I,PT_EMP_FT,A,2014,13.86467017
NZL,Incidence of low and high pay,LP_I,PT_EMP_FT,A,2014,15.95590355
NZL,Incidence of low and high pay,LP_I,PT_EMP_FT,A,2014,12.348250043
NZL,Incidence of low and high pay,LP_I,PT_EMP_FT,A,2015,13.890629455
NZL,Incidence of low and high pay,LP_I,PT_EMP_FT,A,2015,15.388009837
NZL,Incidence of low and high pay,LP_I,PT_EMP_FT,A,2015,12.833693106
NZL,Incidence of low and high pay,LP_I,PT_EMP_FT,A,2016,11.188210037
NZL,Incidence of low and high pay,LP_I,PT_EMP_FT,A,2016,13.239641828
NZL,Incidence of low and high pay,LP_I,PT_EMP_FT,A,2016,9.643301697
NZL,Incidence of low and high pay,LP_I,PT_EMP_FT,A,2017,12.091596483
NZL,Incidence of low and high pay,LP_I,PT_EMP_FT,A,2017,14.172161694
NZL,Incidence of low and high pay,LP_I,PT_EMP_FT,A,2017,10.533092405
NZL,Incidence of low and high pay,LP_I,PT_EMP_FT,A,2018,8.5045585676
NZL,Incidence of low and high pay,LP_I,PT_EMP_FT,A,2018,9.0449894667
NZL,Incidence of low and high pay,LP_I,PT_EMP_FT,A,2018,8.0897323486
NZL,Incidence of low and high pay,LP_I,PT_EMP_FT,A,2019,6.36
NZL,Incidence of low and high pay,LP_I,PT_EMP_FT,A,2019,7.85
NZL,Incidence of low and high pay,LP_I,PT_EMP_FT,A,2019,7.01
NZL,Incidence of low and high pay,LP_I,PT_EMP_FT,A,2020,7.4600881486
NZL,Incidence of low and high pay,LP_I,PT_EMP_FT,A,2020,8.26
NZL,Incidence of low and high pay,LP_I,PT_EMP_FT,A,2020,9.3
NZL,Incidence of low and high pay,LP_I,PT_EMP_FT,A,2021,1.8
NZL,Incidence of low and high pay,LP_I,PT_EMP_FT,A,2021,1.4
NZL,Incidence of low and high pay,LP_I,PT_EMP_FT,A,2021,1.6
NZL,Incidence of low and high pay,LP_I,PT_EMP_FT,A,2022,2.7014247392
NZL,Incidence of low and high pay,LP_I,PT_EMP_FT,A,2022,2.3496416887
NZL,Incidence of low and high pay,LP_I,PT_EMP_FT,A,2022,2.9771562709
NZL,Incidence of low and high pay,LP_I,PT_EMP_FT,A,2023,3.4328901284
NZL,Incidence of low and high pay,LP_I,PT_EMP_FT,A,2023,3.5772519908
NZL,Incidence of low and high pay,LP_I,PT_EMP_FT,A,2023,3.3193181153
NZL,Incidence of low and high pay,LP_I,PT_EMP_FT,A,2024,1.51
NZL,Incidence of low and high pay,LP_I,PT_EMP_FT,A,2024,1.43
NZL,Incidence of low and high pay,LP_I,PT_EMP_FT,A,2024,1.34
OECD,Incidence of low and high pay,LP_I,PT_EMP_FT,A,1995,23.011446874569
OECD,Incidence of low and high pay,LP_I,PT_EMP_FT,A,1995,15.6337795231214
OECD,Incidence of low and high pay,LP_I,PT_EMP_FT,A,1995,11.6530370917103
OECD,Incidence of low and high pay,HP_I,PT_EMP_FT,A,1995,14.7645526332591
OECD,Incidence of low and high pay,HP_I,PT_EMP_FT,A,1995,25.6672140519364
OECD,Incidence of low and high pay,HP_I,PT_EMP_FT,A,1995,21.8952937190182
OECD,Incidence of low and high pay,LP_I,PT_EMP_FT,A,1996,15.6946672730237
OECD,Incidence of low and high pay,LP_I,PT_EMP_FT,A,1996,22.9827394247267
OECD,Incidence of low and high pay,LP_I,PT_EMP_FT,A,1996,11.7210418440341
OECD,Incidence of low and high pay,HP_I,PT_EMP_FT,A,1996,14.8097839804215
OECD,Incidence of low and high pay,HP_I,PT_EMP_FT,A,1996,25.6608171816263
OECD,Incidence of low and high pay,HP_I,PT_EMP_FT,A,1996,21.9078708787713
OECD,Incidence of low and high pay,LP_I,PT_EMP_FT,A,1997,16.0687927148696
OECD,Incidence of low and high pay,LP_I,PT_EMP_FT,A,1997,22.7020779045009
OECD,Incidence of low and high pay,LP_I,PT_EMP_FT,A,1997,11.7858430929784
OECD,Incidence of low and high pay,HP_I,PT_EMP_FT,A,1997,14.7602298274864
OECD,Incidence of low and high pay,HP_I,PT_EMP_FT,A,1997,25.5922769122697
OECD,Incidence of low and high pay,HP_I,PT_EMP_FT,A,1997,21.9985136025826
OECD,Incidence of low and high pay,LP_I,PT_EMP_FT,A,1998,16.1101997745019
OECD,Incidence of low and high pay,LP_I,PT_EMP_FT,A,1998,22.7461060400012
OECD,Incidence of low and high pay,LP_I,PT_EMP_FT,A,1998,11.8205393257214
OECD,Incidence of low and high pay,HP_I,PT_EMP_FT,A,1998,14.9502958740727
OECD,Incidence of low and high pay,HP_I,PT_EMP_FT,A,1998,25.7951103403454
OECD,Incidence of low and high pay,HP_I,PT_EMP_FT,A,1998,22.181965027713
OECD,Incidence of low and high pay,LP_I,PT_EMP_FT,A,1999,16.14645391524
OECD,Incidence of low and high pay,LP_I,PT_EMP_FT,A,1999,22.5439867057652
OECD,Incidence of low and high pay,LP_I,PT_EMP_FT,A,1999,11.9072257517296
OECD,Incidence of low and high pay,HP_I,PT_EMP_FT,A,1999,15.0494131380403
OECD,Incidence of low and high pay,HP_I,PT_EMP_FT,A,1999,25.8434075875954
OECD,Incidence of low and high pay,HP_I,PT_EMP_FT,A,1999,22.2425784901367
OECD,Incidence of low and high pay,LP_I,PT_EMP_FT,A,2000,16.1679155340086
OECD,Incidence of low and high pay,LP_I,PT_EMP_FT,A,2000,22.4569127939834
OECD,Incidence of low and high pay,LP_I,PT_EMP_FT,A,2000,12.0428418070702
OECD,Incidence of low and high pay,HP_I,PT_EMP_FT,A,2000,15.0980142000091
OECD,Incidence of low and high pay,HP_I,PT_EMP_FT,A,2000,25.6752441215727
OECD,Incidence of low and high pay,HP_I,PT_EMP_FT,A,2000,22.1612846951478
OECD,Incidence of low and high pay,LP_I,PT_EMP_FT,A,2001,16.0042552437134
OECD,Incidence of low and high pay,LP_I,PT_EMP_FT,A,2001,22.3960231294569
OECD,Incidence of low and high pay,LP_I,PT_EMP_FT,A,2001,11.9537635998429
OECD,Incidence of low and high pay,HP_I,PT_EMP_FT,A,2001,14.8924972619174
OECD,Incidence of low and high pay,HP_I,PT_EMP_FT,A,2001,26.0851312482539
OECD,Incidence of low and high pay,HP_I,PT_EMP_FT,A,2001,22.2324565034847
OECD,Incidence of low and high pay,LP_I,PT_EMP_FT,A,2002,16.1342530351035
OECD,Incidence of low and high pay,LP_I,PT_EMP_FT,A,2002,22.2528413023622
OECD,Incidence of low and high pay,LP_I,PT_EMP_FT,A,2002,12.1969156213689
OECD,Incidence of low and high pay,HP_I,PT_EMP_FT,A,2002,15.0516085761801
OECD,Incidence of low and high pay,HP_I,PT_EMP_FT,A,2002,25.8601256708461
OECD,Incidence of low and high pay,HP_I,PT_EMP_FT,A,2002,22.1590831933103
OECD,Incidence of low and high pay,LP_I,PT_EMP_FT,A,2003,16.1108732403757
OECD,Incidence of low and high pay,LP_I,PT_EMP_FT,A,2003,21.9824792392914
OECD,Incidence of low and high pay,LP_I,PT_EMP_FT,A,2003,12.1972477529454
OECD,Incidence of low and high pay,HP_I,PT_EMP_FT,A,2003,15.1373843351439
OECD,Incidence of low and high pay,HP_I,PT_EMP_FT,A,2003,25.982531940312
OECD,Incidence of low and high pay,HP_I,PT_EMP_FT,A,2003,22.1681076935269
OECD,Incidence of low and high pay,LP_I,PT_EMP_FT,A,2004,15.9202040885963
OECD,Incidence of low and high pay,LP_I,PT_EMP_FT,A,2004,21.7919263251469
OECD,Incidence of low and high pay,LP_I,PT_EMP_FT,A,2004,12.0527595853102
OECD,Incidence of low and high pay,HP_I,PT_EMP_FT,A,2004,15.3669130029166
OECD,Incidence of low and high pay,HP_I,PT_EMP_FT,A,2004,26.0061968602691
OECD,Incidence of low and high pay,HP_I,PT_EMP_FT,A,2004,22.1690272333329
OECD,Incidence of low and high pay,LP_I,PT_EMP_FT,A,2005,16.0369775088846
OECD,Incidence of low and high pay,LP_I,PT_EMP_FT,A,2005,21.7001593819309
OECD,Incidence of low and high pay,LP_I,PT_EMP_FT,A,2005,12.1624277283147
OECD,Incidence of low and high pay,HP_I,PT_EMP_FT,A,2005,15.4672748081726
OECD,Incidence of low and high pay,HP_I,PT_EMP_FT,A,2005,25.9832035231042
OECD,Incidence of low and high pay,HP_I,PT_EMP_FT,A,2005,22.1081280017558
OECD,Incidence of low and high pay,LP_I,PT_EMP_FT,A,2006,16.1752163808758
OECD,Incidence of low and high pay,LP_I,PT_EMP_FT,A,2006,21.5337997892
OECD,Incidence of low and high pay,LP_I,PT_EMP_FT,A,2006,12.4159011359364
OECD,Incidence of low and high pay,HP_I,PT_EMP_FT,A,2006,15.9652752737625
OECD,Incidence of low and high pay,HP_I,PT_EMP_FT,A,2006,26.2096400224833
OECD,Incidence of low and high pay,HP_I,PT_EMP_FT,A,2006,22.287613791688
OECD,Incidence of low and high pay,LP_I,PT_EMP_FT,A,2007,16.0422899982474
OECD,Incidence of low and high pay,LP_I,PT_EMP_FT,A,2007,21.3089537276559
OECD,Incidence of low and high pay,LP_I,PT_EMP_FT,A,2007,12.2324823817423
OECD,Incidence of low and high pay,HP_I,PT_EMP_FT,A,2007,16.4200598980672
OECD,Incidence of low and high pay,HP_I,PT_EMP_FT,A,2007,26.1762733907304
OECD,Incidence of low and high pay,HP_I,PT_EMP_FT,A,2007,22.3626423530115
OECD,Incidence of low and high pay,LP_I,PT_EMP_FT,A,2008,15.6038592445931
OECD,Incidence of low and high pay,LP_I,PT_EMP_FT,A,2008,20.819574594682
OECD,Incidence of low and high pay,LP_I,PT_EMP_FT,A,2008,11.7834087876495
OECD,Incidence of low and high pay,HP_I,PT_EMP_FT,A,2008,16.4163092385344
OECD,Incidence of low and high pay,HP_I,PT_EMP_FT,A,2008,26.1341399741164
OECD,Incidence of low and high pay,HP_I,PT_EMP_FT,A,2008,22.3186638247857
OECD,Incidence of low and high pay,LP_I,PT_EMP_FT,A,2009,15.3391159406079
OECD,Incidence of low and high pay,LP_I,PT_EMP_FT,A,2009,20.1374982262953
OECD,Incidence of low and high pay,LP_I,PT_EMP_FT,A,2009,11.6673263687559
OECD,Incidence of low and high pay,HP_I,PT_EMP_FT,A,2009,16.8663111151899
OECD,Incidence of low and high pay,HP_I,PT_EMP_FT,A,2009,26.2336279044718
OECD,Incidence of low and high pay,HP_I,PT_EMP_FT,A,2009,22.4641518163955
OECD,Incidence of low and high pay,LP_I,PT_EMP_FT,A,2010,15.3600762455157
OECD,Incidence of low and high pay,LP_I,PT_EMP_FT,A,2010,20.0500763264134
OECD,Incidence of low and high pay,LP_I,PT_EMP_FT,A,2010,11.7979615149165
OECD,Incidence of low and high pay,HP_I,PT_EMP_FT,A,2010,17.1096839526716
OECD,Incidence of low and high pay,HP_I,PT_EMP_FT,A,2010,26.095385174501
OECD,Incidence of low and high pay,HP_I,PT_EMP_FT,A,2010,22.4356153882665
OECD,Incidence of low and high pay,LP_I,PT_EMP_FT,A,2011,15.2814362998928
OECD,Incidence of low and high pay,LP_I,PT_EMP_FT,A,2011,20.2366647341528
OECD,Incidence of low and high pay,LP_I,PT_EMP_FT,A,2011,11.7210790562447
OECD,Incidence of low and high pay,HP_I,PT_EMP_FT,A,2011,17.0052070341264
OECD,Incidence of low and high pay,HP_I,PT_EMP_FT,A,2011,26.0535942701628
OECD,Incidence of low and high pay,HP_I,PT_EMP_FT,A,2011,22.3947102883907
OECD,Incidence of low and high pay,LP_I,PT_EMP_FT,A,2012,15.0815138429255
OECD,Incidence of low and high pay,LP_I,PT_EMP_FT,A,2012,20.0932416558492
OECD,Incidence of low and high pay,LP_I,PT_EMP_FT,A,2012,11.5275207499592
OECD,Incidence of low and high pay,HP_I,PT_EMP_FT,A,2012,16.9108616544992
OECD,Incidence of low and high pay,HP_I,PT_EMP_FT,A,2012,25.9340277529459
OECD,Incidence of low and high pay,HP_I,PT_EMP_FT,A,2012,22.2724675551964
OECD,Incidence of low and high pay,LP_I,PT_EMP_FT,A,2013,14.8996474121218
OECD,Incidence of low and high pay,LP_I,PT_EMP_FT,A,2013,19.6572029960471
OECD,Incidence of low and high pay,LP_I,PT_EMP_FT,A,2013,11.4383166328703
OECD,Incidence of low and high pay,HP_I,PT_EMP_FT,A,2013,16.8575356223826
OECD,Incidence of low and high pay,HP_I,PT_EMP_FT,A,2013,25.9920361349462
OECD,Incidence of low and high pay,HP_I,PT_EMP_FT,A,2013,22.2811057195966
OECD,Incidence of low and high pay,LP_I,PT_EMP_FT,A,2014,14.8744543128706
OECD,Incidence of low and high pay,LP_I,PT_EMP_FT,A,2014,19.5595836753791
OECD,Incidence of low and high pay,LP_I,PT_EMP_FT,A,2014,11.4292269326751
OECD,Incidence of low and high pay,HP_I,PT_EMP_FT,A,2014,16.652157983717
OECD,Incidence of low and high pay,HP_I,PT_EMP_FT,A,2014,25.9715875965014
OECD,Incidence of low and high pay,HP_I,PT_EMP_FT,A,2014,22.1842386080143
OECD,Incidence of low and high pay,LP_I,PT_EMP_FT,A,2015,15.0248320169975
OECD,Incidence of low and high pay,LP_I,PT_EMP_FT,A,2015,19.8537815777717
OECD,Incidence of low and high pay,LP_I,PT_EMP_FT,A,2015,11.6735459898808
OECD,Incidence of low and high pay,HP_I,PT_EMP_FT,A,2015,16.8152058279582
OECD,Incidence of low and high pay,HP_I,PT_EMP_FT,A,2015,25.6817048469898
OECD,Incidence of low and high pay,HP_I,PT_EMP_FT,A,2015,22.0908137906835
OECD,Incidence of low and high pay,LP_I,PT_EMP_FT,A,2016,14.547694274218
OECD,Incidence of low and high pay,LP_I,PT_EMP_FT,A,2016,19.2962356925294
OECD,Incidence of low and high pay,LP_I,PT_EMP_FT,A,2016,11.2808464862838
OECD,Incidence of low and high pay,HP_I,PT_EMP_FT,A,2016,17.0121313946253
OECD,Incidence of low and high pay,HP_I,PT_EMP_FT,A,2016,25.3793035167193
OECD,Incidence of low and high pay,HP_I,PT_EMP_FT,A,2016,21.97219998268
OECD,Incidence of low and high pay,LP_I,PT_EMP_FT,A,2017,14.126223125623
OECD,Incidence of low and high pay,LP_I,PT_EMP_FT,A,2017,18.6796833041216
OECD,Incidence of low and high pay,LP_I,PT_EMP_FT,A,2017,11.0234202527886
OECD,Incidence of low and high pay,HP_I,PT_EMP_FT,A,2017,17.1804210995087
OECD,Incidence of low and high pay,HP_I,PT_EMP_FT,A,2017,25.3240576869511
OECD,Incidence of low and high pay,HP_I,PT_EMP_FT,A,2017,21.9779421041012
OECD,Incidence of low and high pay,LP_I,PT_EMP_FT,A,2018,13.9677199133267
OECD,Incidence of low and high pay,LP_I,PT_EMP_FT,A,2018,18.5575704131695
OECD,Incidence of low and high pay,LP_I,PT_EMP_FT,A,2018,10.9006252801336
OECD,Incidence of low and high pay,HP_I,PT_EMP_FT,A,2018,16.8090519897746
OECD,Incidence of low and high pay,HP_I,PT_EMP_FT,A,2018,25.0213402269057
OECD,Incidence of low and high pay,HP_I,PT_EMP_FT,A,2018,21.6276313319261
OECD,Incidence of low and high pay,LP_I,PT_EMP_FT,A,2019,14.0169539357717
OECD,Incidence of low and high pay,LP_I,PT_EMP_FT,A,2019,18.7112262141692
OECD,Incidence of low and high pay,LP_I,PT_EMP_FT,A,2019,11.4366925396406
OECD,Incidence of low and high pay,HP_I,PT_EMP_FT,A,2019,17.5375252318383
OECD,Incidence of low and high pay,HP_I,PT_EMP_FT,A,2019,25.2044283455337
OECD,Incidence of low and high pay,HP_I,PT_EMP_FT,A,2019,22.7850237397478
OECD,Incidence of low and high pay,LP_I,PT_EMP_FT,A,2020,14.1244793094095
OECD,Incidence of low and high pay,LP_I,PT_EMP_FT,A,2020,18.6146822935109
OECD,Incidence of low and high pay,LP_I,PT_EMP_FT,A,2020,12.3636979320008
OECD,Incidence of low and high pay,HP_I,PT_EMP_FT,A,2020,18.3232883547685
OECD,Incidence of low and high pay,HP_I,PT_EMP_FT,A,2020,24.8527919177206
OECD,Incidence of low and high pay,HP_I,PT_EMP_FT,A,2020,23.7539258933225
OECD,Incidence of low and high pay,LP_I,PT_EMP_FT,A,2021,12.8637610673438
OECD,Incidence of low and high pay,LP_I,PT_EMP_FT,A,2021,17.5207650922354
OECD,Incidence of low and high pay,LP_I,PT_EMP_FT,A,2021,11.4698235574043
OECD,Incidence of low and high pay,HP_I,PT_EMP_FT,A,2021,17.6399756029989
OECD,Incidence of low and high pay,HP_I,PT_EMP_FT,A,2021,23.8283140570409
OECD,Incidence of low and high pay,HP_I,PT_EMP_FT,A,2021,23.4559778903216
OECD,Incidence of low and high pay,LP_I,PT_EMP_FT,A,2022,12.64158052716
OECD,Incidence of low and high pay,LP_I,PT_EMP_FT,A,2022,17.2058446116212
OECD,Incidence of low and high pay,LP_I,PT_EMP_FT,A,2022,11.5259509742353
OECD,Incidence of low and high pay,HP_I,PT_EMP_FT,A,2022,17.3216018088269
OECD,Incidence of low and high pay,HP_I,PT_EMP_FT,A,2022,23.3904329706077
OECD,Incidence of low and high pay,HP_I,PT_EMP_FT,A,2022,23.8411212982
OECD,Incidence of low and high pay,LP_I,PT_EMP_FT,A,2023,12.6943100522235
OECD,Incidence of low and high pay,LP_I,PT_EMP_FT,A,2023,17.2271528184875
OECD,Incidence of low and high pay,LP_I,PT_EMP_FT,A,2023,11.4839317766848
OECD,Incidence of low and high pay,HP_I,PT_EMP_FT,A,2023,17.939692383952
OECD,Incidence of low and high pay,HP_I,PT_EMP_FT,A,2023,24.25820180276
OECD,Incidence of low and high pay,HP_I,PT_EMP_FT,A,2023,24.5787829398077
PER,Incidence of low and high pay,LP_I,PT_EMP_FT,A,2010,22.755728423
PER,Incidence of low and high pay,LP_I,PT_EMP_FT,A,2010,26.806191321
PER,Incidence of low and high pay,LP_I,PT_EMP_FT,A,2010,35.92869217
PER,Incidence of low and high pay,HP_I,PT_EMP_FT,A,2010,32.012427821
PER,Incidence of low and high pay,HP_I,PT_EMP_FT,A,2010,28.833658752
PER,Incidence of low and high pay,HP_I,PT_EMP_FT,A,2010,21.674397139
PER,Incidence of low and high pay,LP_I,PT_EMP_FT,A,2011,21.82531409
PER,Incidence of low and high pay,LP_I,PT_EMP_FT,A,2011,34.241787447
PER,Incidence of low and high pay,LP_I,PT_EMP_FT,A,2011,25.852000711
PER,Incidence of low and high pay,HP_I,PT_EMP_FT,A,2011,28.455147784
PER,Incidence of low and high pay,HP_I,PT_EMP_FT,A,2011,31.762935139
PER,Incidence of low and high pay,HP_I,PT_EMP_FT,A,2011,21.563220726
PER,Incidence of low and high pay,LP_I,PT_EMP_FT,A,2012,20.945481454
PER,Incidence of low and high pay,LP_I,PT_EMP_FT,A,2012,25.058937361
PER,Incidence of low and high pay,LP_I,PT_EMP_FT,A,2012,33.547785723
PER,Incidence of low and high pay,HP_I,PT_EMP_FT,A,2012,31.485257429
PER,Incidence of low and high pay,HP_I,PT_EMP_FT,A,2012,27.80453604
PER,Incidence of low and high pay,HP_I,PT_EMP_FT,A,2012,20.208712373
PER,Incidence of low and high pay,LP_I,PT_EMP_FT,A,2013,20.703022089
PER,Incidence of low and high pay,LP_I,PT_EMP_FT,A,2013,32.28663397
PER,Incidence of low and high pay,LP_I,PT_EMP_FT,A,2013,24.47987261
PER,Incidence of low and high pay,HP_I,PT_EMP_FT,A,2013,27.384430651
PER,Incidence of low and high pay,HP_I,PT_EMP_FT,A,2013,30.082116043
PER,Incidence of low and high pay,HP_I,PT_EMP_FT,A,2013,21.80830685
PER,Incidence of low and high pay,LP_I,PT_EMP_FT,A,2014,21.984586683
PER,Incidence of low and high pay,LP_I,PT_EMP_FT,A,2014,25.123389183
PER,Incidence of low and high pay,LP_I,PT_EMP_FT,A,2014,31.402080516
PER,Incidence of low and high pay,HP_I,PT_EMP_FT,A,2014,28.955164323
PER,Incidence of low and high pay,HP_I,PT_EMP_FT,A,2014,26.435932646
PER,Incidence of low and high pay,HP_I,PT_EMP_FT,A,2014,21.396597393
PER,Incidence of low and high pay,LP_I,PT_EMP_FT,A,2015,20.838223986
PER,Incidence of low and high pay,LP_I,PT_EMP_FT,A,2015,30.787290938
PER,Incidence of low and high pay,LP_I,PT_EMP_FT,A,2015,24.163468361
PER,Incidence of low and high pay,HP_I,PT_EMP_FT,A,2015,27.128708015
PER,Incidence of low and high pay,HP_I,PT_EMP_FT,A,2015,29.710638305
PER,Incidence of low and high pay,HP_I,PT_EMP_FT,A,2015,21.985552738
PER,Incidence of low and high pay,LP_I,PT_EMP_FT,A,2016,21.687653397
PER,Incidence of low and high pay,LP_I,PT_EMP_FT,A,2016,25.094255915
PER,Incidence of low and high pay,LP_I,PT_EMP_FT,A,2016,31.902775388
PER,Incidence of low and high pay,HP_I,PT_EMP_FT,A,2016,30.295486019
PER,Incidence of low and high pay,HP_I,PT_EMP_FT,A,2016,27.561225968
PER,Incidence of low and high pay,HP_I,PT_EMP_FT,A,2016,22.096466665
PER,Incidence of low and high pay,LP_I,PT_EMP_FT,A,2017,20.551732596
PER,Incidence of low and high pay,LP_I,PT_EMP_FT,A,2017,31.366139557
PER,Incidence of low and high pay,LP_I,PT_EMP_FT,A,2017,24.254206943
PER,Incidence of low and high pay,HP_I,PT_EMP_FT,A,2017,27.191747429
PER,Incidence of low and high pay,HP_I,PT_EMP_FT,A,2017,30.253965649
PER,Incidence of low and high pay,HP_I,PT_EMP_FT,A,2017,21.30965681
PER,Incidence of low and high pay,LP_I,PT_EMP_FT,A,2018,20.150509542
PER,Incidence of low and high pay,LP_I,PT_EMP_FT,A,2018,23.512830837
PER,Incidence of low and high pay,LP_I,PT_EMP_FT,A,2018,29.845049247
PER,Incidence of low and high pay,HP_I,PT_EMP_FT,A,2018,29.346731403
PER,Incidence of low and high pay,HP_I,PT_EMP_FT,A,2018,26.774149197
PER,Incidence of low and high pay,HP_I,PT_EMP_FT,A,2018,21.929236714
PER,Incidence of low and high pay,LP_I,PT_EMP_FT,A,2020,22.052243652
PER,Incidence of low and high pay,LP_I,PT_EMP_FT,A,2020,24.662272353
PER,Incidence of low and high pay,LP_I,PT_EMP_FT,A,2020,22.90338495
PER,Incidence of low and high pay,HP_I,PT_EMP_FT,A,2020,27.290216795
PER,Incidence of low and high pay,HP_I,PT_EMP_FT,A,2020,28.453350061
PER,Incidence of low and high pay,HP_I,PT_EMP_FT,A,2020,24.886596557
PER,Incidence of low and high pay,LP_I,PT_EMP_FT,A,2021,18.361129152
PER,Incidence of low and high pay,LP_I,PT_EMP_FT,A,2021,20.128899064
PER,Incidence of low and high pay,LP_I,PT_EMP_FT,A,2021,23.725164507
PER,Incidence of low and high pay,HP_I,PT_EMP_FT,A,2021,28.249489359
PER,Incidence of low and high pay,HP_I,PT_EMP_FT,A,2021,26.766335457
PER,Incidence of low and high pay,HP_I,PT_EMP_FT,A,2021,23.749079032
PER,Incidence of low and high pay,LP_I,PT_EMP_FT,A,2022,17.629681988
PER,Incidence of low and high pay,LP_I,PT_EMP_FT,A,2022,28.442584483
PER,Incidence of low and high pay,LP_I,PT_EMP_FT,A,2022,21.251445652
PER,Incidence of low and high pay,HP_I,PT_EMP_FT,A,2022,26.192186175
PER,Incidence of low and high pay,HP_I,PT_EMP_FT,A,2022,28.777460441
PER,Incidence of low and high pay,HP_I,PT_EMP_FT,A,2022,21.059033411
POL,Incidence of low and high pay,LP_I,PT_EMP_FT,A,1985,12.915090084
POL,Incidence of low and high pay,LP_I,PT_EMP_FT,A,1988,13.386443737
POL,Incidence of low and high pay,LP_I,PT_EMP_FT,A,1989,11.501029126
POL,Incidence of low and high pay,LP_I,PT_EMP_FT,A,1990,15.177587617
POL,Incidence of low and high pay,LP_I,PT_EMP_FT,A,1991,13.574985198
POL,Incidence of low and high pay,LP_I,PT_EMP_FT,A,1991,15.28731798
POL,Incidence of low and high pay,LP_I,PT_EMP_FT,A,1991,9.009009009
POL,Incidence of low and high pay,LP_I,PT_EMP_FT,A,1992,13.480714467
POL,Incidence of low and high pay,LP_I,PT_EMP_FT,A,1992,14.828698441
POL,Incidence of low and high pay,LP_I,PT_EMP_FT,A,1992,10.2
POL,Incidence of low and high pay,LP_I,PT_EMP_FT,A,1993,14.989046156
POL,Incidence of low and high pay,LP_I,PT_EMP_FT,A,1993,16.280993649
POL,Incidence of low and high pay,LP_I,PT_EMP_FT,A,1993,11.1
POL,Incidence of low and high pay,LP_I,PT_EMP_FT,A,1994,16.608256832
POL,Incidence of low and high pay,LP_I,PT_EMP_FT,A,1994,16.994376418
POL,Incidence of low and high pay,LP_I,PT_EMP_FT,A,1994,13.513513514
POL,Incidence of low and high pay,LP_I,PT_EMP_FT,A,1995,16.378050843
POL,Incidence of low and high pay,LP_I,PT_EMP_FT,A,1995,16.51231534
POL,Incidence of low and high pay,LP_I,PT_EMP_FT,A,1995,13.483012613
POL,Incidence of low and high pay,LP_I,PT_EMP_FT,A,1996,17.345814419
POL,Incidence of low and high pay,LP_I,PT_EMP_FT,A,1996,17.351105907
POL,Incidence of low and high pay,LP_I,PT_EMP_FT,A,1996,14.2
POL,Incidence of low and high pay,LP_I,PT_EMP_FT,A,1997,17.534355881
POL,Incidence of low and high pay,LP_I,PT_EMP_FT,A,1997,17.045359548
POL,Incidence of low and high pay,LP_I,PT_EMP_FT,A,1997,15.3
POL,Incidence of low and high pay,LP_I,PT_EMP_FT,A,1998,17.722897342
POL,Incidence of low and high pay,LP_I,PT_EMP_FT,A,1998,18.191908396
POL,Incidence of low and high pay,LP_I,PT_EMP_FT,A,1998,14.6
POL,Incidence of low and high pay,LP_I,PT_EMP_FT,A,1999,17.534355881
POL,Incidence of low and high pay,LP_I,PT_EMP_FT,A,1999,17.351105907
POL,Incidence of low and high pay,LP_I,PT_EMP_FT,A,1999,15
POL,Incidence of low and high pay,LP_I,PT_EMP_FT,A,2001,19.369685755
POL,Incidence of low and high pay,LP_I,PT_EMP_FT,A,2001,18.496217288
POL,Incidence of low and high pay,LP_I,PT_EMP_FT,A,2001,17.126003566
POL,Incidence of low and high pay,LP_I,PT_EMP_FT,A,2002,20.800181134
POL,Incidence of low and high pay,LP_I,PT_EMP_FT,A,2002,18.72993608
POL,Incidence of low and high pay,LP_I,PT_EMP_FT,A,2002,19.838976175
POL,Incidence of low and high pay,LP_I,PT_EMP_FT,A,2004,19.8
POL,Incidence of low and high pay,LP_I,PT_EMP_FT,A,2004,24.7
POL,Incidence of low and high pay,LP_I,PT_EMP_FT,A,2004,22.2
POL,Incidence of low and high pay,LP_I,PT_EMP_FT,A,2006,23.451345958
POL,Incidence of low and high pay,LP_I,PT_EMP_FT,A,2006,26.162268633
POL,Incidence of low and high pay,LP_I,PT_EMP_FT,A,2006,20.931171909
POL,Incidence of low and high pay,LP_I,PT_EMP_FT,A,2008,22.964714668
POL,Incidence of low and high pay,LP_I,PT_EMP_FT,A,2008,26.176732359
POL,Incidence of low and high pay,LP_I,PT_EMP_FT,A,2008,19.88298391
POL,Incidence of low and high pay,LP_I,PT_EMP_FT,A,2010,22.690675048
POL,Incidence of low and high pay,LP_I,PT_EMP_FT,A,2010,24.351631862
POL,Incidence of low and high pay,LP_I,PT_EMP_FT,A,2010,21.027685826
POL,Incidence of low and high pay,LP_I,PT_EMP_FT,A,2012,22.403910573
POL,Incidence of low and high pay,LP_I,PT_EMP_FT,A,2012,24.383623051
POL,Incidence of low and high pay,LP_I,PT_EMP_FT,A,2012,20.438587816
POL,Incidence of low and high pay,LP_I,PT_EMP_FT,A,2014,22.6
POL,Incidence of low and high pay,LP_I,PT_EMP_FT,A,2014,24.5
POL,Incidence of low and high pay,LP_I,PT_EMP_FT,A,2014,20.9
POL,Incidence of low and high pay,LP_I,PT_EMP_FT,A,2016,21.671174134
POL,Incidence of low and high pay,LP_I,PT_EMP_FT,A,2016,22.636946169
POL,Incidence of low and high pay,LP_I,PT_EMP_FT,A,2016,20.746087329
POL,Incidence of low and high pay,LP_I,PT_EMP_FT,A,2018,21.109291174
POL,Incidence of low and high pay,LP_I,PT_EMP_FT,A,2018,22.104753841
POL,Incidence of low and high pay,LP_I,PT_EMP_FT,A,2018,20.150523103
POL,Incidence of low and high pay,LP_I,PT_EMP_FT,A,2020,18.9
POL,Incidence of low and high pay,LP_I,PT_EMP_FT,A,2020,19.2
POL,Incidence of low and high pay,LP_I,PT_EMP_FT,A,2020,18.6
POL,Incidence of low and high pay,LP_I,PT_EMP_FT,A,2022,18.5
POL,Incidence of low and high pay,LP_I,PT_EMP_FT,A,2022,19.4
POL,Incidence of low and high pay,LP_I,PT_EMP_FT,A,2022,17.7
POL,Incidence of low and high pay,LP_I,PT_EMP_FT,A,2023,19.97639804
POL,Incidence of low and high pay,LP_I,PT_EMP_FT,A,2023,19.124069992
POL,Incidence of low and high pay,LP_I,PT_EMP_FT,A,2023,19.331143227
PRT,Incidence of low and high pay,LP_I,PT_EMP_FT,A,2002,17.333333333
PRT,Incidence of low and high pay,HP_I,PT_EMP_FT,A,2002,25.999958306
PRT,Incidence of low and high pay,HP_I,PT_EMP_FT,A,2002,19.999046554
PRT,Incidence of low and high pay,HP_I,PT_EMP_FT,A,2002,29.999941629
PRT,Incidence of low and high pay,LP_I,PT_EMP_FT,A,2002,25.75
PRT,Incidence of low and high pay,LP_I,PT_EMP_FT,A,2002,12
PRT,Incidence of low and high pay,LP_I,PT_EMP_FT,A,2006,20.714285714
PRT,Incidence of low and high pay,HP_I,PT_EMP_FT,A,2006,28.999794307
PRT,Incidence of low and high pay,HP_I,PT_EMP_FT,A,2006,27.999694971
PRT,Incidence of low and high pay,HP_I,PT_EMP_FT,A,2006,29.999742898
PRT,Incidence of low and high pay,LP_I,PT_EMP_FT,A,2006,27
PRT,Incidence of low and high pay,LP_I,PT_EMP_FT,A,2006,15
PRT,Incidence of low and high pay,LP_I,PT_EMP_FT,A,2010,15.888888889
PRT,Incidence of low and high pay,HP_I,PT_EMP_FT,A,2010,31.999908363
PRT,Incidence of low and high pay,HP_I,PT_EMP_FT,A,2010,29.999662709
PRT,Incidence of low and high pay,LP_I,PT_EMP_FT,A,2010,22.388888889
PRT,Incidence of low and high pay,LP_I,PT_EMP_FT,A,2010,9.9047619048
PRT,Incidence of low and high pay,HP_I,PT_EMP_FT,A,2010,32.999979883
PRT,Incidence of low and high pay,LP_I,PT_EMP_FT,A,2014,11.571428571
PRT,Incidence of low and high pay,HP_I,PT_EMP_FT,A,2014,30.999614026
PRT,Incidence of low and high pay,HP_I,PT_EMP_FT,A,2014,28.998646934
PRT,Incidence of low and high pay,HP_I,PT_EMP_FT,A,2014,32.999762442
PRT,Incidence of low and high pay,LP_I,PT_EMP_FT,A,2014,16.5
PRT,Incidence of low and high pay,LP_I,PT_EMP_FT,A,2014,6.3
PRT,Incidence of low and high pay,HP_I,PT_EMP_FT,A,2018,27.999972307
PRT,Incidence of low and high pay,HP_I,PT_EMP_FT,A,2018,26.999630619
PRT,Incidence of low and high pay,LP_I,PT_EMP_FT,A,2018,3.0666666667
PRT,Incidence of low and high pay,HP_I,PT_EMP_FT,A,2018,28.999977342
PRT,Incidence of low and high pay,LP_I,PT_EMP_FT,A,2018,4.16
PRT,Incidence of low and high pay,LP_I,PT_EMP_FT,A,2022,4.8751123856
PRT,Incidence of low and high pay,LP_I,PT_EMP_FT,A,2022,5.9926235734
PRT,Incidence of low and high pay,HP_I,PT_EMP_FT,A,2022,29.698750715
PRT,Incidence of low and high pay,HP_I,PT_EMP_FT,A,2022,28.730597896
PRT,Incidence of low and high pay,HP_I,PT_EMP_FT,A,2022,31.328169322
PRT,Incidence of low and high pay,LP_I,PT_EMP_FT,A,2023,5.0629448717
PRT,Incidence of low and high pay,LP_I,PT_EMP_FT,A,2023,5.8604046035
PRT,Incidence of low and high pay,HP_I,PT_EMP_FT,A,2023,31.616121894
PRT,Incidence of low and high pay,HP_I,PT_EMP_FT,A,2023,30.097757968
PRT,Incidence of low and high pay,HP_I,PT_EMP_FT,A,2023,32.199517164
ROU,Incidence of low and high pay,LP_I,PT_EMP_FT,A,2002,26.565705128
ROU,Incidence of low and high pay,HP_I,PT_EMP_FT,A,2002,27.999825625
ROU,Incidence of low and high pay,HP_I,PT_EMP_FT,A,2002,23.998622281
ROU,Incidence of low and high pay,LP_I,PT_EMP_FT,A,2002,29.947008547
ROU,Incidence of low and high pay,LP_I,PT_EMP_FT,A,2002,23.55351682
ROU,Incidence of low and high pay,HP_I,PT_EMP_FT,A,2002,31.999967829
ROU,Incidence of low and high pay,LP_I,PT_EMP_FT,A,2006,26.916666667
ROU,Incidence of low and high pay,HP_I,PT_EMP_FT,A,2006,28.99988806
ROU,Incidence of low and high pay,LP_I,PT_EMP_FT,A,2006,28.166666667
ROU,Incidence of low and high pay,LP_I,PT_EMP_FT,A,2006,26.166666667
ROU,Incidence of low and high pay,HP_I,PT_EMP_FT,A,2006,30
ROU,Incidence of low and high pay,HP_I,PT_EMP_FT,A,2006,27
ROU,Incidence of low and high pay,LP_I,PT_EMP_FT,A,2010,24.933333333
ROU,Incidence of low and high pay,HP_I,PT_EMP_FT,A,2010,28.999706694
ROU,Incidence of low and high pay,HP_I,PT_EMP_FT,A,2010,24.999982742
ROU,Incidence of low and high pay,LP_I,PT_EMP_FT,A,2010,25.416666667
ROU,Incidence of low and high pay,LP_I,PT_EMP_FT,A,2010,24.611111111
ROU,Incidence of low and high pay,HP_I,PT_EMP_FT,A,2010,31.99960625
ROU,Incidence of low and high pay,LP_I,PT_EMP_FT,A,2014,24.066666667
ROU,Incidence of low and high pay,HP_I,PT_EMP_FT,A,2014,28.999807812
ROU,Incidence of low and high pay,HP_I,PT_EMP_FT,A,2014,27.999751355
ROU,Incidence of low and high pay,LP_I,PT_EMP_FT,A,2014,21.777777778
ROU,Incidence of low and high pay,LP_I,PT_EMP_FT,A,2014,26.055555556
ROU,Incidence of low and high pay,HP_I,PT_EMP_FT,A,2014,29.999759777
ROU,Incidence of low and high pay,LP_I,PT_EMP_FT,A,2018,20.777777778
ROU,Incidence of low and high pay,HP_I,PT_EMP_FT,A,2018,26.999986781
ROU,Incidence of low and high pay,HP_I,PT_EMP_FT,A,2018,26.999908025
ROU,Incidence of low and high pay,LP_I,PT_EMP_FT,A,2018,18.777777778
ROU,Incidence of low and high pay,LP_I,PT_EMP_FT,A,2018,22.611111111
ROU,Incidence of low and high pay,HP_I,PT_EMP_FT,A,2018,27
ROU,Incidence of low and high pay,LP_I,PT_EMP_FT,A,2022,39.495276344
ROU,Incidence of low and high pay,LP_I,PT_EMP_FT,A,2022,36.05831655
ROU,Incidence of low and high pay,HP_I,PT_EMP_FT,A,2022,23.418098807
ROU,Incidence of low and high pay,HP_I,PT_EMP_FT,A,2022,24.866902942
ROU,Incidence of low and high pay,LP_I,PT_EMP_FT,A,2022,32.06716183
ROU,Incidence of low and high pay,HP_I,PT_EMP_FT,A,2022,21.4230985
ROU,Incidence of low and high pay,LP_I,PT_EMP_FT,A,2023,22.550839573
ROU,Incidence of low and high pay,LP_I,PT_EMP_FT,A,2023,18.455056156
ROU,Incidence of low and high pay,HP_I,PT_EMP_FT,A,2023,28.392384005
ROU,Incidence of low and high pay,HP_I,PT_EMP_FT,A,2023,28.818681704
ROU,Incidence of low and high pay,LP_I,PT_EMP_FT,A,2023,19.673785293
ROU,Incidence of low and high pay,HP_I,PT_EMP_FT,A,2023,22.980236191
SVK,Incidence of low and high pay,LP_I,PT_EMP_FT,A,2002,17.00510153
SVK,Incidence of low and high pay,LP_I,PT_EMP_FT,A,2002,24.007202161
SVK,Incidence of low and high pay,LP_I,PT_EMP_FT,A,2002,11.00330099
SVK,Incidence of low and high pay,LP_I,PT_EMP_FT,A,2003,18
SVK,Incidence of low and high pay,LP_I,PT_EMP_FT,A,2003,25
SVK,Incidence of low and high pay,LP_I,PT_EMP_FT,A,2003,11
SVK,Incidence of low and high pay,LP_I,PT_EMP_FT,A,2004,18.00180018
SVK,Incidence of low and high pay,LP_I,PT_EMP_FT,A,2004,25.00250025
SVK,Incidence of low and high pay,LP_I,PT_EMP_FT,A,2004,12.00120012
SVK,Incidence of low and high pay,LP_I,PT_EMP_FT,A,2005,18
SVK,Incidence of low and high pay,LP_I,PT_EMP_FT,A,2005,25
SVK,Incidence of low and high pay,LP_I,PT_EMP_FT,A,2005,11
SVK,Incidence of low and high pay,LP_I,PT_EMP_FT,A,2006,17.99640072
SVK,Incidence of low and high pay,LP_I,PT_EMP_FT,A,2006,23.99520096
SVK,Incidence of low and high pay,LP_I,PT_EMP_FT,A,2006,12.99740052
SVK,Incidence of low and high pay,LP_I,PT_EMP_FT,A,2007,18
SVK,Incidence of low and high pay,LP_I,PT_EMP_FT,A,2007,24
SVK,Incidence of low and high pay,LP_I,PT_EMP_FT,A,2007,13
SVK,Incidence of low and high pay,LP_I,PT_EMP_FT,A,2008,19.00190019
SVK,Incidence of low and high pay,LP_I,PT_EMP_FT,A,2008,24.00240024
SVK,Incidence of low and high pay,LP_I,PT_EMP_FT,A,2008,15.00150015
SVK,Incidence of low and high pay,LP_I,PT_EMP_FT,A,2009,19.9960008
SVK,Incidence of low and high pay,LP_I,PT_EMP_FT,A,2009,24.995001
SVK,Incidence of low and high pay,LP_I,PT_EMP_FT,A,2009,14.9970006
SVK,Incidence of low and high pay,LP_I,PT_EMP_FT,A,2010,20.0020002
SVK,Incidence of low and high pay,LP_I,PT_EMP_FT,A,2010,24.00240024
SVK,Incidence of low and high pay,LP_I,PT_EMP_FT,A,2010,16.00160016
SVK,Incidence of low and high pay,LP_I,PT_EMP_FT,A,2011,20
SVK,Incidence of low and high pay,LP_I,PT_EMP_FT,A,2011,24
SVK,Incidence of low and high pay,LP_I,PT_EMP_FT,A,2011,16
SVK,Incidence of low and high pay,LP_I,PT_EMP_FT,A,2012,18.99810019
SVK,Incidence of low and high pay,LP_I,PT_EMP_FT,A,2012,23.99760024
SVK,Incidence of low and high pay,LP_I,PT_EMP_FT,A,2012,15.99840016
SVK,Incidence of low and high pay,LP_I,PT_EMP_FT,A,2013,20
SVK,Incidence of low and high pay,LP_I,PT_EMP_FT,A,2013,23
SVK,Incidence of low and high pay,LP_I,PT_EMP_FT,A,2013,17
SVK,Incidence of low and high pay,LP_I,PT_EMP_FT,A,2014,16
SVK,Incidence of low and high pay,LP_I,PT_EMP_FT,A,2014,24
SVK,Incidence of low and high pay,LP_I,PT_EMP_FT,A,2014,20
SVK,Incidence of low and high pay,LP_I,PT_EMP_FT,A,2015,19
SVK,Incidence of low and high pay,LP_I,PT_EMP_FT,A,2015,23
SVK,Incidence of low and high pay,LP_I,PT_EMP_FT,A,2015,17
SVK,Incidence of low and high pay,LP_I,PT_EMP_FT,A,2016,16
SVK,Incidence of low and high pay,LP_I,PT_EMP_FT,A,2016,22
SVK,Incidence of low and high pay,LP_I,PT_EMP_FT,A,2016,19
SVK,Incidence of low and high pay,LP_I,PT_EMP_FT,A,2017,17.99976132
SVK,Incidence of low and high pay,LP_I,PT_EMP_FT,A,2017,21.99970828
SVK,Incidence of low and high pay,LP_I,PT_EMP_FT,A,2017,14.9998011
SVK,Incidence of low and high pay,LP_I,PT_EMP_FT,A,2018,15
SVK,Incidence of low and high pay,LP_I,PT_EMP_FT,A,2018,21
SVK,Incidence of low and high pay,LP_I,PT_EMP_FT,A,2018,18
SVK,Incidence of low and high pay,LP_I,PT_EMP_FT,A,2019,16
SVK,Incidence of low and high pay,LP_I,PT_EMP_FT,A,2019,19
SVK,Incidence of low and high pay,LP_I,PT_EMP_FT,A,2019,14
SVK,Incidence of low and high pay,LP_I,PT_EMP_FT,A,2020,14
SVK,Incidence of low and high pay,LP_I,PT_EMP_FT,A,2020,17
SVK,Incidence of low and high pay,LP_I,PT_EMP_FT,A,2020,16
SVK,Incidence of low and high pay,LP_I,PT_EMP_FT,A,2021,14
SVK,Incidence of low and high pay,LP_I,PT_EMP_FT,A,2021,15
SVK,Incidence of low and high pay,LP_I,PT_EMP_FT,A,2021,17
SVK,Incidence of low and high pay,LP_I,PT_EMP_FT,A,2022,13
SVK,Incidence of low and high pay,LP_I,PT_EMP_FT,A,2022,17
SVK,Incidence of low and high pay,LP_I,PT_EMP_FT,A,2022,15
SVK,Incidence of low and high pay,LP_I,PT_EMP_FT,A,2023,16
SVK,Incidence of low and high pay,LP_I,PT_EMP_FT,A,2023,18
SVK,Incidence of low and high pay,LP_I,PT_EMP_FT,A,2023,13
SVK,Incidence of low and high pay,LP_I,PT_EMP_FT,A,2024,13
SVK,Incidence of low and high pay,LP_I,PT_EMP_FT,A,2024,18
SVK,Incidence of low and high pay,LP_I,PT_EMP_FT,A,2024,16
SVN,Incidence of low and high pay,LP_I,PT_EMP_FT,A,2002,19.858819584
SVN,Incidence of low and high pay,HP_I,PT_EMP_FT,A,2002,22.999785875
SVN,Incidence of low and high pay,HP_I,PT_EMP_FT,A,2002,21.999742179
SVN,Incidence of low and high pay,LP_I,PT_EMP_FT,A,2002,24.016069789
SVN,Incidence of low and high pay,LP_I,PT_EMP_FT,A,2002,16.148188016
SVN,Incidence of low and high pay,HP_I,PT_EMP_FT,A,2002,23.999687781
SVN,Incidence of low and high pay,LP_I,PT_EMP_FT,A,2006,19.966666667
SVN,Incidence of low and high pay,HP_I,PT_EMP_FT,A,2006,23.999026071
SVN,Incidence of low and high pay,HP_I,PT_EMP_FT,A,2006,23.998277491
SVN,Incidence of low and high pay,LP_I,PT_EMP_FT,A,2006,24.407407407
SVN,Incidence of low and high pay,LP_I,PT_EMP_FT,A,2006,16.055555556
SVN,Incidence of low and high pay,HP_I,PT_EMP_FT,A,2006,23.999175783
SVN,Incidence of low and high pay,LP_I,PT_EMP_FT,A,2010,17.769230769
SVN,Incidence of low and high pay,HP_I,PT_EMP_FT,A,2010,22.999962684
SVN,Incidence of low and high pay,HP_I,PT_EMP_FT,A,2010,24.999202948
SVN,Incidence of low and high pay,LP_I,PT_EMP_FT,A,2010,15.857142857
SVN,Incidence of low and high pay,HP_I,PT_EMP_FT,A,2010,21.999937808
SVN,Incidence of low and high pay,LP_I,PT_EMP_FT,A,2010,20.1
SVN,Incidence of low and high pay,LP_I,PT_EMP_FT,A,2014,18.727272727
SVN,Incidence of low and high pay,HP_I,PT_EMP_FT,A,2014,23.99922522
SVN,Incidence of low and high pay,HP_I,PT_EMP_FT,A,2014,22.999682322
SVN,Incidence of low and high pay,LP_I,PT_EMP_FT,A,2014,15.846153846
SVN,Incidence of low and high pay,HP_I,PT_EMP_FT,A,2014,23.999592063
SVN,Incidence of low and high pay,LP_I,PT_EMP_FT,A,2014,22
SVN,Incidence of low and high pay,LP_I,PT_EMP_FT,A,2018,17.055555556
SVN,Incidence of low and high pay,HP_I,PT_EMP_FT,A,2018,21.999749243
SVN,Incidence of low and high pay,HP_I,PT_EMP_FT,A,2018,19.999883836
SVN,Incidence of low and high pay,LP_I,PT_EMP_FT,A,2018,20.606060606
SVN,Incidence of low and high pay,LP_I,PT_EMP_FT,A,2018,13.904761905
SVN,Incidence of low and high pay,HP_I,PT_EMP_FT,A,2018,23.999394218
SVN,Incidence of low and high pay,LP_I,PT_EMP_FT,A,2022,11.605376482
SVN,Incidence of low and high pay,LP_I,PT_EMP_FT,A,2022,19.735350551
SVN,Incidence of low and high pay,LP_I,PT_EMP_FT,A,2022,15.591132235
SVN,Incidence of low and high pay,HP_I,PT_EMP_FT,A,2022,24.725024592
SVN,Incidence of low and high pay,HP_I,PT_EMP_FT,A,2022,16.300611004
SVN,Incidence of low and high pay,HP_I,PT_EMP_FT,A,2022,20.42835331
SVN,Incidence of low and high pay,LP_I,PT_EMP_FT,A,2023,11.445267114
SVN,Incidence of low and high pay,LP_I,PT_EMP_FT,A,2023,20.796885337
SVN,Incidence of low and high pay,LP_I,PT_EMP_FT,A,2023,13.802093485
SVN,Incidence of low and high pay,HP_I,PT_EMP_FT,A,2023,25.731605378
SVN,Incidence of low and high pay,HP_I,PT_EMP_FT,A,2023,21.956029809
SVN,Incidence of low and high pay,HP_I,PT_EMP_FT,A,2023,16.137198314
TUR,Incidence of low and high pay,LP_I,PT_EMP_FT,A,2006,0.5248756219
TUR,Incidence of low and high pay,HP_I,PT_EMP_FT,A,2006,32.999422252
TUR,Incidence of low and high pay,HP_I,PT_EMP_FT,A,2006,29.999902604
TUR,Incidence of low and high pay,LP_I,PT_EMP_FT,A,2006,0.3260869565
TUR,Incidence of low and high pay,LP_I,PT_EMP_FT,A,2006,0.5248756219
TUR,Incidence of low and high pay,HP_I,PT_EMP_FT,A,2006,32.999972473
TUR,Incidence of low and high pay,LP_I,PT_EMP_FT,A,2010,0.69348659
TUR,Incidence of low and high pay,HP_I,PT_EMP_FT,A,2010,31.999863427
TUR,Incidence of low and high pay,HP_I,PT_EMP_FT,A,2010,29.99973982
TUR,Incidence of low and high pay,LP_I,PT_EMP_FT,A,2010,0.6882951654
TUR,Incidence of low and high pay,LP_I,PT_EMP_FT,A,2010,0.69348659
TUR,Incidence of low and high pay,HP_I,PT_EMP_FT,A,2010,32.999742061
TUR,Incidence of low and high pay,LP_I,PT_EMP_FT,A,2014,0.774122807
TUR,Incidence of low and high pay,HP_I,PT_EMP_FT,A,2014,27.999751993
TUR,Incidence of low and high pay,HP_I,PT_EMP_FT,A,2014,25.999701975
TUR,Incidence of low and high pay,LP_I,PT_EMP_FT,A,2014,0.750929368
TUR,Incidence of low and high pay,LP_I,PT_EMP_FT,A,2014,0.774122807
TUR,Incidence of low and high pay,HP_I,PT_EMP_FT,A,2014,28
TUR,Incidence of low and high pay,LP_I,PT_EMP_FT,A,2018,0.9642445213
TUR,Incidence of low and high pay,HP_I,PT_EMP_FT,A,2018,28.999700064
TUR,Incidence of low and high pay,HP_I,PT_EMP_FT,A,2018,26.999161493
TUR,Incidence of low and high pay,LP_I,PT_EMP_FT,A,2018,0.9342891278
TUR,Incidence of low and high pay,LP_I,PT_EMP_FT,A,2018,0.9642445213
TUR,Incidence of low and high pay,HP_I,PT_EMP_FT,A,2018,29.999700064
USA,Incidence of low and high pay,LP_I,PT_EMP_FT,A,1973,21.656793049
USA,Incidence of low and high pay,LP_I,PT_EMP_FT,A,1973,40.867528992
USA,Incidence of low and high pay,LP_I,PT_EMP_FT,A,1973,11.118586019
USA,Incidence of low and high pay,LP_I,PT_EMP_FT,A,1974,21.022512767
USA,Incidence of low and high pay,LP_I,PT_EMP_FT,A,1974,39.600022408
USA,Incidence of low and high pay,LP_I,PT_EMP_FT,A,1974,10.810394729
USA,Incidence of low and high pay,LP_I,PT_EMP_FT,A,1975,22.627491382
USA,Incidence of low and high pay,LP_I,PT_EMP_FT,A,1975,40.422230842
USA,Incidence of low and high pay,LP_I,PT_EMP_FT,A,1975,12.720488467
USA,Incidence of low and high pay,LP_I,PT_EMP_FT,A,1976,22.816118753
USA,Incidence of low and high pay,LP_I,PT_EMP_FT,A,1976,40.439932318
USA,Incidence of low and high pay,LP_I,PT_EMP_FT,A,1976,12.5840833
USA,Incidence of low and high pay,LP_I,PT_EMP_FT,A,1977,23.014490605
USA,Incidence of low and high pay,LP_I,PT_EMP_FT,A,1977,40.331188588
USA,Incidence of low and high pay,LP_I,PT_EMP_FT,A,1977,12.778629555
USA,Incidence of low and high pay,LP_I,PT_EMP_FT,A,1978,23.205950721
USA,Incidence of low and high pay,LP_I,PT_EMP_FT,A,1978,40.519558077
USA,Incidence of low and high pay,LP_I,PT_EMP_FT,A,1978,12.874109264
USA,Incidence of low and high pay,LP_I,PT_EMP_FT,A,1979,21.914872619
USA,Incidence of low and high pay,LP_I,PT_EMP_FT,A,1979,37.441963299
USA,Incidence of low and high pay,LP_I,PT_EMP_FT,A,1979,12.290477278
USA,Incidence of low and high pay,LP_I,PT_EMP_FT,A,1980,21.979613277
USA,Incidence of low and high pay,LP_I,PT_EMP_FT,A,1980,36.443043021
USA,Incidence of low and high pay,LP_I,PT_EMP_FT,A,1980,12.668627176
USA,Incidence of low and high pay,LP_I,PT_EMP_FT,A,1981,22.07553937
USA,Incidence of low and high pay,LP_I,PT_EMP_FT,A,1981,35.83315852
USA,Incidence of low and high pay,LP_I,PT_EMP_FT,A,1981,13.112923806
USA,Incidence of low and high pay,LP_I,PT_EMP_FT,A,1982,22.503685643
USA,Incidence of low and high pay,LP_I,PT_EMP_FT,A,1982,35.132840415
USA,Incidence of low and high pay,LP_I,PT_EMP_FT,A,1982,14.063719577
USA,Incidence of low and high pay,LP_I,PT_EMP_FT,A,1983,20.404367735
USA,Incidence of low and high pay,LP_I,PT_EMP_FT,A,1983,30.814845821
USA,Incidence of low and high pay,LP_I,PT_EMP_FT,A,1983,13.353817065
USA,Incidence of low and high pay,LP_I,PT_EMP_FT,A,1984,21.556246746
USA,Incidence of low and high pay,LP_I,PT_EMP_FT,A,1984,31.962851572
USA,Incidence of low and high pay,LP_I,PT_EMP_FT,A,1984,14.500055985
USA,Incidence of low and high pay,LP_I,PT_EMP_FT,A,1985,23.733832009
USA,Incidence of low and high pay,LP_I,PT_EMP_FT,A,1985,34.459050832
USA,Incidence of low and high pay,LP_I,PT_EMP_FT,A,1985,16.346048389
USA,Incidence of low and high pay,LP_I,PT_EMP_FT,A,1986,23.393499054
USA,Incidence of low and high pay,LP_I,PT_EMP_FT,A,1986,33.352823511
USA,Incidence of low and high pay,LP_I,PT_EMP_FT,A,1986,16.393407164
USA,Incidence of low and high pay,LP_I,PT_EMP_FT,A,1987,23.60399812
USA,Incidence of low and high pay,LP_I,PT_EMP_FT,A,1987,33.287801402
USA,Incidence of low and high pay,LP_I,PT_EMP_FT,A,1987,16.691050188
USA,Incidence of low and high pay,LP_I,PT_EMP_FT,A,1988,24.119916315
USA,Incidence of low and high pay,LP_I,PT_EMP_FT,A,1988,33.503636993
USA,Incidence of low and high pay,LP_I,PT_EMP_FT,A,1988,17.353479853
USA,Incidence of low and high pay,LP_I,PT_EMP_FT,A,1989,23.531429247
USA,Incidence of low and high pay,LP_I,PT_EMP_FT,A,1989,32.171544122
USA,Incidence of low and high pay,LP_I,PT_EMP_FT,A,1989,17.24652189
USA,Incidence of low and high pay,LP_I,PT_EMP_FT,A,1990,22.963189319
USA,Incidence of low and high pay,LP_I,PT_EMP_FT,A,1990,31.329710547
USA,Incidence of low and high pay,LP_I,PT_EMP_FT,A,1990,16.803019484
USA,Incidence of low and high pay,LP_I,PT_EMP_FT,A,1991,22.556390977
USA,Incidence of low and high pay,LP_I,PT_EMP_FT,A,1991,30.080867075
USA,Incidence of low and high pay,LP_I,PT_EMP_FT,A,1991,16.963055729
USA,Incidence of low and high pay,LP_I,PT_EMP_FT,A,1992,23.150238871
USA,Incidence of low and high pay,LP_I,PT_EMP_FT,A,1992,30.06590013
USA,Incidence of low and high pay,LP_I,PT_EMP_FT,A,1992,17.910478936
USA,Incidence of low and high pay,LP_I,PT_EMP_FT,A,1993,23.921232676
USA,Incidence of low and high pay,LP_I,PT_EMP_FT,A,1993,30.809753978
USA,Incidence of low and high pay,LP_I,PT_EMP_FT,A,1993,18.679728836
USA,Incidence of low and high pay,LP_I,PT_EMP_FT,A,1994,25.059796976
USA,Incidence of low and high pay,LP_I,PT_EMP_FT,A,1994,32.014657893
USA,Incidence of low and high pay,LP_I,PT_EMP_FT,A,1994,19.858780229
USA,Incidence of low and high pay,LP_I,PT_EMP_FT,A,1995,25.166045048
USA,Incidence of low and high pay,LP_I,PT_EMP_FT,A,1995,32.498686285
USA,Incidence of low and high pay,LP_I,PT_EMP_FT,A,1995,19.718474844
USA,Incidence of low and high pay,LP_I,PT_EMP_FT,A,1996,25.118238413
USA,Incidence of low and high pay,LP_I,PT_EMP_FT,A,1996,32.186146631
USA,Incidence of low and high pay,LP_I,PT_EMP_FT,A,1996,19.803449273
USA,Incidence of low and high pay,LP_I,PT_EMP_FT,A,1997,24.873367672
USA,Incidence of low and high pay,LP_I,PT_EMP_FT,A,1997,31.825164775
USA,Incidence of low and high pay,LP_I,PT_EMP_FT,A,1997,19.603532507
USA,Incidence of low and high pay,LP_I,PT_EMP_FT,A,1998,24.528222938
USA,Incidence of low and high pay,LP_I,PT_EMP_FT,A,1998,31.456047283
USA,Incidence of low and high pay,LP_I,PT_EMP_FT,A,1998,19.260582181
USA,Incidence of low and high pay,LP_I,PT_EMP_FT,A,1999,24.452502407
USA,Incidence of low and high pay,LP_I,PT_EMP_FT,A,1999,31.63536979
USA,Incidence of low and high pay,LP_I,PT_EMP_FT,A,1999,18.928616734
USA,Incidence of low and high pay,LP_I,PT_EMP_FT,A,2000,24.70186047
USA,Incidence of low and high pay,LP_I,PT_EMP_FT,A,2000,31.713676764
USA,Incidence of low and high pay,LP_I,PT_EMP_FT,A,2000,19.285188947
USA,Incidence of low and high pay,LP_I,PT_EMP_FT,A,2001,23.771773555
USA,Incidence of low and high pay,LP_I,PT_EMP_FT,A,2001,30.500384563
USA,Incidence of low and high pay,LP_I,PT_EMP_FT,A,2001,18.53787279
USA,Incidence of low and high pay,LP_I,PT_EMP_FT,A,2002,23.495203837
USA,Incidence of low and high pay,LP_I,PT_EMP_FT,A,2002,29.559173221
USA,Incidence of low and high pay,LP_I,PT_EMP_FT,A,2002,18.786383643
USA,Incidence of low and high pay,LP_I,PT_EMP_FT,A,2003,23.268496456
USA,Incidence of low and high pay,LP_I,PT_EMP_FT,A,2003,29.088392776
USA,Incidence of low and high pay,LP_I,PT_EMP_FT,A,2003,18.705535003
USA,Incidence of low and high pay,LP_I,PT_EMP_FT,A,2004,23.851579634
USA,Incidence of low and high pay,LP_I,PT_EMP_FT,A,2004,29.498891954
USA,Incidence of low and high pay,LP_I,PT_EMP_FT,A,2004,19.470175439
USA,Incidence of low and high pay,LP_I,PT_EMP_FT,A,2005,23.964388482
USA,Incidence of low and high pay,LP_I,PT_EMP_FT,A,2005,29.436385782
USA,Incidence of low and high pay,LP_I,PT_EMP_FT,A,2005,19.733936001
USA,Incidence of low and high pay,LP_I,PT_EMP_FT,A,2006,24.222004411
USA,Incidence of low and high pay,LP_I,PT_EMP_FT,A,2006,29.743954788
USA,Incidence of low and high pay,LP_I,PT_EMP_FT,A,2006,19.937736418
USA,Incidence of low and high pay,LP_I,PT_EMP_FT,A,2007,24.535122042
USA,Incidence of low and high pay,LP_I,PT_EMP_FT,A,2007,30.18707483
USA,Incidence of low and high pay,LP_I,PT_EMP_FT,A,2007,20.12106136
USA,Incidence of low and high pay,LP_I,PT_EMP_FT,A,2008,24.513582192
USA,Incidence of low and high pay,LP_I,PT_EMP_FT,A,2008,29.886250503
USA,Incidence of low and high pay,LP_I,PT_EMP_FT,A,2008,20.242601659
USA,Incidence of low and high pay,LP_I,PT_EMP_FT,A,2009,24.842480642
USA,Incidence of low and high pay,LP_I,PT_EMP_FT,A,2009,29.859992843
USA,Incidence of low and high pay,LP_I,PT_EMP_FT,A,2009,20.757798465
USA,Incidence of low and high pay,LP_I,PT_EMP_FT,A,2010,25.291121181
USA,Incidence of low and high pay,LP_I,PT_EMP_FT,A,2010,29.899712178
USA,Incidence of low and high pay,LP_I,PT_EMP_FT,A,2010,21.567381039
USA,Incidence of low and high pay,LP_I,PT_EMP_FT,A,2011,25.147822971
USA,Incidence of low and high pay,LP_I,PT_EMP_FT,A,2011,29.310344828
USA,Incidence of low and high pay,LP_I,PT_EMP_FT,A,2011,21.837088388
USA,Incidence of low and high pay,LP_I,PT_EMP_FT,A,2012,25.291003231
USA,Incidence of low and high pay,LP_I,PT_EMP_FT,A,2012,30.075667591
USA,Incidence of low and high pay,LP_I,PT_EMP_FT,A,2012,21.495278161
USA,Incidence of low and high pay,LP_I,PT_EMP_FT,A,2013,25.046277203
USA,Incidence of low and high pay,LP_I,PT_EMP_FT,A,2013,29.213046016
USA,Incidence of low and high pay,LP_I,PT_EMP_FT,A,2013,21.722187737
USA,Incidence of low and high pay,LP_I,PT_EMP_FT,A,2014,24.927481812
USA,Incidence of low and high pay,LP_I,PT_EMP_FT,A,2014,29.540964802
USA,Incidence of low and high pay,LP_I,PT_EMP_FT,A,2014,21.27333894
USA,Incidence of low and high pay,LP_I,PT_EMP_FT,A,2015,25.020856061
USA,Incidence of low and high pay,LP_I,PT_EMP_FT,A,2015,29.805722798
USA,Incidence of low and high pay,LP_I,PT_EMP_FT,A,2015,21.212919369
USA,Incidence of low and high pay,LP_I,PT_EMP_FT,A,2016,24.907732469
USA,Incidence of low and high pay,LP_I,PT_EMP_FT,A,2016,29.454242184
USA,Incidence of low and high pay,LP_I,PT_EMP_FT,A,2016,21.299510746
USA,Incidence of low and high pay,LP_I,PT_EMP_FT,A,2017,24.503182633
USA,Incidence of low and high pay,LP_I,PT_EMP_FT,A,2017,29.073628537
USA,Incidence of low and high pay,LP_I,PT_EMP_FT,A,2017,20.855496102
USA,Incidence of low and high pay,LP_I,PT_EMP_FT,A,2018,29.143
USA,Incidence of low and high pay,LP_I,PT_EMP_FT,A,2018,19.995
USA,Incidence of low and high pay,LP_I,PT_EMP_FT,A,2018,24.065
USA,Incidence of low and high pay,LP_I,PT_EMP_FT,A,2019,23.379881617
USA,Incidence of low and high pay,LP_I,PT_EMP_FT,A,2019,28.614629693
USA,Incidence of low and high pay,LP_I,PT_EMP_FT,A,2019,19.148412503
USA,Incidence of low and high pay,LP_I,PT_EMP_FT,A,2020,28.5
USA,Incidence of low and high pay,LP_I,PT_EMP_FT,A,2020,20
USA,Incidence of low and high pay,LP_I,PT_EMP_FT,A,2020,23.81
USA,Incidence of low and high pay,LP_I,PT_EMP_FT,A,2021,22.69
USA,Incidence of low and high pay,LP_I,PT_EMP_FT,A,2021,19.17
USA,Incidence of low and high pay,LP_I,PT_EMP_FT,A,2021,27.05
USA,Incidence of low and high pay,LP_I,PT_EMP_FT,A,2022,27.35
USA,Incidence of low and high pay,LP_I,PT_EMP_FT,A,2022,18.85
USA,Incidence of low and high pay,LP_I,PT_EMP_FT,A,2022,22.66
USA,Incidence of low and high pay,LP_I,PT_EMP_FT,A,2023,23.275740859
USA,Incidence of low and high pay,LP_I,PT_EMP_FT,A,2023,27.997196038
USA,Incidence of low and high pay,LP_I,PT_EMP_FT,A,2023,19.443195107
USA,Incidence of low and high pay,LP_I,PT_EMP_FT,A,2024,26.872539779
USA,Incidence of low and high pay,LP_I,PT_EMP_FT,A,2024,19.283905309
USA,Incidence of low and high pay,LP_I,PT_EMP_FT,A,2024,22.704328124
